USE `t_tafs`;
INSERT INTO users VALUES ('king23',1,0,0,'Laura King',NULL);
INSERT INTO users VALUES ('lee91',1,0,0,'James Lee',NULL);
INSERT INTO users VALUES ('moore14',1,0,0,'Kathleen Moore',NULL);
INSERT INTO users VALUES ('rodrig1',1,0,0,'Carolyn Rodriguez',NULL);
INSERT INTO users VALUES ('butler64',1,0,0,'Christopher Butler',NULL);
INSERT INTO users VALUES ('brown62',1,0,0,'Dorothy Brown',NULL);
INSERT INTO users VALUES ('brown31',1,0,0,'Michael Brown',NULL);
INSERT INTO users VALUES ('wells8',1,0,0,'Larry Wells',NULL);
INSERT INTO users VALUES ('marsha85',1,0,0,'Debra Marshall',NULL);
INSERT INTO users VALUES ('lee69',1,0,0,'Donald Lee',NULL);
INSERT INTO users VALUES ('garcia0',1,1,0,'Deborah Garcia',NULL);
INSERT INTO users VALUES ('lewis42',1,1,0,'Pamela Lewis',NULL);
INSERT INTO users VALUES ('thomas18',1,1,0,'Melissa Thomas',NULL);
INSERT INTO users VALUES ('thomps90',1,1,0,'Nancy Thompson',NULL);
INSERT INTO users VALUES ('wood60',1,1,0,'Willie Wood',NULL);
INSERT INTO users VALUES ('butler84',1,1,0,'Raymond Butler',NULL);
INSERT INTO users VALUES ('cox48',1,1,0,'Nancy Cox',NULL);
INSERT INTO users VALUES ('sanche21',1,1,0,'Patrick Sanchez',NULL);
INSERT INTO users VALUES ('brown6',1,1,0,'Kimberly Brown',NULL);
INSERT INTO users VALUES ('martin9',1,1,0,'Melissa Martinez',NULL);
INSERT INTO users VALUES ('tucker22',0,1,0,'Dennis Tucker',NULL);
INSERT INTO users VALUES ('robins34',0,1,0,'Jennifer Robinson',NULL);
INSERT INTO users VALUES ('cook19',0,1,0,'Joshua Cook',NULL);
INSERT INTO users VALUES ('miller38',0,1,0,'Elizabeth Miller',NULL);
INSERT INTO users VALUES ('hernan19',0,1,0,'Larry Hernandez',NULL);
INSERT INTO users VALUES ('baker99',0,1,0,'Amy Baker',NULL);
INSERT INTO users VALUES ('barnes59',0,1,0,'Carolyn Barnes',NULL);
INSERT INTO users VALUES ('anders5',0,1,0,'Kimberly Anderson',NULL);
INSERT INTO users VALUES ('james72',0,1,0,'Andrew James',NULL);
INSERT INTO users VALUES ('anders49',0,1,0,'Terry Anderson',NULL);
INSERT INTO users VALUES ('steven62',0,0,1,'Larry Stevens',NULL);
INSERT INTO users VALUES ('ortiz48',0,0,1,'Jose Ortiz',NULL);
INSERT INTO users VALUES ('thomas84',0,0,1,'Jessica Thomas',NULL);
INSERT INTO users VALUES ('turner32',0,0,1,'Jessica Turner',NULL);
INSERT INTO users VALUES ('henry82',0,0,1,'Laura Henry',NULL);
INSERT INTO users VALUES ('price24',0,0,1,'Laura Price',NULL);
INSERT INTO users VALUES ('lopez44',0,0,1,'Karen Lopez',NULL);
INSERT INTO users VALUES ('woods13',0,0,1,'Kenneth Woods',NULL);
INSERT INTO users VALUES ('wright89',0,0,1,'Michelle Wright',NULL);
INSERT INTO users VALUES ('allen89',0,0,1,'Amy Allen',NULL);

INSERT INTO departments VALUES('Mathematics');
INSERT INTO departments VALUES('Computer Science');
INSERT INTO departments VALUES('Psychology');
INSERT INTO departments VALUES('Biology');
INSERT INTO departments VALUES('History');

INSERT INTO courses VALUES('MAT397','MAT397','Mathematics');
INSERT INTO courses VALUES('MAT237','MAT237','Mathematics');
INSERT INTO courses VALUES('MAT179','MAT179','Mathematics');
INSERT INTO courses VALUES('MAT265','MAT265','Mathematics');
INSERT INTO courses VALUES('MAT328','MAT328','Mathematics');
INSERT INTO courses VALUES('MAT136','MAT136','Mathematics');
INSERT INTO courses VALUES('CSC302','CSC302','Computer Science');
INSERT INTO courses VALUES('CSC209','CSC209','Computer Science');
INSERT INTO courses VALUES('CSC124','CSC124','Computer Science');
INSERT INTO courses VALUES('CSC246','CSC246','Computer Science');
INSERT INTO courses VALUES('CSC119','CSC119','Computer Science');
INSERT INTO courses VALUES('PSY359','PSY359','Psychology');
INSERT INTO courses VALUES('PSY144','PSY144','Psychology');
INSERT INTO courses VALUES('PSY262','PSY262','Psychology');
INSERT INTO courses VALUES('PSY256','PSY256','Psychology');
INSERT INTO courses VALUES('PSY335','PSY335','Psychology');
INSERT INTO courses VALUES('PSY133','PSY133','Psychology');
INSERT INTO courses VALUES('BIO231','BIO231','Biology');
INSERT INTO courses VALUES('BIO137','BIO137','Biology');
INSERT INTO courses VALUES('BIO318','BIO318','Biology');
INSERT INTO courses VALUES('BIO203','BIO203','Biology');
INSERT INTO courses VALUES('BIO151','BIO151','Biology');
INSERT INTO courses VALUES('BIO303','BIO303','Biology');
INSERT INTO courses VALUES('BIO199','BIO199','Biology');
INSERT INTO courses VALUES('BIO335','BIO335','Biology');
INSERT INTO courses VALUES('BIO356','BIO356','Biology');
INSERT INTO courses VALUES('HIS284','HIS284','History');
INSERT INTO courses VALUES('HIS205','HIS205','History');
INSERT INTO courses VALUES('HIS363','HIS363','History');
INSERT INTO courses VALUES('HIS315','HIS315','History');
INSERT INTO courses VALUES('HIS189','HIS189','History');
INSERT INTO courses VALUES('HIS399','HIS399','History');

INSERT INTO sections (course_code, term, meeting_time, room, section_code) VALUES('MAT397','201709','2017-09-2','BA1130','LEC0100');
INSERT INTO sections (course_code, term, meeting_time, room, section_code) VALUES('MAT397','201805','2018-05-5','BA1160','LEC0101');
INSERT INTO sections (course_code, term, meeting_time, room, section_code) VALUES('MAT397','201805','2018-05-16','BA1130','LEC0102');
INSERT INTO sections (course_code, term, meeting_time, room, section_code) VALUES('MAT397','201705','2017-05-5','LM159','LEC0103');
INSERT INTO sections (course_code, term, meeting_time, room, section_code) VALUES('MAT237','201705','2017-05-30','LM161','LEC0100');
INSERT INTO sections (course_code, term, meeting_time, room, section_code) VALUES('MAT237','201805','2018-05-3','BA1180','LEC0101');
INSERT INTO sections (course_code, term, meeting_time, room, section_code) VALUES('MAT237','201709','2017-09-6','LM159','LEC0102');
INSERT INTO sections (course_code, term, meeting_time, room, section_code) VALUES('MAT237','201809','2018-09-22','LM159','LEC0103');
INSERT INTO sections (course_code, term, meeting_time, room, section_code) VALUES('MAT237','201809','2018-09-3','LM161','LEC0104');
INSERT INTO sections (course_code, term, meeting_time, room, section_code) VALUES('MAT237','201705','2017-05-2','BA1160','LEC0105');
INSERT INTO sections (course_code, term, meeting_time, room, section_code) VALUES('MAT237','201801','2018-01-24','BA1130','LEC0106');
INSERT INTO sections (course_code, term, meeting_time, room, section_code) VALUES('MAT179','201809','2018-09-13','BA1130','LEC0100');
INSERT INTO sections (course_code, term, meeting_time, room, section_code) VALUES('MAT179','201805','2018-05-21','BA1130','LEC0101');
INSERT INTO sections (course_code, term, meeting_time, room, section_code) VALUES('MAT179','201801','2018-01-11','BA1180','LEC0102');
INSERT INTO sections (course_code, term, meeting_time, room, section_code) VALUES('MAT179','201805','2018-05-28','LM161','LEC0103');
INSERT INTO sections (course_code, term, meeting_time, room, section_code) VALUES('MAT265','201701','2017-01-25','BA1130','LEC0100');
INSERT INTO sections (course_code, term, meeting_time, room, section_code) VALUES('MAT265','201709','2017-09-14','BA1160','LEC0101');
INSERT INTO sections (course_code, term, meeting_time, room, section_code) VALUES('MAT265','201805','2018-05-9','BA1170','LEC0102');
INSERT INTO sections (course_code, term, meeting_time, room, section_code) VALUES('MAT265','201701','2017-01-23','BA1160','LEC0103');
INSERT INTO sections (course_code, term, meeting_time, room, section_code) VALUES('MAT265','201709','2017-09-7','BA1130','LEC0104');
INSERT INTO sections (course_code, term, meeting_time, room, section_code) VALUES('MAT265','201809','2018-09-27','BA1170','LEC0105');
INSERT INTO sections (course_code, term, meeting_time, room, section_code) VALUES('MAT265','201801','2018-01-2','BA1130','LEC0106');
INSERT INTO sections (course_code, term, meeting_time, room, section_code) VALUES('MAT328','201705','2017-05-25','BA1160','LEC0100');
INSERT INTO sections (course_code, term, meeting_time, room, section_code) VALUES('MAT328','201705','2017-05-13','BA1130','LEC0101');
INSERT INTO sections (course_code, term, meeting_time, room, section_code) VALUES('MAT328','201701','2017-01-3','BA1160','LEC0102');
INSERT INTO sections (course_code, term, meeting_time, room, section_code) VALUES('MAT328','201801','2018-01-10','BA1160','LEC0103');
INSERT INTO sections (course_code, term, meeting_time, room, section_code) VALUES('MAT328','201809','2018-09-27','BA1160','LEC0104');
INSERT INTO sections (course_code, term, meeting_time, room, section_code) VALUES('MAT328','201705','2017-05-13','BA1180','LEC0105');
INSERT INTO sections (course_code, term, meeting_time, room, section_code) VALUES('MAT136','201705','2017-05-10','BA1170','LEC0100');
INSERT INTO sections (course_code, term, meeting_time, room, section_code) VALUES('MAT136','201709','2017-09-21','BA1170','LEC0101');
INSERT INTO sections (course_code, term, meeting_time, room, section_code) VALUES('MAT136','201709','2017-09-7','LM161','LEC0102');
INSERT INTO sections (course_code, term, meeting_time, room, section_code) VALUES('MAT136','201805','2018-05-30','BA1170','LEC0103');
INSERT INTO sections (course_code, term, meeting_time, room, section_code) VALUES('MAT136','201801','2018-01-26','BA1180','LEC0104');
INSERT INTO sections (course_code, term, meeting_time, room, section_code) VALUES('MAT136','201801','2018-01-22','LM159','LEC0105');
INSERT INTO sections (course_code, term, meeting_time, room, section_code) VALUES('CSC302','201809','2018-09-26','LM159','LEC0100');
INSERT INTO sections (course_code, term, meeting_time, room, section_code) VALUES('CSC302','201701','2017-01-12','BA1160','LEC0101');
INSERT INTO sections (course_code, term, meeting_time, room, section_code) VALUES('CSC302','201701','2017-01-30','LM161','LEC0102');
INSERT INTO sections (course_code, term, meeting_time, room, section_code) VALUES('CSC302','201805','2018-05-11','BA1130','LEC0103');
INSERT INTO sections (course_code, term, meeting_time, room, section_code) VALUES('CSC302','201709','2017-09-10','BA1180','LEC0104');
INSERT INTO sections (course_code, term, meeting_time, room, section_code) VALUES('CSC302','201809','2018-09-19','BA1130','LEC0105');
INSERT INTO sections (course_code, term, meeting_time, room, section_code) VALUES('CSC209','201709','2017-09-19','LM161','LEC0100');
INSERT INTO sections (course_code, term, meeting_time, room, section_code) VALUES('CSC209','201805','2018-05-27','BA1180','LEC0101');
INSERT INTO sections (course_code, term, meeting_time, room, section_code) VALUES('CSC209','201709','2017-09-3','BA1170','LEC0102');
INSERT INTO sections (course_code, term, meeting_time, room, section_code) VALUES('CSC209','201809','2018-09-20','LM161','LEC0103');
INSERT INTO sections (course_code, term, meeting_time, room, section_code) VALUES('CSC209','201709','2017-09-17','BA1130','LEC0104');
INSERT INTO sections (course_code, term, meeting_time, room, section_code) VALUES('CSC209','201709','2017-09-15','BA1130','LEC0105');
INSERT INTO sections (course_code, term, meeting_time, room, section_code) VALUES('CSC209','201701','2017-01-25','BA1170','LEC0106');
INSERT INTO sections (course_code, term, meeting_time, room, section_code) VALUES('CSC124','201805','2018-05-18','LM159','LEC0100');
INSERT INTO sections (course_code, term, meeting_time, room, section_code) VALUES('CSC124','201705','2017-05-9','BA1130','LEC0101');
INSERT INTO sections (course_code, term, meeting_time, room, section_code) VALUES('CSC124','201705','2017-05-28','LM159','LEC0102');
INSERT INTO sections (course_code, term, meeting_time, room, section_code) VALUES('CSC124','201801','2018-01-2','BA1180','LEC0103');
INSERT INTO sections (course_code, term, meeting_time, room, section_code) VALUES('CSC124','201701','2017-01-7','BA1180','LEC0104');
INSERT INTO sections (course_code, term, meeting_time, room, section_code) VALUES('CSC124','201705','2017-05-11','BA1170','LEC0105');
INSERT INTO sections (course_code, term, meeting_time, room, section_code) VALUES('CSC124','201709','2017-09-14','BA1170','LEC0106');
INSERT INTO sections (course_code, term, meeting_time, room, section_code) VALUES('CSC246','201709','2017-09-9','BA1180','LEC0100');
INSERT INTO sections (course_code, term, meeting_time, room, section_code) VALUES('CSC246','201801','2018-01-30','BA1170','LEC0101');
INSERT INTO sections (course_code, term, meeting_time, room, section_code) VALUES('CSC246','201705','2017-05-12','BA1170','LEC0102');
INSERT INTO sections (course_code, term, meeting_time, room, section_code) VALUES('CSC119','201809','2018-09-30','LM159','LEC0100');
INSERT INTO sections (course_code, term, meeting_time, room, section_code) VALUES('CSC119','201809','2018-09-19','BA1130','LEC0101');
INSERT INTO sections (course_code, term, meeting_time, room, section_code) VALUES('CSC119','201805','2018-05-8','LM161','LEC0102');
INSERT INTO sections (course_code, term, meeting_time, room, section_code) VALUES('PSY359','201801','2018-01-22','BA1180','LEC0100');
INSERT INTO sections (course_code, term, meeting_time, room, section_code) VALUES('PSY359','201705','2017-05-29','BA1170','LEC0101');
INSERT INTO sections (course_code, term, meeting_time, room, section_code) VALUES('PSY359','201805','2018-05-20','LM159','LEC0102');
INSERT INTO sections (course_code, term, meeting_time, room, section_code) VALUES('PSY359','201705','2017-05-18','LM161','LEC0103');
INSERT INTO sections (course_code, term, meeting_time, room, section_code) VALUES('PSY359','201809','2018-09-6','BA1170','LEC0104');
INSERT INTO sections (course_code, term, meeting_time, room, section_code) VALUES('PSY359','201805','2018-05-23','BA1160','LEC0105');
INSERT INTO sections (course_code, term, meeting_time, room, section_code) VALUES('PSY144','201705','2017-05-23','BA1170','LEC0100');
INSERT INTO sections (course_code, term, meeting_time, room, section_code) VALUES('PSY144','201805','2018-05-18','BA1170','LEC0101');
INSERT INTO sections (course_code, term, meeting_time, room, section_code) VALUES('PSY144','201805','2018-05-28','BA1160','LEC0102');
INSERT INTO sections (course_code, term, meeting_time, room, section_code) VALUES('PSY144','201701','2017-01-12','LM159','LEC0103');
INSERT INTO sections (course_code, term, meeting_time, room, section_code) VALUES('PSY144','201709','2017-09-25','BA1180','LEC0104');
INSERT INTO sections (course_code, term, meeting_time, room, section_code) VALUES('PSY262','201701','2017-01-20','BA1170','LEC0100');
INSERT INTO sections (course_code, term, meeting_time, room, section_code) VALUES('PSY262','201701','2017-01-11','LM161','LEC0101');
INSERT INTO sections (course_code, term, meeting_time, room, section_code) VALUES('PSY262','201805','2018-05-26','LM161','LEC0102');
INSERT INTO sections (course_code, term, meeting_time, room, section_code) VALUES('PSY262','201709','2017-09-17','BA1180','LEC0103');
INSERT INTO sections (course_code, term, meeting_time, room, section_code) VALUES('PSY262','201801','2018-01-19','BA1160','LEC0104');
INSERT INTO sections (course_code, term, meeting_time, room, section_code) VALUES('PSY262','201701','2017-01-1','BA1160','LEC0105');
INSERT INTO sections (course_code, term, meeting_time, room, section_code) VALUES('PSY256','201709','2017-09-14','BA1130','LEC0100');
INSERT INTO sections (course_code, term, meeting_time, room, section_code) VALUES('PSY256','201705','2017-05-16','BA1180','LEC0101');
INSERT INTO sections (course_code, term, meeting_time, room, section_code) VALUES('PSY256','201809','2018-09-8','BA1180','LEC0102');
INSERT INTO sections (course_code, term, meeting_time, room, section_code) VALUES('PSY335','201809','2018-09-12','BA1170','LEC0100');
INSERT INTO sections (course_code, term, meeting_time, room, section_code) VALUES('PSY335','201709','2017-09-14','LM161','LEC0101');
INSERT INTO sections (course_code, term, meeting_time, room, section_code) VALUES('PSY335','201701','2017-01-21','LM159','LEC0102');
INSERT INTO sections (course_code, term, meeting_time, room, section_code) VALUES('PSY133','201705','2017-05-27','BA1170','LEC0100');
INSERT INTO sections (course_code, term, meeting_time, room, section_code) VALUES('PSY133','201805','2018-05-18','BA1180','LEC0101');
INSERT INTO sections (course_code, term, meeting_time, room, section_code) VALUES('PSY133','201705','2017-05-17','LM161','LEC0102');
INSERT INTO sections (course_code, term, meeting_time, room, section_code) VALUES('PSY133','201809','2018-09-30','BA1130','LEC0103');
INSERT INTO sections (course_code, term, meeting_time, room, section_code) VALUES('BIO231','201805','2018-05-15','BA1130','LEC0100');
INSERT INTO sections (course_code, term, meeting_time, room, section_code) VALUES('BIO231','201805','2018-05-24','BA1130','LEC0101');
INSERT INTO sections (course_code, term, meeting_time, room, section_code) VALUES('BIO231','201709','2017-09-13','BA1160','LEC0102');
INSERT INTO sections (course_code, term, meeting_time, room, section_code) VALUES('BIO137','201705','2017-05-10','LM159','LEC0100');
INSERT INTO sections (course_code, term, meeting_time, room, section_code) VALUES('BIO137','201709','2017-09-19','BA1130','LEC0101');
INSERT INTO sections (course_code, term, meeting_time, room, section_code) VALUES('BIO137','201701','2017-01-18','BA1170','LEC0102');
INSERT INTO sections (course_code, term, meeting_time, room, section_code) VALUES('BIO137','201701','2017-01-28','LM161','LEC0103');
INSERT INTO sections (course_code, term, meeting_time, room, section_code) VALUES('BIO137','201805','2018-05-19','BA1170','LEC0104');
INSERT INTO sections (course_code, term, meeting_time, room, section_code) VALUES('BIO318','201805','2018-05-6','BA1130','LEC0100');
INSERT INTO sections (course_code, term, meeting_time, room, section_code) VALUES('BIO318','201709','2017-09-12','BA1130','LEC0101');
INSERT INTO sections (course_code, term, meeting_time, room, section_code) VALUES('BIO318','201809','2018-09-23','BA1180','LEC0102');
INSERT INTO sections (course_code, term, meeting_time, room, section_code) VALUES('BIO318','201705','2017-05-15','LM161','LEC0103');
INSERT INTO sections (course_code, term, meeting_time, room, section_code) VALUES('BIO318','201701','2017-01-18','BA1180','LEC0104');
INSERT INTO sections (course_code, term, meeting_time, room, section_code) VALUES('BIO203','201705','2017-05-7','BA1160','LEC0100');
INSERT INTO sections (course_code, term, meeting_time, room, section_code) VALUES('BIO203','201709','2017-09-27','BA1180','LEC0101');
INSERT INTO sections (course_code, term, meeting_time, room, section_code) VALUES('BIO203','201705','2017-05-12','BA1180','LEC0102');
INSERT INTO sections (course_code, term, meeting_time, room, section_code) VALUES('BIO203','201805','2018-05-27','BA1160','LEC0103');
INSERT INTO sections (course_code, term, meeting_time, room, section_code) VALUES('BIO203','201805','2018-05-16','BA1170','LEC0104');
INSERT INTO sections (course_code, term, meeting_time, room, section_code) VALUES('BIO203','201805','2018-05-16','BA1160','LEC0105');
INSERT INTO sections (course_code, term, meeting_time, room, section_code) VALUES('BIO151','201801','2018-01-24','BA1180','LEC0100');
INSERT INTO sections (course_code, term, meeting_time, room, section_code) VALUES('BIO151','201809','2018-09-12','BA1170','LEC0101');
INSERT INTO sections (course_code, term, meeting_time, room, section_code) VALUES('BIO151','201701','2017-01-23','BA1180','LEC0102');
INSERT INTO sections (course_code, term, meeting_time, room, section_code) VALUES('BIO151','201805','2018-05-28','BA1160','LEC0103');
INSERT INTO sections (course_code, term, meeting_time, room, section_code) VALUES('BIO151','201805','2018-05-5','LM159','LEC0104');
INSERT INTO sections (course_code, term, meeting_time, room, section_code) VALUES('BIO151','201801','2018-01-16','LM159','LEC0105');
INSERT INTO sections (course_code, term, meeting_time, room, section_code) VALUES('BIO151','201805','2018-05-18','LM161','LEC0106');
INSERT INTO sections (course_code, term, meeting_time, room, section_code) VALUES('BIO303','201705','2017-05-23','LM159','LEC0100');
INSERT INTO sections (course_code, term, meeting_time, room, section_code) VALUES('BIO303','201709','2017-09-13','BA1130','LEC0101');
INSERT INTO sections (course_code, term, meeting_time, room, section_code) VALUES('BIO303','201809','2018-09-17','BA1130','LEC0102');
INSERT INTO sections (course_code, term, meeting_time, room, section_code) VALUES('BIO303','201801','2018-01-18','LM161','LEC0103');
INSERT INTO sections (course_code, term, meeting_time, room, section_code) VALUES('BIO303','201805','2018-05-16','BA1180','LEC0104');
INSERT INTO sections (course_code, term, meeting_time, room, section_code) VALUES('BIO199','201709','2017-09-15','BA1170','LEC0100');
INSERT INTO sections (course_code, term, meeting_time, room, section_code) VALUES('BIO199','201701','2017-01-18','BA1160','LEC0101');
INSERT INTO sections (course_code, term, meeting_time, room, section_code) VALUES('BIO199','201701','2017-01-3','LM161','LEC0102');
INSERT INTO sections (course_code, term, meeting_time, room, section_code) VALUES('BIO199','201705','2017-05-20','BA1130','LEC0103');
INSERT INTO sections (course_code, term, meeting_time, room, section_code) VALUES('BIO199','201705','2017-05-13','BA1130','LEC0104');
INSERT INTO sections (course_code, term, meeting_time, room, section_code) VALUES('BIO199','201809','2018-09-30','LM161','LEC0105');
INSERT INTO sections (course_code, term, meeting_time, room, section_code) VALUES('BIO335','201701','2017-01-6','BA1180','LEC0100');
INSERT INTO sections (course_code, term, meeting_time, room, section_code) VALUES('BIO335','201709','2017-09-20','LM159','LEC0101');
INSERT INTO sections (course_code, term, meeting_time, room, section_code) VALUES('BIO335','201701','2017-01-2','BA1180','LEC0102');
INSERT INTO sections (course_code, term, meeting_time, room, section_code) VALUES('BIO335','201709','2017-09-14','BA1130','LEC0103');
INSERT INTO sections (course_code, term, meeting_time, room, section_code) VALUES('BIO335','201709','2017-09-10','BA1170','LEC0104');
INSERT INTO sections (course_code, term, meeting_time, room, section_code) VALUES('BIO356','201809','2018-09-19','BA1180','LEC0100');
INSERT INTO sections (course_code, term, meeting_time, room, section_code) VALUES('BIO356','201705','2017-05-13','BA1160','LEC0101');
INSERT INTO sections (course_code, term, meeting_time, room, section_code) VALUES('BIO356','201701','2017-01-10','BA1170','LEC0102');
INSERT INTO sections (course_code, term, meeting_time, room, section_code) VALUES('BIO356','201805','2018-05-30','BA1130','LEC0103');
INSERT INTO sections (course_code, term, meeting_time, room, section_code) VALUES('BIO356','201809','2018-09-11','BA1170','LEC0104');
INSERT INTO sections (course_code, term, meeting_time, room, section_code) VALUES('BIO356','201705','2017-05-5','LM161','LEC0105');
INSERT INTO sections (course_code, term, meeting_time, room, section_code) VALUES('HIS284','201801','2018-01-20','BA1160','LEC0100');
INSERT INTO sections (course_code, term, meeting_time, room, section_code) VALUES('HIS284','201801','2018-01-17','BA1130','LEC0101');
INSERT INTO sections (course_code, term, meeting_time, room, section_code) VALUES('HIS284','201805','2018-05-9','BA1160','LEC0102');
INSERT INTO sections (course_code, term, meeting_time, room, section_code) VALUES('HIS284','201801','2018-01-9','BA1180','LEC0103');
INSERT INTO sections (course_code, term, meeting_time, room, section_code) VALUES('HIS284','201805','2018-05-16','BA1130','LEC0104');
INSERT INTO sections (course_code, term, meeting_time, room, section_code) VALUES('HIS284','201705','2017-05-27','BA1130','LEC0105');
INSERT INTO sections (course_code, term, meeting_time, room, section_code) VALUES('HIS284','201705','2017-05-6','BA1160','LEC0106');
INSERT INTO sections (course_code, term, meeting_time, room, section_code) VALUES('HIS205','201701','2017-01-8','BA1170','LEC0100');
INSERT INTO sections (course_code, term, meeting_time, room, section_code) VALUES('HIS205','201805','2018-05-30','BA1130','LEC0101');
INSERT INTO sections (course_code, term, meeting_time, room, section_code) VALUES('HIS205','201809','2018-09-18','LM161','LEC0102');
INSERT INTO sections (course_code, term, meeting_time, room, section_code) VALUES('HIS205','201801','2018-01-30','BA1160','LEC0103');
INSERT INTO sections (course_code, term, meeting_time, room, section_code) VALUES('HIS363','201805','2018-05-13','LM159','LEC0100');
INSERT INTO sections (course_code, term, meeting_time, room, section_code) VALUES('HIS363','201809','2018-09-29','BA1180','LEC0101');
INSERT INTO sections (course_code, term, meeting_time, room, section_code) VALUES('HIS363','201701','2017-01-3','LM161','LEC0102');
INSERT INTO sections (course_code, term, meeting_time, room, section_code) VALUES('HIS315','201809','2018-09-29','BA1160','LEC0100');
INSERT INTO sections (course_code, term, meeting_time, room, section_code) VALUES('HIS315','201801','2018-01-25','LM161','LEC0101');
INSERT INTO sections (course_code, term, meeting_time, room, section_code) VALUES('HIS315','201809','2018-09-10','BA1170','LEC0102');
INSERT INTO sections (course_code, term, meeting_time, room, section_code) VALUES('HIS315','201709','2017-09-27','BA1170','LEC0103');
INSERT INTO sections (course_code, term, meeting_time, room, section_code) VALUES('HIS315','201805','2018-05-15','BA1180','LEC0104');
INSERT INTO sections (course_code, term, meeting_time, room, section_code) VALUES('HIS315','201809','2018-09-3','BA1130','LEC0105');
INSERT INTO sections (course_code, term, meeting_time, room, section_code) VALUES('HIS189','201805','2018-05-6','LM161','LEC0100');
INSERT INTO sections (course_code, term, meeting_time, room, section_code) VALUES('HIS189','201705','2017-05-13','BA1160','LEC0101');
INSERT INTO sections (course_code, term, meeting_time, room, section_code) VALUES('HIS189','201705','2017-05-17','LM161','LEC0102');
INSERT INTO sections (course_code, term, meeting_time, room, section_code) VALUES('HIS399','201701','2017-01-16','BA1170','LEC0100');
INSERT INTO sections (course_code, term, meeting_time, room, section_code) VALUES('HIS399','201709','2017-09-20','LM161','LEC0101');
INSERT INTO sections (course_code, term, meeting_time, room, section_code) VALUES('HIS399','201709','2017-09-28','BA1160','LEC0102');
INSERT INTO sections (course_code, term, meeting_time, room, section_code) VALUES('HIS399','201809','2018-09-16','BA1130','LEC0103');
INSERT INTO sections (course_code, term, meeting_time, room, section_code) VALUES('HIS399','201709','2017-09-6','LM159','LEC0104');

INSERT INTO user_associations(user_id, course_code, section_id) VALUES ('king23','BIO203',104);
INSERT INTO user_associations(user_id, course_code, section_id) VALUES ('king23','BIO203',102);
INSERT INTO user_associations(user_id, course_code, section_id) VALUES ('king23','BIO203',101);
INSERT INTO user_associations(user_id, course_code, section_id) VALUES ('king23','BIO203',103);
INSERT INTO user_associations(user_id, course_code, section_id) VALUES ('king23','BIO318',100);
INSERT INTO user_associations(user_id, course_code, section_id) VALUES ('king23','BIO318',98);
INSERT INTO user_associations(user_id, course_code, section_id) VALUES ('king23','BIO318',97);
INSERT INTO user_associations(user_id, course_code, section_id) VALUES ('king23','BIO318',99);
INSERT INTO user_associations(user_id, course_code, section_id) VALUES ('king23','BIO203',102);
INSERT INTO user_associations(user_id, course_code, section_id) VALUES ('king23','BIO203',105);
INSERT INTO user_associations(user_id, course_code, section_id) VALUES ('king23','BIO203',105);
INSERT INTO user_associations(user_id, course_code, section_id) VALUES ('king23','BIO203',102);
INSERT INTO user_associations(user_id, course_code, section_id) VALUES ('lee91','CSC124',53);
INSERT INTO user_associations(user_id, course_code, section_id) VALUES ('lee91','CSC124',53);
INSERT INTO user_associations(user_id, course_code, section_id) VALUES ('lee91','CSC124',52);
INSERT INTO user_associations(user_id, course_code, section_id) VALUES ('lee91','CSC124',51);
INSERT INTO user_associations(user_id, course_code, section_id) VALUES ('lee91','CSC302',39);
INSERT INTO user_associations(user_id, course_code, section_id) VALUES ('lee91','CSC302',37);
INSERT INTO user_associations(user_id, course_code, section_id) VALUES ('lee91','CSC302',36);
INSERT INTO user_associations(user_id, course_code, section_id) VALUES ('lee91','CSC302',40);
INSERT INTO user_associations(user_id, course_code, section_id) VALUES ('lee91','CSC209',47);
INSERT INTO user_associations(user_id, course_code, section_id) VALUES ('lee91','CSC209',45);
INSERT INTO user_associations(user_id, course_code, section_id) VALUES ('lee91','CSC209',41);
INSERT INTO user_associations(user_id, course_code, section_id) VALUES ('lee91','CSC209',41);
INSERT INTO user_associations(user_id, course_code, section_id) VALUES ('moore14','PSY256',78);
INSERT INTO user_associations(user_id, course_code, section_id) VALUES ('moore14','PSY256',80);
INSERT INTO user_associations(user_id, course_code, section_id) VALUES ('moore14','PSY256',78);
INSERT INTO user_associations(user_id, course_code, section_id) VALUES ('moore14','PSY256',79);
INSERT INTO user_associations(user_id, course_code, section_id) VALUES ('moore14','PSY256',79);
INSERT INTO user_associations(user_id, course_code, section_id) VALUES ('moore14','PSY256',79);
INSERT INTO user_associations(user_id, course_code, section_id) VALUES ('moore14','PSY256',79);
INSERT INTO user_associations(user_id, course_code, section_id) VALUES ('moore14','PSY256',80);
INSERT INTO user_associations(user_id, course_code, section_id) VALUES ('moore14','PSY335',83);
INSERT INTO user_associations(user_id, course_code, section_id) VALUES ('moore14','PSY335',81);
INSERT INTO user_associations(user_id, course_code, section_id) VALUES ('moore14','PSY335',83);
INSERT INTO user_associations(user_id, course_code, section_id) VALUES ('moore14','PSY335',83);
INSERT INTO user_associations(user_id, course_code, section_id) VALUES ('rodrig1','HIS315',152);
INSERT INTO user_associations(user_id, course_code, section_id) VALUES ('rodrig1','HIS315',153);
INSERT INTO user_associations(user_id, course_code, section_id) VALUES ('rodrig1','HIS315',154);
INSERT INTO user_associations(user_id, course_code, section_id) VALUES ('rodrig1','HIS315',150);
INSERT INTO user_associations(user_id, course_code, section_id) VALUES ('rodrig1','HIS284',138);
INSERT INTO user_associations(user_id, course_code, section_id) VALUES ('rodrig1','HIS284',141);
INSERT INTO user_associations(user_id, course_code, section_id) VALUES ('rodrig1','HIS284',140);
INSERT INTO user_associations(user_id, course_code, section_id) VALUES ('rodrig1','HIS284',136);
INSERT INTO user_associations(user_id, course_code, section_id) VALUES ('rodrig1','HIS315',154);
INSERT INTO user_associations(user_id, course_code, section_id) VALUES ('rodrig1','HIS315',151);
INSERT INTO user_associations(user_id, course_code, section_id) VALUES ('rodrig1','HIS315',153);
INSERT INTO user_associations(user_id, course_code, section_id) VALUES ('rodrig1','HIS315',153);
INSERT INTO user_associations(user_id, course_code, section_id) VALUES ('butler64','CSC302',38);
INSERT INTO user_associations(user_id, course_code, section_id) VALUES ('butler64','CSC302',38);
INSERT INTO user_associations(user_id, course_code, section_id) VALUES ('butler64','CSC302',35);
INSERT INTO user_associations(user_id, course_code, section_id) VALUES ('butler64','CSC302',38);
INSERT INTO user_associations(user_id, course_code, section_id) VALUES ('butler64','CSC209',47);
INSERT INTO user_associations(user_id, course_code, section_id) VALUES ('butler64','CSC209',42);
INSERT INTO user_associations(user_id, course_code, section_id) VALUES ('butler64','CSC209',45);
INSERT INTO user_associations(user_id, course_code, section_id) VALUES ('butler64','CSC209',41);
INSERT INTO user_associations(user_id, course_code, section_id) VALUES ('butler64','CSC124',54);
INSERT INTO user_associations(user_id, course_code, section_id) VALUES ('butler64','CSC124',49);
INSERT INTO user_associations(user_id, course_code, section_id) VALUES ('butler64','CSC124',53);
INSERT INTO user_associations(user_id, course_code, section_id) VALUES ('butler64','CSC124',54);
INSERT INTO user_associations(user_id, course_code, section_id) VALUES ('brown62','CSC302',39);
INSERT INTO user_associations(user_id, course_code, section_id) VALUES ('brown62','CSC302',38);
INSERT INTO user_associations(user_id, course_code, section_id) VALUES ('brown62','CSC302',35);
INSERT INTO user_associations(user_id, course_code, section_id) VALUES ('brown62','CSC302',36);
INSERT INTO user_associations(user_id, course_code, section_id) VALUES ('brown62','CSC124',53);
INSERT INTO user_associations(user_id, course_code, section_id) VALUES ('brown62','CSC124',52);
INSERT INTO user_associations(user_id, course_code, section_id) VALUES ('brown62','CSC124',48);
INSERT INTO user_associations(user_id, course_code, section_id) VALUES ('brown62','CSC124',50);
INSERT INTO user_associations(user_id, course_code, section_id) VALUES ('brown62','CSC119',58);
INSERT INTO user_associations(user_id, course_code, section_id) VALUES ('brown62','CSC119',59);
INSERT INTO user_associations(user_id, course_code, section_id) VALUES ('brown62','CSC119',60);
INSERT INTO user_associations(user_id, course_code, section_id) VALUES ('brown62','CSC119',60);
INSERT INTO user_associations(user_id, course_code, section_id) VALUES ('brown31','MAT397',4);
INSERT INTO user_associations(user_id, course_code, section_id) VALUES ('brown31','MAT397',4);
INSERT INTO user_associations(user_id, course_code, section_id) VALUES ('brown31','MAT397',1);
INSERT INTO user_associations(user_id, course_code, section_id) VALUES ('brown31','MAT397',3);
INSERT INTO user_associations(user_id, course_code, section_id) VALUES ('brown31','MAT237',6);
INSERT INTO user_associations(user_id, course_code, section_id) VALUES ('brown31','MAT237',11);
INSERT INTO user_associations(user_id, course_code, section_id) VALUES ('brown31','MAT237',9);
INSERT INTO user_associations(user_id, course_code, section_id) VALUES ('brown31','MAT237',8);
INSERT INTO user_associations(user_id, course_code, section_id) VALUES ('brown31','MAT328',23);
INSERT INTO user_associations(user_id, course_code, section_id) VALUES ('brown31','MAT328',25);
INSERT INTO user_associations(user_id, course_code, section_id) VALUES ('brown31','MAT328',24);
INSERT INTO user_associations(user_id, course_code, section_id) VALUES ('brown31','MAT328',26);
INSERT INTO user_associations(user_id, course_code, section_id) VALUES ('wells8','BIO318',98);
INSERT INTO user_associations(user_id, course_code, section_id) VALUES ('wells8','BIO318',97);
INSERT INTO user_associations(user_id, course_code, section_id) VALUES ('wells8','BIO318',99);
INSERT INTO user_associations(user_id, course_code, section_id) VALUES ('wells8','BIO318',98);
INSERT INTO user_associations(user_id, course_code, section_id) VALUES ('wells8','BIO356',130);
INSERT INTO user_associations(user_id, course_code, section_id) VALUES ('wells8','BIO356',132);
INSERT INTO user_associations(user_id, course_code, section_id) VALUES ('wells8','BIO356',135);
INSERT INTO user_associations(user_id, course_code, section_id) VALUES ('wells8','BIO356',132);
INSERT INTO user_associations(user_id, course_code, section_id) VALUES ('wells8','BIO203',102);
INSERT INTO user_associations(user_id, course_code, section_id) VALUES ('wells8','BIO203',106);
INSERT INTO user_associations(user_id, course_code, section_id) VALUES ('wells8','BIO203',101);
INSERT INTO user_associations(user_id, course_code, section_id) VALUES ('wells8','BIO203',106);
INSERT INTO user_associations(user_id, course_code, section_id) VALUES ('marsha85','PSY133',87);
INSERT INTO user_associations(user_id, course_code, section_id) VALUES ('marsha85','PSY133',84);
INSERT INTO user_associations(user_id, course_code, section_id) VALUES ('marsha85','PSY133',87);
INSERT INTO user_associations(user_id, course_code, section_id) VALUES ('marsha85','PSY133',85);
INSERT INTO user_associations(user_id, course_code, section_id) VALUES ('marsha85','PSY256',80);
INSERT INTO user_associations(user_id, course_code, section_id) VALUES ('marsha85','PSY256',79);
INSERT INTO user_associations(user_id, course_code, section_id) VALUES ('marsha85','PSY256',80);
INSERT INTO user_associations(user_id, course_code, section_id) VALUES ('marsha85','PSY256',79);
INSERT INTO user_associations(user_id, course_code, section_id) VALUES ('marsha85','PSY359',61);
INSERT INTO user_associations(user_id, course_code, section_id) VALUES ('marsha85','PSY359',65);
INSERT INTO user_associations(user_id, course_code, section_id) VALUES ('marsha85','PSY359',66);
INSERT INTO user_associations(user_id, course_code, section_id) VALUES ('marsha85','PSY359',64);
INSERT INTO user_associations(user_id, course_code, section_id) VALUES ('lee69','HIS363',149);
INSERT INTO user_associations(user_id, course_code, section_id) VALUES ('lee69','HIS363',149);
INSERT INTO user_associations(user_id, course_code, section_id) VALUES ('lee69','HIS363',149);
INSERT INTO user_associations(user_id, course_code, section_id) VALUES ('lee69','HIS363',147);
INSERT INTO user_associations(user_id, course_code, section_id) VALUES ('lee69','HIS399',162);
INSERT INTO user_associations(user_id, course_code, section_id) VALUES ('lee69','HIS399',162);
INSERT INTO user_associations(user_id, course_code, section_id) VALUES ('lee69','HIS399',163);
INSERT INTO user_associations(user_id, course_code, section_id) VALUES ('lee69','HIS399',160);
INSERT INTO user_associations(user_id, course_code, section_id) VALUES ('lee69','HIS315',150);
INSERT INTO user_associations(user_id, course_code, section_id) VALUES ('lee69','HIS315',154);
INSERT INTO user_associations(user_id, course_code, section_id) VALUES ('lee69','HIS315',154);
INSERT INTO user_associations(user_id, course_code, section_id) VALUES ('lee69','HIS315',152);
INSERT INTO user_associations(user_id, course_code, section_id) VALUES ('garcia0','HIS189',156);
INSERT INTO user_associations(user_id, course_code, section_id) VALUES ('garcia0','HIS189',157);
INSERT INTO user_associations(user_id, course_code, section_id) VALUES ('garcia0','HIS189',158);
INSERT INTO user_associations(user_id, course_code, section_id) VALUES ('garcia0','HIS189',156);
INSERT INTO user_associations(user_id, course_code, section_id) VALUES ('garcia0','HIS189',157);
INSERT INTO user_associations(user_id, course_code, section_id) VALUES ('garcia0','HIS189',158);
INSERT INTO user_associations(user_id, course_code, section_id) VALUES ('garcia0','HIS205',143);
INSERT INTO user_associations(user_id, course_code, section_id) VALUES ('garcia0','HIS205',144);
INSERT INTO user_associations(user_id, course_code, section_id) VALUES ('garcia0','HIS205',145);
INSERT INTO user_associations(user_id, course_code, section_id) VALUES ('garcia0','HIS205',146);
INSERT INTO user_associations(user_id, course_code, section_id) VALUES ('garcia0','HIS284',139);
INSERT INTO user_associations(user_id, course_code, section_id) VALUES ('garcia0','HIS284',136);
INSERT INTO user_associations(user_id, course_code, section_id) VALUES ('garcia0','HIS284',138);
INSERT INTO user_associations(user_id, course_code, section_id) VALUES ('garcia0','HIS284',141);
INSERT INTO user_associations(user_id, course_code, section_id) VALUES ('garcia0','HIS189',156);
INSERT INTO user_associations(user_id, course_code, section_id) VALUES ('garcia0','HIS189',158);
INSERT INTO user_associations(user_id, course_code, section_id) VALUES ('garcia0','HIS189',156);
INSERT INTO user_associations(user_id, course_code, section_id) VALUES ('garcia0','HIS189',158);
INSERT INTO user_associations(user_id, course_code, section_id) VALUES ('garcia0','HIS399',161);
INSERT INTO user_associations(user_id, course_code, section_id) VALUES ('garcia0','HIS399',163);
INSERT INTO user_associations(user_id, course_code, section_id) VALUES ('garcia0','HIS399',162);
INSERT INTO user_associations(user_id, course_code, section_id) VALUES ('garcia0','HIS399',161);
INSERT INTO user_associations(user_id, course_code, section_id) VALUES ('lewis42','MAT397',1);
INSERT INTO user_associations(user_id, course_code, section_id) VALUES ('lewis42','MAT397',2);
INSERT INTO user_associations(user_id, course_code, section_id) VALUES ('lewis42','MAT397',3);
INSERT INTO user_associations(user_id, course_code, section_id) VALUES ('lewis42','MAT397',4);
INSERT INTO user_associations(user_id, course_code, section_id) VALUES ('lewis42','MAT328',23);
INSERT INTO user_associations(user_id, course_code, section_id) VALUES ('lewis42','MAT328',24);
INSERT INTO user_associations(user_id, course_code, section_id) VALUES ('lewis42','MAT328',25);
INSERT INTO user_associations(user_id, course_code, section_id) VALUES ('lewis42','MAT328',26);
INSERT INTO user_associations(user_id, course_code, section_id) VALUES ('lewis42','MAT328',27);
INSERT INTO user_associations(user_id, course_code, section_id) VALUES ('lewis42','MAT328',28);
INSERT INTO user_associations(user_id, course_code, section_id) VALUES ('lewis42','MAT265',16);
INSERT INTO user_associations(user_id, course_code, section_id) VALUES ('lewis42','MAT265',17);
INSERT INTO user_associations(user_id, course_code, section_id) VALUES ('lewis42','MAT265',18);
INSERT INTO user_associations(user_id, course_code, section_id) VALUES ('lewis42','MAT265',19);
INSERT INTO user_associations(user_id, course_code, section_id) VALUES ('lewis42','MAT265',20);
INSERT INTO user_associations(user_id, course_code, section_id) VALUES ('lewis42','MAT265',21);
INSERT INTO user_associations(user_id, course_code, section_id) VALUES ('lewis42','MAT265',22);
INSERT INTO user_associations(user_id, course_code, section_id) VALUES ('lewis42','HIS284',138);
INSERT INTO user_associations(user_id, course_code, section_id) VALUES ('lewis42','HIS284',136);
INSERT INTO user_associations(user_id, course_code, section_id) VALUES ('lewis42','HIS284',140);
INSERT INTO user_associations(user_id, course_code, section_id) VALUES ('lewis42','HIS284',140);
INSERT INTO user_associations(user_id, course_code, section_id) VALUES ('lewis42','HIS205',143);
INSERT INTO user_associations(user_id, course_code, section_id) VALUES ('lewis42','HIS205',146);
INSERT INTO user_associations(user_id, course_code, section_id) VALUES ('lewis42','HIS205',144);
INSERT INTO user_associations(user_id, course_code, section_id) VALUES ('lewis42','HIS205',143);
INSERT INTO user_associations(user_id, course_code, section_id) VALUES ('lewis42','HIS363',149);
INSERT INTO user_associations(user_id, course_code, section_id) VALUES ('lewis42','HIS363',149);
INSERT INTO user_associations(user_id, course_code, section_id) VALUES ('lewis42','HIS363',149);
INSERT INTO user_associations(user_id, course_code, section_id) VALUES ('lewis42','HIS363',148);
INSERT INTO user_associations(user_id, course_code, section_id) VALUES ('thomas18','PSY335',81);
INSERT INTO user_associations(user_id, course_code, section_id) VALUES ('thomas18','PSY335',82);
INSERT INTO user_associations(user_id, course_code, section_id) VALUES ('thomas18','PSY335',83);
INSERT INTO user_associations(user_id, course_code, section_id) VALUES ('thomas18','PSY335',81);
INSERT INTO user_associations(user_id, course_code, section_id) VALUES ('thomas18','PSY335',82);
INSERT INTO user_associations(user_id, course_code, section_id) VALUES ('thomas18','PSY335',83);
INSERT INTO user_associations(user_id, course_code, section_id) VALUES ('thomas18','PSY359',61);
INSERT INTO user_associations(user_id, course_code, section_id) VALUES ('thomas18','PSY359',62);
INSERT INTO user_associations(user_id, course_code, section_id) VALUES ('thomas18','PSY359',63);
INSERT INTO user_associations(user_id, course_code, section_id) VALUES ('thomas18','PSY359',64);
INSERT INTO user_associations(user_id, course_code, section_id) VALUES ('thomas18','PSY359',65);
INSERT INTO user_associations(user_id, course_code, section_id) VALUES ('thomas18','PSY359',66);
INSERT INTO user_associations(user_id, course_code, section_id) VALUES ('thomas18','HIS399',161);
INSERT INTO user_associations(user_id, course_code, section_id) VALUES ('thomas18','HIS399',163);
INSERT INTO user_associations(user_id, course_code, section_id) VALUES ('thomas18','HIS399',161);
INSERT INTO user_associations(user_id, course_code, section_id) VALUES ('thomas18','HIS399',160);
INSERT INTO user_associations(user_id, course_code, section_id) VALUES ('thomas18','HIS284',140);
INSERT INTO user_associations(user_id, course_code, section_id) VALUES ('thomas18','HIS284',142);
INSERT INTO user_associations(user_id, course_code, section_id) VALUES ('thomas18','HIS284',137);
INSERT INTO user_associations(user_id, course_code, section_id) VALUES ('thomas18','HIS284',136);
INSERT INTO user_associations(user_id, course_code, section_id) VALUES ('thomas18','HIS363',147);
INSERT INTO user_associations(user_id, course_code, section_id) VALUES ('thomas18','HIS363',147);
INSERT INTO user_associations(user_id, course_code, section_id) VALUES ('thomas18','HIS363',147);
INSERT INTO user_associations(user_id, course_code, section_id) VALUES ('thomas18','HIS363',147);
INSERT INTO user_associations(user_id, course_code, section_id) VALUES ('thomps90','PSY335',81);
INSERT INTO user_associations(user_id, course_code, section_id) VALUES ('thomps90','PSY335',82);
INSERT INTO user_associations(user_id, course_code, section_id) VALUES ('thomps90','PSY335',83);
INSERT INTO user_associations(user_id, course_code, section_id) VALUES ('thomps90','PSY335',81);
INSERT INTO user_associations(user_id, course_code, section_id) VALUES ('thomps90','PSY335',82);
INSERT INTO user_associations(user_id, course_code, section_id) VALUES ('thomps90','PSY335',83);
INSERT INTO user_associations(user_id, course_code, section_id) VALUES ('thomps90','PSY262',72);
INSERT INTO user_associations(user_id, course_code, section_id) VALUES ('thomps90','PSY262',73);
INSERT INTO user_associations(user_id, course_code, section_id) VALUES ('thomps90','PSY262',74);
INSERT INTO user_associations(user_id, course_code, section_id) VALUES ('thomps90','PSY262',75);
INSERT INTO user_associations(user_id, course_code, section_id) VALUES ('thomps90','PSY262',76);
INSERT INTO user_associations(user_id, course_code, section_id) VALUES ('thomps90','PSY262',77);
INSERT INTO user_associations(user_id, course_code, section_id) VALUES ('thomps90','HIS399',162);
INSERT INTO user_associations(user_id, course_code, section_id) VALUES ('thomps90','HIS399',163);
INSERT INTO user_associations(user_id, course_code, section_id) VALUES ('thomps90','HIS399',159);
INSERT INTO user_associations(user_id, course_code, section_id) VALUES ('thomps90','HIS399',162);
INSERT INTO user_associations(user_id, course_code, section_id) VALUES ('thomps90','HIS315',150);
INSERT INTO user_associations(user_id, course_code, section_id) VALUES ('thomps90','HIS315',151);
INSERT INTO user_associations(user_id, course_code, section_id) VALUES ('thomps90','HIS315',150);
INSERT INTO user_associations(user_id, course_code, section_id) VALUES ('thomps90','HIS315',152);
INSERT INTO user_associations(user_id, course_code, section_id) VALUES ('thomps90','HIS399',161);
INSERT INTO user_associations(user_id, course_code, section_id) VALUES ('thomps90','HIS399',161);
INSERT INTO user_associations(user_id, course_code, section_id) VALUES ('thomps90','HIS399',162);
INSERT INTO user_associations(user_id, course_code, section_id) VALUES ('thomps90','HIS399',161);
INSERT INTO user_associations(user_id, course_code, section_id) VALUES ('wood60','MAT397',1);
INSERT INTO user_associations(user_id, course_code, section_id) VALUES ('wood60','MAT397',2);
INSERT INTO user_associations(user_id, course_code, section_id) VALUES ('wood60','MAT397',3);
INSERT INTO user_associations(user_id, course_code, section_id) VALUES ('wood60','MAT397',4);
INSERT INTO user_associations(user_id, course_code, section_id) VALUES ('wood60','MAT237',5);
INSERT INTO user_associations(user_id, course_code, section_id) VALUES ('wood60','MAT237',6);
INSERT INTO user_associations(user_id, course_code, section_id) VALUES ('wood60','MAT237',7);
INSERT INTO user_associations(user_id, course_code, section_id) VALUES ('wood60','MAT237',8);
INSERT INTO user_associations(user_id, course_code, section_id) VALUES ('wood60','MAT237',9);
INSERT INTO user_associations(user_id, course_code, section_id) VALUES ('wood60','MAT237',10);
INSERT INTO user_associations(user_id, course_code, section_id) VALUES ('wood60','MAT237',11);
INSERT INTO user_associations(user_id, course_code, section_id) VALUES ('wood60','MAT237',5);
INSERT INTO user_associations(user_id, course_code, section_id) VALUES ('wood60','MAT237',6);
INSERT INTO user_associations(user_id, course_code, section_id) VALUES ('wood60','MAT237',7);
INSERT INTO user_associations(user_id, course_code, section_id) VALUES ('wood60','MAT237',8);
INSERT INTO user_associations(user_id, course_code, section_id) VALUES ('wood60','MAT237',9);
INSERT INTO user_associations(user_id, course_code, section_id) VALUES ('wood60','MAT237',10);
INSERT INTO user_associations(user_id, course_code, section_id) VALUES ('wood60','MAT237',11);
INSERT INTO user_associations(user_id, course_code, section_id) VALUES ('wood60','BIO303',115);
INSERT INTO user_associations(user_id, course_code, section_id) VALUES ('wood60','BIO303',114);
INSERT INTO user_associations(user_id, course_code, section_id) VALUES ('wood60','BIO303',114);
INSERT INTO user_associations(user_id, course_code, section_id) VALUES ('wood60','BIO303',116);
INSERT INTO user_associations(user_id, course_code, section_id) VALUES ('wood60','BIO318',96);
INSERT INTO user_associations(user_id, course_code, section_id) VALUES ('wood60','BIO318',100);
INSERT INTO user_associations(user_id, course_code, section_id) VALUES ('wood60','BIO318',98);
INSERT INTO user_associations(user_id, course_code, section_id) VALUES ('wood60','BIO318',100);
INSERT INTO user_associations(user_id, course_code, section_id) VALUES ('wood60','BIO335',129);
INSERT INTO user_associations(user_id, course_code, section_id) VALUES ('wood60','BIO335',125);
INSERT INTO user_associations(user_id, course_code, section_id) VALUES ('wood60','BIO335',129);
INSERT INTO user_associations(user_id, course_code, section_id) VALUES ('wood60','BIO335',128);
INSERT INTO user_associations(user_id, course_code, section_id) VALUES ('butler84','PSY359',61);
INSERT INTO user_associations(user_id, course_code, section_id) VALUES ('butler84','PSY359',62);
INSERT INTO user_associations(user_id, course_code, section_id) VALUES ('butler84','PSY359',63);
INSERT INTO user_associations(user_id, course_code, section_id) VALUES ('butler84','PSY359',64);
INSERT INTO user_associations(user_id, course_code, section_id) VALUES ('butler84','PSY359',65);
INSERT INTO user_associations(user_id, course_code, section_id) VALUES ('butler84','PSY359',66);
INSERT INTO user_associations(user_id, course_code, section_id) VALUES ('butler84','PSY256',78);
INSERT INTO user_associations(user_id, course_code, section_id) VALUES ('butler84','PSY256',79);
INSERT INTO user_associations(user_id, course_code, section_id) VALUES ('butler84','PSY256',80);
INSERT INTO user_associations(user_id, course_code, section_id) VALUES ('butler84','PSY262',72);
INSERT INTO user_associations(user_id, course_code, section_id) VALUES ('butler84','PSY262',73);
INSERT INTO user_associations(user_id, course_code, section_id) VALUES ('butler84','PSY262',74);
INSERT INTO user_associations(user_id, course_code, section_id) VALUES ('butler84','PSY262',75);
INSERT INTO user_associations(user_id, course_code, section_id) VALUES ('butler84','PSY262',76);
INSERT INTO user_associations(user_id, course_code, section_id) VALUES ('butler84','PSY262',77);
INSERT INTO user_associations(user_id, course_code, section_id) VALUES ('butler84','CSC119',58);
INSERT INTO user_associations(user_id, course_code, section_id) VALUES ('butler84','CSC119',60);
INSERT INTO user_associations(user_id, course_code, section_id) VALUES ('butler84','CSC119',60);
INSERT INTO user_associations(user_id, course_code, section_id) VALUES ('butler84','CSC119',58);
INSERT INTO user_associations(user_id, course_code, section_id) VALUES ('butler84','CSC246',55);
INSERT INTO user_associations(user_id, course_code, section_id) VALUES ('butler84','CSC246',57);
INSERT INTO user_associations(user_id, course_code, section_id) VALUES ('butler84','CSC246',56);
INSERT INTO user_associations(user_id, course_code, section_id) VALUES ('butler84','CSC246',57);
INSERT INTO user_associations(user_id, course_code, section_id) VALUES ('butler84','CSC246',57);
INSERT INTO user_associations(user_id, course_code, section_id) VALUES ('butler84','CSC246',55);
INSERT INTO user_associations(user_id, course_code, section_id) VALUES ('butler84','CSC246',56);
INSERT INTO user_associations(user_id, course_code, section_id) VALUES ('butler84','CSC246',57);
INSERT INTO user_associations(user_id, course_code, section_id) VALUES ('cox48','BIO199',119);
INSERT INTO user_associations(user_id, course_code, section_id) VALUES ('cox48','BIO199',120);
INSERT INTO user_associations(user_id, course_code, section_id) VALUES ('cox48','BIO199',121);
INSERT INTO user_associations(user_id, course_code, section_id) VALUES ('cox48','BIO199',122);
INSERT INTO user_associations(user_id, course_code, section_id) VALUES ('cox48','BIO199',123);
INSERT INTO user_associations(user_id, course_code, section_id) VALUES ('cox48','BIO199',124);
INSERT INTO user_associations(user_id, course_code, section_id) VALUES ('cox48','BIO151',107);
INSERT INTO user_associations(user_id, course_code, section_id) VALUES ('cox48','BIO151',108);
INSERT INTO user_associations(user_id, course_code, section_id) VALUES ('cox48','BIO151',109);
INSERT INTO user_associations(user_id, course_code, section_id) VALUES ('cox48','BIO151',110);
INSERT INTO user_associations(user_id, course_code, section_id) VALUES ('cox48','BIO151',111);
INSERT INTO user_associations(user_id, course_code, section_id) VALUES ('cox48','BIO151',112);
INSERT INTO user_associations(user_id, course_code, section_id) VALUES ('cox48','BIO151',113);
INSERT INTO user_associations(user_id, course_code, section_id) VALUES ('cox48','BIO151',107);
INSERT INTO user_associations(user_id, course_code, section_id) VALUES ('cox48','BIO151',108);
INSERT INTO user_associations(user_id, course_code, section_id) VALUES ('cox48','BIO151',109);
INSERT INTO user_associations(user_id, course_code, section_id) VALUES ('cox48','BIO151',110);
INSERT INTO user_associations(user_id, course_code, section_id) VALUES ('cox48','BIO151',111);
INSERT INTO user_associations(user_id, course_code, section_id) VALUES ('cox48','BIO151',112);
INSERT INTO user_associations(user_id, course_code, section_id) VALUES ('cox48','BIO151',113);
INSERT INTO user_associations(user_id, course_code, section_id) VALUES ('cox48','PSY144',69);
INSERT INTO user_associations(user_id, course_code, section_id) VALUES ('cox48','PSY144',68);
INSERT INTO user_associations(user_id, course_code, section_id) VALUES ('cox48','PSY144',69);
INSERT INTO user_associations(user_id, course_code, section_id) VALUES ('cox48','PSY144',71);
INSERT INTO user_associations(user_id, course_code, section_id) VALUES ('cox48','PSY262',73);
INSERT INTO user_associations(user_id, course_code, section_id) VALUES ('cox48','PSY262',74);
INSERT INTO user_associations(user_id, course_code, section_id) VALUES ('cox48','PSY262',73);
INSERT INTO user_associations(user_id, course_code, section_id) VALUES ('cox48','PSY262',73);
INSERT INTO user_associations(user_id, course_code, section_id) VALUES ('cox48','PSY335',83);
INSERT INTO user_associations(user_id, course_code, section_id) VALUES ('cox48','PSY335',83);
INSERT INTO user_associations(user_id, course_code, section_id) VALUES ('cox48','PSY335',83);
INSERT INTO user_associations(user_id, course_code, section_id) VALUES ('cox48','PSY335',82);
INSERT INTO user_associations(user_id, course_code, section_id) VALUES ('sanche21','MAT179',12);
INSERT INTO user_associations(user_id, course_code, section_id) VALUES ('sanche21','MAT179',13);
INSERT INTO user_associations(user_id, course_code, section_id) VALUES ('sanche21','MAT179',14);
INSERT INTO user_associations(user_id, course_code, section_id) VALUES ('sanche21','MAT179',15);
INSERT INTO user_associations(user_id, course_code, section_id) VALUES ('sanche21','MAT265',16);
INSERT INTO user_associations(user_id, course_code, section_id) VALUES ('sanche21','MAT265',17);
INSERT INTO user_associations(user_id, course_code, section_id) VALUES ('sanche21','MAT265',18);
INSERT INTO user_associations(user_id, course_code, section_id) VALUES ('sanche21','MAT265',19);
INSERT INTO user_associations(user_id, course_code, section_id) VALUES ('sanche21','MAT265',20);
INSERT INTO user_associations(user_id, course_code, section_id) VALUES ('sanche21','MAT265',21);
INSERT INTO user_associations(user_id, course_code, section_id) VALUES ('sanche21','MAT265',22);
INSERT INTO user_associations(user_id, course_code, section_id) VALUES ('sanche21','MAT179',12);
INSERT INTO user_associations(user_id, course_code, section_id) VALUES ('sanche21','MAT179',13);
INSERT INTO user_associations(user_id, course_code, section_id) VALUES ('sanche21','MAT179',14);
INSERT INTO user_associations(user_id, course_code, section_id) VALUES ('sanche21','MAT179',15);
INSERT INTO user_associations(user_id, course_code, section_id) VALUES ('sanche21','MAT179',12);
INSERT INTO user_associations(user_id, course_code, section_id) VALUES ('sanche21','MAT179',12);
INSERT INTO user_associations(user_id, course_code, section_id) VALUES ('sanche21','MAT179',13);
INSERT INTO user_associations(user_id, course_code, section_id) VALUES ('sanche21','MAT179',14);
INSERT INTO user_associations(user_id, course_code, section_id) VALUES ('sanche21','MAT237',8);
INSERT INTO user_associations(user_id, course_code, section_id) VALUES ('sanche21','MAT237',11);
INSERT INTO user_associations(user_id, course_code, section_id) VALUES ('sanche21','MAT237',10);
INSERT INTO user_associations(user_id, course_code, section_id) VALUES ('sanche21','MAT237',8);
INSERT INTO user_associations(user_id, course_code, section_id) VALUES ('sanche21','MAT136',34);
INSERT INTO user_associations(user_id, course_code, section_id) VALUES ('sanche21','MAT136',34);
INSERT INTO user_associations(user_id, course_code, section_id) VALUES ('sanche21','MAT136',31);
INSERT INTO user_associations(user_id, course_code, section_id) VALUES ('sanche21','MAT136',31);
INSERT INTO user_associations(user_id, course_code, section_id) VALUES ('brown6','HIS315',150);
INSERT INTO user_associations(user_id, course_code, section_id) VALUES ('brown6','HIS315',151);
INSERT INTO user_associations(user_id, course_code, section_id) VALUES ('brown6','HIS315',152);
INSERT INTO user_associations(user_id, course_code, section_id) VALUES ('brown6','HIS315',153);
INSERT INTO user_associations(user_id, course_code, section_id) VALUES ('brown6','HIS315',154);
INSERT INTO user_associations(user_id, course_code, section_id) VALUES ('brown6','HIS315',155);
INSERT INTO user_associations(user_id, course_code, section_id) VALUES ('brown6','HIS315',150);
INSERT INTO user_associations(user_id, course_code, section_id) VALUES ('brown6','HIS315',151);
INSERT INTO user_associations(user_id, course_code, section_id) VALUES ('brown6','HIS315',152);
INSERT INTO user_associations(user_id, course_code, section_id) VALUES ('brown6','HIS315',153);
INSERT INTO user_associations(user_id, course_code, section_id) VALUES ('brown6','HIS315',154);
INSERT INTO user_associations(user_id, course_code, section_id) VALUES ('brown6','HIS315',155);
INSERT INTO user_associations(user_id, course_code, section_id) VALUES ('brown6','HIS363',147);
INSERT INTO user_associations(user_id, course_code, section_id) VALUES ('brown6','HIS363',148);
INSERT INTO user_associations(user_id, course_code, section_id) VALUES ('brown6','HIS363',149);
INSERT INTO user_associations(user_id, course_code, section_id) VALUES ('brown6','BIO356',130);
INSERT INTO user_associations(user_id, course_code, section_id) VALUES ('brown6','BIO356',134);
INSERT INTO user_associations(user_id, course_code, section_id) VALUES ('brown6','BIO356',135);
INSERT INTO user_associations(user_id, course_code, section_id) VALUES ('brown6','BIO356',134);
INSERT INTO user_associations(user_id, course_code, section_id) VALUES ('brown6','BIO303',116);
INSERT INTO user_associations(user_id, course_code, section_id) VALUES ('brown6','BIO303',115);
INSERT INTO user_associations(user_id, course_code, section_id) VALUES ('brown6','BIO303',116);
INSERT INTO user_associations(user_id, course_code, section_id) VALUES ('brown6','BIO303',114);
INSERT INTO user_associations(user_id, course_code, section_id) VALUES ('brown6','BIO199',123);
INSERT INTO user_associations(user_id, course_code, section_id) VALUES ('brown6','BIO199',121);
INSERT INTO user_associations(user_id, course_code, section_id) VALUES ('brown6','BIO199',121);
INSERT INTO user_associations(user_id, course_code, section_id) VALUES ('brown6','BIO199',122);
INSERT INTO user_associations(user_id, course_code, section_id) VALUES ('martin9','PSY256',78);
INSERT INTO user_associations(user_id, course_code, section_id) VALUES ('martin9','PSY256',79);
INSERT INTO user_associations(user_id, course_code, section_id) VALUES ('martin9','PSY256',80);
INSERT INTO user_associations(user_id, course_code, section_id) VALUES ('martin9','PSY256',78);
INSERT INTO user_associations(user_id, course_code, section_id) VALUES ('martin9','PSY256',79);
INSERT INTO user_associations(user_id, course_code, section_id) VALUES ('martin9','PSY256',80);
INSERT INTO user_associations(user_id, course_code, section_id) VALUES ('martin9','PSY133',84);
INSERT INTO user_associations(user_id, course_code, section_id) VALUES ('martin9','PSY133',85);
INSERT INTO user_associations(user_id, course_code, section_id) VALUES ('martin9','PSY133',86);
INSERT INTO user_associations(user_id, course_code, section_id) VALUES ('martin9','PSY133',87);
INSERT INTO user_associations(user_id, course_code, section_id) VALUES ('martin9','PSY262',77);
INSERT INTO user_associations(user_id, course_code, section_id) VALUES ('martin9','PSY262',76);
INSERT INTO user_associations(user_id, course_code, section_id) VALUES ('martin9','PSY262',73);
INSERT INTO user_associations(user_id, course_code, section_id) VALUES ('martin9','PSY262',75);
INSERT INTO user_associations(user_id, course_code, section_id) VALUES ('martin9','PSY335',82);
INSERT INTO user_associations(user_id, course_code, section_id) VALUES ('martin9','PSY335',81);
INSERT INTO user_associations(user_id, course_code, section_id) VALUES ('martin9','PSY335',83);
INSERT INTO user_associations(user_id, course_code, section_id) VALUES ('martin9','PSY335',83);
INSERT INTO user_associations(user_id, course_code, section_id) VALUES ('martin9','PSY144',67);
INSERT INTO user_associations(user_id, course_code, section_id) VALUES ('martin9','PSY144',70);
INSERT INTO user_associations(user_id, course_code, section_id) VALUES ('martin9','PSY144',71);
INSERT INTO user_associations(user_id, course_code, section_id) VALUES ('martin9','PSY144',70);
INSERT INTO user_associations(user_id, course_code, section_id) VALUES ('tucker22','HIS399',159);
INSERT INTO user_associations(user_id, course_code, section_id) VALUES ('tucker22','HIS399',160);
INSERT INTO user_associations(user_id, course_code, section_id) VALUES ('tucker22','HIS399',161);
INSERT INTO user_associations(user_id, course_code, section_id) VALUES ('tucker22','HIS399',162);
INSERT INTO user_associations(user_id, course_code, section_id) VALUES ('tucker22','HIS399',163);
INSERT INTO user_associations(user_id, course_code, section_id) VALUES ('tucker22','HIS205',143);
INSERT INTO user_associations(user_id, course_code, section_id) VALUES ('tucker22','HIS205',144);
INSERT INTO user_associations(user_id, course_code, section_id) VALUES ('tucker22','HIS205',145);
INSERT INTO user_associations(user_id, course_code, section_id) VALUES ('tucker22','HIS205',146);
INSERT INTO user_associations(user_id, course_code, section_id) VALUES ('tucker22','HIS205',143);
INSERT INTO user_associations(user_id, course_code, section_id) VALUES ('tucker22','HIS205',144);
INSERT INTO user_associations(user_id, course_code, section_id) VALUES ('tucker22','HIS205',145);
INSERT INTO user_associations(user_id, course_code, section_id) VALUES ('tucker22','HIS205',146);
INSERT INTO user_associations(user_id, course_code, section_id) VALUES ('robins34','BIO151',107);
INSERT INTO user_associations(user_id, course_code, section_id) VALUES ('robins34','BIO151',108);
INSERT INTO user_associations(user_id, course_code, section_id) VALUES ('robins34','BIO151',109);
INSERT INTO user_associations(user_id, course_code, section_id) VALUES ('robins34','BIO151',110);
INSERT INTO user_associations(user_id, course_code, section_id) VALUES ('robins34','BIO151',111);
INSERT INTO user_associations(user_id, course_code, section_id) VALUES ('robins34','BIO151',112);
INSERT INTO user_associations(user_id, course_code, section_id) VALUES ('robins34','BIO151',113);
INSERT INTO user_associations(user_id, course_code, section_id) VALUES ('robins34','BIO303',114);
INSERT INTO user_associations(user_id, course_code, section_id) VALUES ('robins34','BIO303',115);
INSERT INTO user_associations(user_id, course_code, section_id) VALUES ('robins34','BIO303',116);
INSERT INTO user_associations(user_id, course_code, section_id) VALUES ('robins34','BIO303',117);
INSERT INTO user_associations(user_id, course_code, section_id) VALUES ('robins34','BIO303',118);
INSERT INTO user_associations(user_id, course_code, section_id) VALUES ('robins34','BIO199',119);
INSERT INTO user_associations(user_id, course_code, section_id) VALUES ('robins34','BIO199',120);
INSERT INTO user_associations(user_id, course_code, section_id) VALUES ('robins34','BIO199',121);
INSERT INTO user_associations(user_id, course_code, section_id) VALUES ('robins34','BIO199',122);
INSERT INTO user_associations(user_id, course_code, section_id) VALUES ('robins34','BIO199',123);
INSERT INTO user_associations(user_id, course_code, section_id) VALUES ('robins34','BIO199',124);
INSERT INTO user_associations(user_id, course_code, section_id) VALUES ('cook19','HIS363',147);
INSERT INTO user_associations(user_id, course_code, section_id) VALUES ('cook19','HIS363',148);
INSERT INTO user_associations(user_id, course_code, section_id) VALUES ('cook19','HIS363',149);
INSERT INTO user_associations(user_id, course_code, section_id) VALUES ('cook19','HIS205',143);
INSERT INTO user_associations(user_id, course_code, section_id) VALUES ('cook19','HIS205',144);
INSERT INTO user_associations(user_id, course_code, section_id) VALUES ('cook19','HIS205',145);
INSERT INTO user_associations(user_id, course_code, section_id) VALUES ('cook19','HIS205',146);
INSERT INTO user_associations(user_id, course_code, section_id) VALUES ('cook19','HIS363',147);
INSERT INTO user_associations(user_id, course_code, section_id) VALUES ('cook19','HIS363',148);
INSERT INTO user_associations(user_id, course_code, section_id) VALUES ('cook19','HIS363',149);
INSERT INTO user_associations(user_id, course_code, section_id) VALUES ('miller38','HIS315',150);
INSERT INTO user_associations(user_id, course_code, section_id) VALUES ('miller38','HIS315',151);
INSERT INTO user_associations(user_id, course_code, section_id) VALUES ('miller38','HIS315',152);
INSERT INTO user_associations(user_id, course_code, section_id) VALUES ('miller38','HIS315',153);
INSERT INTO user_associations(user_id, course_code, section_id) VALUES ('miller38','HIS315',154);
INSERT INTO user_associations(user_id, course_code, section_id) VALUES ('miller38','HIS315',155);
INSERT INTO user_associations(user_id, course_code, section_id) VALUES ('miller38','HIS363',147);
INSERT INTO user_associations(user_id, course_code, section_id) VALUES ('miller38','HIS363',148);
INSERT INTO user_associations(user_id, course_code, section_id) VALUES ('miller38','HIS363',149);
INSERT INTO user_associations(user_id, course_code, section_id) VALUES ('miller38','HIS399',159);
INSERT INTO user_associations(user_id, course_code, section_id) VALUES ('miller38','HIS399',160);
INSERT INTO user_associations(user_id, course_code, section_id) VALUES ('miller38','HIS399',161);
INSERT INTO user_associations(user_id, course_code, section_id) VALUES ('miller38','HIS399',162);
INSERT INTO user_associations(user_id, course_code, section_id) VALUES ('miller38','HIS399',163);
INSERT INTO user_associations(user_id, course_code, section_id) VALUES ('hernan19','MAT136',29);
INSERT INTO user_associations(user_id, course_code, section_id) VALUES ('hernan19','MAT136',30);
INSERT INTO user_associations(user_id, course_code, section_id) VALUES ('hernan19','MAT136',31);
INSERT INTO user_associations(user_id, course_code, section_id) VALUES ('hernan19','MAT136',32);
INSERT INTO user_associations(user_id, course_code, section_id) VALUES ('hernan19','MAT136',33);
INSERT INTO user_associations(user_id, course_code, section_id) VALUES ('hernan19','MAT136',34);
INSERT INTO user_associations(user_id, course_code, section_id) VALUES ('hernan19','MAT136',29);
INSERT INTO user_associations(user_id, course_code, section_id) VALUES ('hernan19','MAT136',30);
INSERT INTO user_associations(user_id, course_code, section_id) VALUES ('hernan19','MAT136',31);
INSERT INTO user_associations(user_id, course_code, section_id) VALUES ('hernan19','MAT136',32);
INSERT INTO user_associations(user_id, course_code, section_id) VALUES ('hernan19','MAT136',33);
INSERT INTO user_associations(user_id, course_code, section_id) VALUES ('hernan19','MAT136',34);
INSERT INTO user_associations(user_id, course_code, section_id) VALUES ('hernan19','MAT237',5);
INSERT INTO user_associations(user_id, course_code, section_id) VALUES ('hernan19','MAT237',6);
INSERT INTO user_associations(user_id, course_code, section_id) VALUES ('hernan19','MAT237',7);
INSERT INTO user_associations(user_id, course_code, section_id) VALUES ('hernan19','MAT237',8);
INSERT INTO user_associations(user_id, course_code, section_id) VALUES ('hernan19','MAT237',9);
INSERT INTO user_associations(user_id, course_code, section_id) VALUES ('hernan19','MAT237',10);
INSERT INTO user_associations(user_id, course_code, section_id) VALUES ('hernan19','MAT237',11);
INSERT INTO user_associations(user_id, course_code, section_id) VALUES ('baker99','HIS363',147);
INSERT INTO user_associations(user_id, course_code, section_id) VALUES ('baker99','HIS363',148);
INSERT INTO user_associations(user_id, course_code, section_id) VALUES ('baker99','HIS363',149);
INSERT INTO user_associations(user_id, course_code, section_id) VALUES ('baker99','HIS205',143);
INSERT INTO user_associations(user_id, course_code, section_id) VALUES ('baker99','HIS205',144);
INSERT INTO user_associations(user_id, course_code, section_id) VALUES ('baker99','HIS205',145);
INSERT INTO user_associations(user_id, course_code, section_id) VALUES ('baker99','HIS205',146);
INSERT INTO user_associations(user_id, course_code, section_id) VALUES ('baker99','HIS315',150);
INSERT INTO user_associations(user_id, course_code, section_id) VALUES ('baker99','HIS315',151);
INSERT INTO user_associations(user_id, course_code, section_id) VALUES ('baker99','HIS315',152);
INSERT INTO user_associations(user_id, course_code, section_id) VALUES ('baker99','HIS315',153);
INSERT INTO user_associations(user_id, course_code, section_id) VALUES ('baker99','HIS315',154);
INSERT INTO user_associations(user_id, course_code, section_id) VALUES ('baker99','HIS315',155);
INSERT INTO user_associations(user_id, course_code, section_id) VALUES ('barnes59','BIO151',107);
INSERT INTO user_associations(user_id, course_code, section_id) VALUES ('barnes59','BIO151',108);
INSERT INTO user_associations(user_id, course_code, section_id) VALUES ('barnes59','BIO151',109);
INSERT INTO user_associations(user_id, course_code, section_id) VALUES ('barnes59','BIO151',110);
INSERT INTO user_associations(user_id, course_code, section_id) VALUES ('barnes59','BIO151',111);
INSERT INTO user_associations(user_id, course_code, section_id) VALUES ('barnes59','BIO151',112);
INSERT INTO user_associations(user_id, course_code, section_id) VALUES ('barnes59','BIO151',113);
INSERT INTO user_associations(user_id, course_code, section_id) VALUES ('barnes59','BIO151',107);
INSERT INTO user_associations(user_id, course_code, section_id) VALUES ('barnes59','BIO151',108);
INSERT INTO user_associations(user_id, course_code, section_id) VALUES ('barnes59','BIO151',109);
INSERT INTO user_associations(user_id, course_code, section_id) VALUES ('barnes59','BIO151',110);
INSERT INTO user_associations(user_id, course_code, section_id) VALUES ('barnes59','BIO151',111);
INSERT INTO user_associations(user_id, course_code, section_id) VALUES ('barnes59','BIO151',112);
INSERT INTO user_associations(user_id, course_code, section_id) VALUES ('barnes59','BIO151',113);
INSERT INTO user_associations(user_id, course_code, section_id) VALUES ('barnes59','BIO335',125);
INSERT INTO user_associations(user_id, course_code, section_id) VALUES ('barnes59','BIO335',126);
INSERT INTO user_associations(user_id, course_code, section_id) VALUES ('barnes59','BIO335',127);
INSERT INTO user_associations(user_id, course_code, section_id) VALUES ('barnes59','BIO335',128);
INSERT INTO user_associations(user_id, course_code, section_id) VALUES ('barnes59','BIO335',129);
INSERT INTO user_associations(user_id, course_code, section_id) VALUES ('anders5','MAT237',5);
INSERT INTO user_associations(user_id, course_code, section_id) VALUES ('anders5','MAT237',6);
INSERT INTO user_associations(user_id, course_code, section_id) VALUES ('anders5','MAT237',7);
INSERT INTO user_associations(user_id, course_code, section_id) VALUES ('anders5','MAT237',8);
INSERT INTO user_associations(user_id, course_code, section_id) VALUES ('anders5','MAT237',9);
INSERT INTO user_associations(user_id, course_code, section_id) VALUES ('anders5','MAT237',10);
INSERT INTO user_associations(user_id, course_code, section_id) VALUES ('anders5','MAT237',11);
INSERT INTO user_associations(user_id, course_code, section_id) VALUES ('anders5','MAT328',23);
INSERT INTO user_associations(user_id, course_code, section_id) VALUES ('anders5','MAT328',24);
INSERT INTO user_associations(user_id, course_code, section_id) VALUES ('anders5','MAT328',25);
INSERT INTO user_associations(user_id, course_code, section_id) VALUES ('anders5','MAT328',26);
INSERT INTO user_associations(user_id, course_code, section_id) VALUES ('anders5','MAT328',27);
INSERT INTO user_associations(user_id, course_code, section_id) VALUES ('anders5','MAT328',28);
INSERT INTO user_associations(user_id, course_code, section_id) VALUES ('anders5','MAT265',16);
INSERT INTO user_associations(user_id, course_code, section_id) VALUES ('anders5','MAT265',17);
INSERT INTO user_associations(user_id, course_code, section_id) VALUES ('anders5','MAT265',18);
INSERT INTO user_associations(user_id, course_code, section_id) VALUES ('anders5','MAT265',19);
INSERT INTO user_associations(user_id, course_code, section_id) VALUES ('anders5','MAT265',20);
INSERT INTO user_associations(user_id, course_code, section_id) VALUES ('anders5','MAT265',21);
INSERT INTO user_associations(user_id, course_code, section_id) VALUES ('anders5','MAT265',22);
INSERT INTO user_associations(user_id, course_code, section_id) VALUES ('james72','BIO231',88);
INSERT INTO user_associations(user_id, course_code, section_id) VALUES ('james72','BIO231',89);
INSERT INTO user_associations(user_id, course_code, section_id) VALUES ('james72','BIO231',90);
INSERT INTO user_associations(user_id, course_code, section_id) VALUES ('james72','BIO231',88);
INSERT INTO user_associations(user_id, course_code, section_id) VALUES ('james72','BIO231',89);
INSERT INTO user_associations(user_id, course_code, section_id) VALUES ('james72','BIO231',90);
INSERT INTO user_associations(user_id, course_code, section_id) VALUES ('james72','BIO151',107);
INSERT INTO user_associations(user_id, course_code, section_id) VALUES ('james72','BIO151',108);
INSERT INTO user_associations(user_id, course_code, section_id) VALUES ('james72','BIO151',109);
INSERT INTO user_associations(user_id, course_code, section_id) VALUES ('james72','BIO151',110);
INSERT INTO user_associations(user_id, course_code, section_id) VALUES ('james72','BIO151',111);
INSERT INTO user_associations(user_id, course_code, section_id) VALUES ('james72','BIO151',112);
INSERT INTO user_associations(user_id, course_code, section_id) VALUES ('james72','BIO151',113);
INSERT INTO user_associations(user_id, course_code, section_id) VALUES ('anders49','CSC246',55);
INSERT INTO user_associations(user_id, course_code, section_id) VALUES ('anders49','CSC246',56);
INSERT INTO user_associations(user_id, course_code, section_id) VALUES ('anders49','CSC246',57);
INSERT INTO user_associations(user_id, course_code, section_id) VALUES ('anders49','CSC209',41);
INSERT INTO user_associations(user_id, course_code, section_id) VALUES ('anders49','CSC209',42);
INSERT INTO user_associations(user_id, course_code, section_id) VALUES ('anders49','CSC209',43);
INSERT INTO user_associations(user_id, course_code, section_id) VALUES ('anders49','CSC209',44);
INSERT INTO user_associations(user_id, course_code, section_id) VALUES ('anders49','CSC209',45);
INSERT INTO user_associations(user_id, course_code, section_id) VALUES ('anders49','CSC209',46);
INSERT INTO user_associations(user_id, course_code, section_id) VALUES ('anders49','CSC209',47);
INSERT INTO user_associations(user_id, course_code, section_id) VALUES ('anders49','CSC246',55);
INSERT INTO user_associations(user_id, course_code, section_id) VALUES ('anders49','CSC246',56);
INSERT INTO user_associations(user_id, course_code, section_id) VALUES ('anders49','CSC246',57);
INSERT INTO user_associations(user_id, course_code, section_id) VALUES ('steven62','HIS284',136);
INSERT INTO user_associations(user_id, course_code, section_id) VALUES ('steven62','HIS284',137);
INSERT INTO user_associations(user_id, course_code, section_id) VALUES ('steven62','HIS284',138);
INSERT INTO user_associations(user_id, course_code, section_id) VALUES ('steven62','HIS284',139);
INSERT INTO user_associations(user_id, course_code, section_id) VALUES ('steven62','HIS284',140);
INSERT INTO user_associations(user_id, course_code, section_id) VALUES ('steven62','HIS284',141);
INSERT INTO user_associations(user_id, course_code, section_id) VALUES ('steven62','HIS284',142);
INSERT INTO user_associations(user_id, course_code, section_id) VALUES ('steven62','HIS205',143);
INSERT INTO user_associations(user_id, course_code, section_id) VALUES ('steven62','HIS205',144);
INSERT INTO user_associations(user_id, course_code, section_id) VALUES ('steven62','HIS205',145);
INSERT INTO user_associations(user_id, course_code, section_id) VALUES ('steven62','HIS205',146);
INSERT INTO user_associations(user_id, course_code, section_id) VALUES ('steven62','HIS363',147);
INSERT INTO user_associations(user_id, course_code, section_id) VALUES ('steven62','HIS363',148);
INSERT INTO user_associations(user_id, course_code, section_id) VALUES ('steven62','HIS363',149);
INSERT INTO user_associations(user_id, course_code, section_id) VALUES ('steven62','HIS315',150);
INSERT INTO user_associations(user_id, course_code, section_id) VALUES ('steven62','HIS315',151);
INSERT INTO user_associations(user_id, course_code, section_id) VALUES ('steven62','HIS315',152);
INSERT INTO user_associations(user_id, course_code, section_id) VALUES ('steven62','HIS315',153);
INSERT INTO user_associations(user_id, course_code, section_id) VALUES ('steven62','HIS315',154);
INSERT INTO user_associations(user_id, course_code, section_id) VALUES ('steven62','HIS315',155);
INSERT INTO user_associations(user_id, course_code, section_id) VALUES ('steven62','HIS189',156);
INSERT INTO user_associations(user_id, course_code, section_id) VALUES ('steven62','HIS189',157);
INSERT INTO user_associations(user_id, course_code, section_id) VALUES ('steven62','HIS189',158);
INSERT INTO user_associations(user_id, course_code, section_id) VALUES ('steven62','HIS399',159);
INSERT INTO user_associations(user_id, course_code, section_id) VALUES ('steven62','HIS399',160);
INSERT INTO user_associations(user_id, course_code, section_id) VALUES ('steven62','HIS399',161);
INSERT INTO user_associations(user_id, course_code, section_id) VALUES ('steven62','HIS399',162);
INSERT INTO user_associations(user_id, course_code, section_id) VALUES ('steven62','HIS399',163);
INSERT INTO user_associations(user_id, course_code, section_id) VALUES ('ortiz48','HIS284',136);
INSERT INTO user_associations(user_id, course_code, section_id) VALUES ('ortiz48','HIS284',137);
INSERT INTO user_associations(user_id, course_code, section_id) VALUES ('ortiz48','HIS284',138);
INSERT INTO user_associations(user_id, course_code, section_id) VALUES ('ortiz48','HIS284',139);
INSERT INTO user_associations(user_id, course_code, section_id) VALUES ('ortiz48','HIS284',140);
INSERT INTO user_associations(user_id, course_code, section_id) VALUES ('ortiz48','HIS284',141);
INSERT INTO user_associations(user_id, course_code, section_id) VALUES ('ortiz48','HIS284',142);
INSERT INTO user_associations(user_id, course_code, section_id) VALUES ('ortiz48','HIS205',143);
INSERT INTO user_associations(user_id, course_code, section_id) VALUES ('ortiz48','HIS205',144);
INSERT INTO user_associations(user_id, course_code, section_id) VALUES ('ortiz48','HIS205',145);
INSERT INTO user_associations(user_id, course_code, section_id) VALUES ('ortiz48','HIS205',146);
INSERT INTO user_associations(user_id, course_code, section_id) VALUES ('ortiz48','HIS363',147);
INSERT INTO user_associations(user_id, course_code, section_id) VALUES ('ortiz48','HIS363',148);
INSERT INTO user_associations(user_id, course_code, section_id) VALUES ('ortiz48','HIS363',149);
INSERT INTO user_associations(user_id, course_code, section_id) VALUES ('ortiz48','HIS315',150);
INSERT INTO user_associations(user_id, course_code, section_id) VALUES ('ortiz48','HIS315',151);
INSERT INTO user_associations(user_id, course_code, section_id) VALUES ('ortiz48','HIS315',152);
INSERT INTO user_associations(user_id, course_code, section_id) VALUES ('ortiz48','HIS315',153);
INSERT INTO user_associations(user_id, course_code, section_id) VALUES ('ortiz48','HIS315',154);
INSERT INTO user_associations(user_id, course_code, section_id) VALUES ('ortiz48','HIS315',155);
INSERT INTO user_associations(user_id, course_code, section_id) VALUES ('ortiz48','HIS189',156);
INSERT INTO user_associations(user_id, course_code, section_id) VALUES ('ortiz48','HIS189',157);
INSERT INTO user_associations(user_id, course_code, section_id) VALUES ('ortiz48','HIS189',158);
INSERT INTO user_associations(user_id, course_code, section_id) VALUES ('ortiz48','HIS399',159);
INSERT INTO user_associations(user_id, course_code, section_id) VALUES ('ortiz48','HIS399',160);
INSERT INTO user_associations(user_id, course_code, section_id) VALUES ('ortiz48','HIS399',161);
INSERT INTO user_associations(user_id, course_code, section_id) VALUES ('ortiz48','HIS399',162);
INSERT INTO user_associations(user_id, course_code, section_id) VALUES ('ortiz48','HIS399',163);
INSERT INTO user_associations(user_id, course_code, section_id) VALUES ('thomas84','MAT397',1);
INSERT INTO user_associations(user_id, course_code, section_id) VALUES ('thomas84','MAT397',2);
INSERT INTO user_associations(user_id, course_code, section_id) VALUES ('thomas84','MAT397',3);
INSERT INTO user_associations(user_id, course_code, section_id) VALUES ('thomas84','MAT397',4);
INSERT INTO user_associations(user_id, course_code, section_id) VALUES ('thomas84','MAT237',5);
INSERT INTO user_associations(user_id, course_code, section_id) VALUES ('thomas84','MAT237',6);
INSERT INTO user_associations(user_id, course_code, section_id) VALUES ('thomas84','MAT237',7);
INSERT INTO user_associations(user_id, course_code, section_id) VALUES ('thomas84','MAT237',8);
INSERT INTO user_associations(user_id, course_code, section_id) VALUES ('thomas84','MAT237',9);
INSERT INTO user_associations(user_id, course_code, section_id) VALUES ('thomas84','MAT237',10);
INSERT INTO user_associations(user_id, course_code, section_id) VALUES ('thomas84','MAT237',11);
INSERT INTO user_associations(user_id, course_code, section_id) VALUES ('thomas84','MAT179',12);
INSERT INTO user_associations(user_id, course_code, section_id) VALUES ('thomas84','MAT179',13);
INSERT INTO user_associations(user_id, course_code, section_id) VALUES ('thomas84','MAT179',14);
INSERT INTO user_associations(user_id, course_code, section_id) VALUES ('thomas84','MAT179',15);
INSERT INTO user_associations(user_id, course_code, section_id) VALUES ('thomas84','MAT265',16);
INSERT INTO user_associations(user_id, course_code, section_id) VALUES ('thomas84','MAT265',17);
INSERT INTO user_associations(user_id, course_code, section_id) VALUES ('thomas84','MAT265',18);
INSERT INTO user_associations(user_id, course_code, section_id) VALUES ('thomas84','MAT265',19);
INSERT INTO user_associations(user_id, course_code, section_id) VALUES ('thomas84','MAT265',20);
INSERT INTO user_associations(user_id, course_code, section_id) VALUES ('thomas84','MAT265',21);
INSERT INTO user_associations(user_id, course_code, section_id) VALUES ('thomas84','MAT265',22);
INSERT INTO user_associations(user_id, course_code, section_id) VALUES ('thomas84','MAT328',23);
INSERT INTO user_associations(user_id, course_code, section_id) VALUES ('thomas84','MAT328',24);
INSERT INTO user_associations(user_id, course_code, section_id) VALUES ('thomas84','MAT328',25);
INSERT INTO user_associations(user_id, course_code, section_id) VALUES ('thomas84','MAT328',26);
INSERT INTO user_associations(user_id, course_code, section_id) VALUES ('thomas84','MAT328',27);
INSERT INTO user_associations(user_id, course_code, section_id) VALUES ('thomas84','MAT328',28);
INSERT INTO user_associations(user_id, course_code, section_id) VALUES ('thomas84','MAT136',29);
INSERT INTO user_associations(user_id, course_code, section_id) VALUES ('thomas84','MAT136',30);
INSERT INTO user_associations(user_id, course_code, section_id) VALUES ('thomas84','MAT136',31);
INSERT INTO user_associations(user_id, course_code, section_id) VALUES ('thomas84','MAT136',32);
INSERT INTO user_associations(user_id, course_code, section_id) VALUES ('thomas84','MAT136',33);
INSERT INTO user_associations(user_id, course_code, section_id) VALUES ('thomas84','MAT136',34);
INSERT INTO user_associations(user_id, course_code, section_id) VALUES ('turner32','CSC302',35);
INSERT INTO user_associations(user_id, course_code, section_id) VALUES ('turner32','CSC302',36);
INSERT INTO user_associations(user_id, course_code, section_id) VALUES ('turner32','CSC302',37);
INSERT INTO user_associations(user_id, course_code, section_id) VALUES ('turner32','CSC302',38);
INSERT INTO user_associations(user_id, course_code, section_id) VALUES ('turner32','CSC302',39);
INSERT INTO user_associations(user_id, course_code, section_id) VALUES ('turner32','CSC302',40);
INSERT INTO user_associations(user_id, course_code, section_id) VALUES ('turner32','CSC209',41);
INSERT INTO user_associations(user_id, course_code, section_id) VALUES ('turner32','CSC209',42);
INSERT INTO user_associations(user_id, course_code, section_id) VALUES ('turner32','CSC209',43);
INSERT INTO user_associations(user_id, course_code, section_id) VALUES ('turner32','CSC209',44);
INSERT INTO user_associations(user_id, course_code, section_id) VALUES ('turner32','CSC209',45);
INSERT INTO user_associations(user_id, course_code, section_id) VALUES ('turner32','CSC209',46);
INSERT INTO user_associations(user_id, course_code, section_id) VALUES ('turner32','CSC209',47);
INSERT INTO user_associations(user_id, course_code, section_id) VALUES ('turner32','CSC124',48);
INSERT INTO user_associations(user_id, course_code, section_id) VALUES ('turner32','CSC124',49);
INSERT INTO user_associations(user_id, course_code, section_id) VALUES ('turner32','CSC124',50);
INSERT INTO user_associations(user_id, course_code, section_id) VALUES ('turner32','CSC124',51);
INSERT INTO user_associations(user_id, course_code, section_id) VALUES ('turner32','CSC124',52);
INSERT INTO user_associations(user_id, course_code, section_id) VALUES ('turner32','CSC124',53);
INSERT INTO user_associations(user_id, course_code, section_id) VALUES ('turner32','CSC124',54);
INSERT INTO user_associations(user_id, course_code, section_id) VALUES ('turner32','CSC246',55);
INSERT INTO user_associations(user_id, course_code, section_id) VALUES ('turner32','CSC246',56);
INSERT INTO user_associations(user_id, course_code, section_id) VALUES ('turner32','CSC246',57);
INSERT INTO user_associations(user_id, course_code, section_id) VALUES ('turner32','CSC119',58);
INSERT INTO user_associations(user_id, course_code, section_id) VALUES ('turner32','CSC119',59);
INSERT INTO user_associations(user_id, course_code, section_id) VALUES ('turner32','CSC119',60);
INSERT INTO user_associations(user_id, course_code, section_id) VALUES ('henry82','CSC302',35);
INSERT INTO user_associations(user_id, course_code, section_id) VALUES ('henry82','CSC302',36);
INSERT INTO user_associations(user_id, course_code, section_id) VALUES ('henry82','CSC302',37);
INSERT INTO user_associations(user_id, course_code, section_id) VALUES ('henry82','CSC302',38);
INSERT INTO user_associations(user_id, course_code, section_id) VALUES ('henry82','CSC302',39);
INSERT INTO user_associations(user_id, course_code, section_id) VALUES ('henry82','CSC302',40);
INSERT INTO user_associations(user_id, course_code, section_id) VALUES ('henry82','CSC209',41);
INSERT INTO user_associations(user_id, course_code, section_id) VALUES ('henry82','CSC209',42);
INSERT INTO user_associations(user_id, course_code, section_id) VALUES ('henry82','CSC209',43);
INSERT INTO user_associations(user_id, course_code, section_id) VALUES ('henry82','CSC209',44);
INSERT INTO user_associations(user_id, course_code, section_id) VALUES ('henry82','CSC209',45);
INSERT INTO user_associations(user_id, course_code, section_id) VALUES ('henry82','CSC209',46);
INSERT INTO user_associations(user_id, course_code, section_id) VALUES ('henry82','CSC209',47);
INSERT INTO user_associations(user_id, course_code, section_id) VALUES ('henry82','CSC124',48);
INSERT INTO user_associations(user_id, course_code, section_id) VALUES ('henry82','CSC124',49);
INSERT INTO user_associations(user_id, course_code, section_id) VALUES ('henry82','CSC124',50);
INSERT INTO user_associations(user_id, course_code, section_id) VALUES ('henry82','CSC124',51);
INSERT INTO user_associations(user_id, course_code, section_id) VALUES ('henry82','CSC124',52);
INSERT INTO user_associations(user_id, course_code, section_id) VALUES ('henry82','CSC124',53);
INSERT INTO user_associations(user_id, course_code, section_id) VALUES ('henry82','CSC124',54);
INSERT INTO user_associations(user_id, course_code, section_id) VALUES ('henry82','CSC246',55);
INSERT INTO user_associations(user_id, course_code, section_id) VALUES ('henry82','CSC246',56);
INSERT INTO user_associations(user_id, course_code, section_id) VALUES ('henry82','CSC246',57);
INSERT INTO user_associations(user_id, course_code, section_id) VALUES ('henry82','CSC119',58);
INSERT INTO user_associations(user_id, course_code, section_id) VALUES ('henry82','CSC119',59);
INSERT INTO user_associations(user_id, course_code, section_id) VALUES ('henry82','CSC119',60);
INSERT INTO user_associations(user_id, course_code, section_id) VALUES ('price24','PSY359',61);
INSERT INTO user_associations(user_id, course_code, section_id) VALUES ('price24','PSY359',62);
INSERT INTO user_associations(user_id, course_code, section_id) VALUES ('price24','PSY359',63);
INSERT INTO user_associations(user_id, course_code, section_id) VALUES ('price24','PSY359',64);
INSERT INTO user_associations(user_id, course_code, section_id) VALUES ('price24','PSY359',65);
INSERT INTO user_associations(user_id, course_code, section_id) VALUES ('price24','PSY359',66);
INSERT INTO user_associations(user_id, course_code, section_id) VALUES ('price24','PSY144',67);
INSERT INTO user_associations(user_id, course_code, section_id) VALUES ('price24','PSY144',68);
INSERT INTO user_associations(user_id, course_code, section_id) VALUES ('price24','PSY144',69);
INSERT INTO user_associations(user_id, course_code, section_id) VALUES ('price24','PSY144',70);
INSERT INTO user_associations(user_id, course_code, section_id) VALUES ('price24','PSY144',71);
INSERT INTO user_associations(user_id, course_code, section_id) VALUES ('price24','PSY262',72);
INSERT INTO user_associations(user_id, course_code, section_id) VALUES ('price24','PSY262',73);
INSERT INTO user_associations(user_id, course_code, section_id) VALUES ('price24','PSY262',74);
INSERT INTO user_associations(user_id, course_code, section_id) VALUES ('price24','PSY262',75);
INSERT INTO user_associations(user_id, course_code, section_id) VALUES ('price24','PSY262',76);
INSERT INTO user_associations(user_id, course_code, section_id) VALUES ('price24','PSY262',77);
INSERT INTO user_associations(user_id, course_code, section_id) VALUES ('price24','PSY256',78);
INSERT INTO user_associations(user_id, course_code, section_id) VALUES ('price24','PSY256',79);
INSERT INTO user_associations(user_id, course_code, section_id) VALUES ('price24','PSY256',80);
INSERT INTO user_associations(user_id, course_code, section_id) VALUES ('price24','PSY335',81);
INSERT INTO user_associations(user_id, course_code, section_id) VALUES ('price24','PSY335',82);
INSERT INTO user_associations(user_id, course_code, section_id) VALUES ('price24','PSY335',83);
INSERT INTO user_associations(user_id, course_code, section_id) VALUES ('price24','PSY133',84);
INSERT INTO user_associations(user_id, course_code, section_id) VALUES ('price24','PSY133',85);
INSERT INTO user_associations(user_id, course_code, section_id) VALUES ('price24','PSY133',86);
INSERT INTO user_associations(user_id, course_code, section_id) VALUES ('price24','PSY133',87);
INSERT INTO user_associations(user_id, course_code, section_id) VALUES ('lopez44','PSY359',61);
INSERT INTO user_associations(user_id, course_code, section_id) VALUES ('lopez44','PSY359',62);
INSERT INTO user_associations(user_id, course_code, section_id) VALUES ('lopez44','PSY359',63);
INSERT INTO user_associations(user_id, course_code, section_id) VALUES ('lopez44','PSY359',64);
INSERT INTO user_associations(user_id, course_code, section_id) VALUES ('lopez44','PSY359',65);
INSERT INTO user_associations(user_id, course_code, section_id) VALUES ('lopez44','PSY359',66);
INSERT INTO user_associations(user_id, course_code, section_id) VALUES ('lopez44','PSY144',67);
INSERT INTO user_associations(user_id, course_code, section_id) VALUES ('lopez44','PSY144',68);
INSERT INTO user_associations(user_id, course_code, section_id) VALUES ('lopez44','PSY144',69);
INSERT INTO user_associations(user_id, course_code, section_id) VALUES ('lopez44','PSY144',70);
INSERT INTO user_associations(user_id, course_code, section_id) VALUES ('lopez44','PSY144',71);
INSERT INTO user_associations(user_id, course_code, section_id) VALUES ('lopez44','PSY262',72);
INSERT INTO user_associations(user_id, course_code, section_id) VALUES ('lopez44','PSY262',73);
INSERT INTO user_associations(user_id, course_code, section_id) VALUES ('lopez44','PSY262',74);
INSERT INTO user_associations(user_id, course_code, section_id) VALUES ('lopez44','PSY262',75);
INSERT INTO user_associations(user_id, course_code, section_id) VALUES ('lopez44','PSY262',76);
INSERT INTO user_associations(user_id, course_code, section_id) VALUES ('lopez44','PSY262',77);
INSERT INTO user_associations(user_id, course_code, section_id) VALUES ('lopez44','PSY256',78);
INSERT INTO user_associations(user_id, course_code, section_id) VALUES ('lopez44','PSY256',79);
INSERT INTO user_associations(user_id, course_code, section_id) VALUES ('lopez44','PSY256',80);
INSERT INTO user_associations(user_id, course_code, section_id) VALUES ('lopez44','PSY335',81);
INSERT INTO user_associations(user_id, course_code, section_id) VALUES ('lopez44','PSY335',82);
INSERT INTO user_associations(user_id, course_code, section_id) VALUES ('lopez44','PSY335',83);
INSERT INTO user_associations(user_id, course_code, section_id) VALUES ('lopez44','PSY133',84);
INSERT INTO user_associations(user_id, course_code, section_id) VALUES ('lopez44','PSY133',85);
INSERT INTO user_associations(user_id, course_code, section_id) VALUES ('lopez44','PSY133',86);
INSERT INTO user_associations(user_id, course_code, section_id) VALUES ('lopez44','PSY133',87);
INSERT INTO user_associations(user_id, course_code, section_id) VALUES ('woods13','PSY359',61);
INSERT INTO user_associations(user_id, course_code, section_id) VALUES ('woods13','PSY359',62);
INSERT INTO user_associations(user_id, course_code, section_id) VALUES ('woods13','PSY359',63);
INSERT INTO user_associations(user_id, course_code, section_id) VALUES ('woods13','PSY359',64);
INSERT INTO user_associations(user_id, course_code, section_id) VALUES ('woods13','PSY359',65);
INSERT INTO user_associations(user_id, course_code, section_id) VALUES ('woods13','PSY359',66);
INSERT INTO user_associations(user_id, course_code, section_id) VALUES ('woods13','PSY144',67);
INSERT INTO user_associations(user_id, course_code, section_id) VALUES ('woods13','PSY144',68);
INSERT INTO user_associations(user_id, course_code, section_id) VALUES ('woods13','PSY144',69);
INSERT INTO user_associations(user_id, course_code, section_id) VALUES ('woods13','PSY144',70);
INSERT INTO user_associations(user_id, course_code, section_id) VALUES ('woods13','PSY144',71);
INSERT INTO user_associations(user_id, course_code, section_id) VALUES ('woods13','PSY262',72);
INSERT INTO user_associations(user_id, course_code, section_id) VALUES ('woods13','PSY262',73);
INSERT INTO user_associations(user_id, course_code, section_id) VALUES ('woods13','PSY262',74);
INSERT INTO user_associations(user_id, course_code, section_id) VALUES ('woods13','PSY262',75);
INSERT INTO user_associations(user_id, course_code, section_id) VALUES ('woods13','PSY262',76);
INSERT INTO user_associations(user_id, course_code, section_id) VALUES ('woods13','PSY262',77);
INSERT INTO user_associations(user_id, course_code, section_id) VALUES ('woods13','PSY256',78);
INSERT INTO user_associations(user_id, course_code, section_id) VALUES ('woods13','PSY256',79);
INSERT INTO user_associations(user_id, course_code, section_id) VALUES ('woods13','PSY256',80);
INSERT INTO user_associations(user_id, course_code, section_id) VALUES ('woods13','PSY335',81);
INSERT INTO user_associations(user_id, course_code, section_id) VALUES ('woods13','PSY335',82);
INSERT INTO user_associations(user_id, course_code, section_id) VALUES ('woods13','PSY335',83);
INSERT INTO user_associations(user_id, course_code, section_id) VALUES ('woods13','PSY133',84);
INSERT INTO user_associations(user_id, course_code, section_id) VALUES ('woods13','PSY133',85);
INSERT INTO user_associations(user_id, course_code, section_id) VALUES ('woods13','PSY133',86);
INSERT INTO user_associations(user_id, course_code, section_id) VALUES ('woods13','PSY133',87);
INSERT INTO user_associations(user_id, course_code, section_id) VALUES ('wright89','CSC302',35);
INSERT INTO user_associations(user_id, course_code, section_id) VALUES ('wright89','CSC302',36);
INSERT INTO user_associations(user_id, course_code, section_id) VALUES ('wright89','CSC302',37);
INSERT INTO user_associations(user_id, course_code, section_id) VALUES ('wright89','CSC302',38);
INSERT INTO user_associations(user_id, course_code, section_id) VALUES ('wright89','CSC302',39);
INSERT INTO user_associations(user_id, course_code, section_id) VALUES ('wright89','CSC302',40);
INSERT INTO user_associations(user_id, course_code, section_id) VALUES ('wright89','CSC209',41);
INSERT INTO user_associations(user_id, course_code, section_id) VALUES ('wright89','CSC209',42);
INSERT INTO user_associations(user_id, course_code, section_id) VALUES ('wright89','CSC209',43);
INSERT INTO user_associations(user_id, course_code, section_id) VALUES ('wright89','CSC209',44);
INSERT INTO user_associations(user_id, course_code, section_id) VALUES ('wright89','CSC209',45);
INSERT INTO user_associations(user_id, course_code, section_id) VALUES ('wright89','CSC209',46);
INSERT INTO user_associations(user_id, course_code, section_id) VALUES ('wright89','CSC209',47);
INSERT INTO user_associations(user_id, course_code, section_id) VALUES ('wright89','CSC124',48);
INSERT INTO user_associations(user_id, course_code, section_id) VALUES ('wright89','CSC124',49);
INSERT INTO user_associations(user_id, course_code, section_id) VALUES ('wright89','CSC124',50);
INSERT INTO user_associations(user_id, course_code, section_id) VALUES ('wright89','CSC124',51);
INSERT INTO user_associations(user_id, course_code, section_id) VALUES ('wright89','CSC124',52);
INSERT INTO user_associations(user_id, course_code, section_id) VALUES ('wright89','CSC124',53);
INSERT INTO user_associations(user_id, course_code, section_id) VALUES ('wright89','CSC124',54);
INSERT INTO user_associations(user_id, course_code, section_id) VALUES ('wright89','CSC246',55);
INSERT INTO user_associations(user_id, course_code, section_id) VALUES ('wright89','CSC246',56);
INSERT INTO user_associations(user_id, course_code, section_id) VALUES ('wright89','CSC246',57);
INSERT INTO user_associations(user_id, course_code, section_id) VALUES ('wright89','CSC119',58);
INSERT INTO user_associations(user_id, course_code, section_id) VALUES ('wright89','CSC119',59);
INSERT INTO user_associations(user_id, course_code, section_id) VALUES ('wright89','CSC119',60);
INSERT INTO user_associations(user_id, course_code, section_id) VALUES ('allen89','HIS284',136);
INSERT INTO user_associations(user_id, course_code, section_id) VALUES ('allen89','HIS284',137);
INSERT INTO user_associations(user_id, course_code, section_id) VALUES ('allen89','HIS284',138);
INSERT INTO user_associations(user_id, course_code, section_id) VALUES ('allen89','HIS284',139);
INSERT INTO user_associations(user_id, course_code, section_id) VALUES ('allen89','HIS284',140);
INSERT INTO user_associations(user_id, course_code, section_id) VALUES ('allen89','HIS284',141);
INSERT INTO user_associations(user_id, course_code, section_id) VALUES ('allen89','HIS284',142);
INSERT INTO user_associations(user_id, course_code, section_id) VALUES ('allen89','HIS205',143);
INSERT INTO user_associations(user_id, course_code, section_id) VALUES ('allen89','HIS205',144);
INSERT INTO user_associations(user_id, course_code, section_id) VALUES ('allen89','HIS205',145);
INSERT INTO user_associations(user_id, course_code, section_id) VALUES ('allen89','HIS205',146);
INSERT INTO user_associations(user_id, course_code, section_id) VALUES ('allen89','HIS363',147);
INSERT INTO user_associations(user_id, course_code, section_id) VALUES ('allen89','HIS363',148);
INSERT INTO user_associations(user_id, course_code, section_id) VALUES ('allen89','HIS363',149);
INSERT INTO user_associations(user_id, course_code, section_id) VALUES ('allen89','HIS315',150);
INSERT INTO user_associations(user_id, course_code, section_id) VALUES ('allen89','HIS315',151);
INSERT INTO user_associations(user_id, course_code, section_id) VALUES ('allen89','HIS315',152);
INSERT INTO user_associations(user_id, course_code, section_id) VALUES ('allen89','HIS315',153);
INSERT INTO user_associations(user_id, course_code, section_id) VALUES ('allen89','HIS315',154);
INSERT INTO user_associations(user_id, course_code, section_id) VALUES ('allen89','HIS315',155);
INSERT INTO user_associations(user_id, course_code, section_id) VALUES ('allen89','HIS189',156);
INSERT INTO user_associations(user_id, course_code, section_id) VALUES ('allen89','HIS189',157);
INSERT INTO user_associations(user_id, course_code, section_id) VALUES ('allen89','HIS189',158);
INSERT INTO user_associations(user_id, course_code, section_id) VALUES ('allen89','HIS399',159);
INSERT INTO user_associations(user_id, course_code, section_id) VALUES ('allen89','HIS399',160);
INSERT INTO user_associations(user_id, course_code, section_id) VALUES ('allen89','HIS399',161);
INSERT INTO user_associations(user_id, course_code, section_id) VALUES ('allen89','HIS399',162);
INSERT INTO user_associations(user_id, course_code, section_id) VALUES ('allen89','HIS399',163);

INSERT INTO questions(answer_type,content) VALUES ('rating','{"type":"rating","name":"Understanding","title":"The tutorial/lab helped me better understand the course material.","rateValues":[{"value":"1","text":"Not at all"},{"value":"2","text":"Somewhat"},{"value":"3","text":"Moderately"},{"value":"4","text":"Mostly"},{"value":"5","text":"A great deal"}]}');
INSERT INTO questions(answer_type,content) VALUES ('rating','{"type":"rating","name":"Organization","title":"The tutorial/lab sessions were organized.","rateValues":[{"value":"1","text":"Not at all"},{"value":"2","text":"Somewhat"},{"value":"3","text":"Moderately"},{"value":"4","text":"Mostly"},{"value":"5","text":"A great deal"}]}');
INSERT INTO questions(answer_type,content) VALUES ('rating','{"type":"rating","name":"Preparedness","title":"The teaching assistant was well-prepared for tutorial/lab sessions.","rateValues":[{"value":"1","text":"Not at all"},{"value":"2","text":"Somewhat"},{"value":"3","text":"Moderately"},{"value":"4","text":"Mostly"},{"value":"5","text":"A great deal"}]}');
INSERT INTO questions(answer_type,content) VALUES ('rating','{"type":"rating","name":"Explanations","title":"The teaching assistant explained tutorial/lab topics and concepts clearly.","rateValues":[{"value":"1","text":"Not at all"},{"value":"2","text":"Somewhat"},{"value":"3","text":"Moderately"},{"value":"4","text":"Mostly"},{"value":"5","text":"A great deal"}]}');
INSERT INTO questions(answer_type,content) VALUES ('rating','{"type":"rating","name":"Respectfulness","title":"The teaching assistant responded respectfully to student questions during lab/tutorial sessions.","rateValues":[{"value":"1","text":"Not at all"},{"value":"2","text":"Somewhat"},{"value":"3","text":"Moderately"},{"value":"4","text":"Mostly"},{"value":"5","text":"A great deal"}]}');
INSERT INTO questions(answer_type,content) VALUES ('rating','{"type":"rating","name":"Learning","title":"The support my teaching assistant provided in the course contributed to my overall learning.","rateValues":[{"value":"1","text":"Not at all"},{"value":"2","text":"Somewhat"},{"value":"3","text":"Moderately"},{"value":"4","text":"Mostly"},{"value":"5","text":"A great deal"}]}');
INSERT INTO questions(answer_type,content) VALUES ('rating','{"type":"rating","name":"Feedback","title":"The teaching assistant\s feedback on course assignments, projects, papers and/or tests helped me understand the grades I received.","rateValues":[{"value":"1","text":"Not at all"},{"value":"2","text":"Somewhat"},{"value":"3","text":"Moderately"},{"value":"4","text":"Mostly"},{"value":"5","text":"A great deal"}]}');
INSERT INTO questions(answer_type,content) VALUES ('rating','{"type":"rating","name":"Feedback2","title":"The teaching assistant\s feedback on course assignments, projects, papers and/or tests improved my understanding of the course material.","rateValues":[{"value":"1","text":"Not at all"},{"value":"2","text":"Somewhat"},{"value":"3","text":"Moderately"},{"value":"4","text":"Mostly"},{"value":"5","text":"A great deal"}]}');
INSERT INTO questions(answer_type,content) VALUES ('rating','{"type":"rating","name":"Enthusiasm","title":"The teaching assistant was enthusiastic about the tutorial/lab material.","rateValues":[{"value":"1","text":"Not at all"},{"value":"2","text":"Somewhat"},{"value":"3","text":"Moderately"},{"value":"4","text":"Mostly"},{"value":"5","text":"A great deal"}]}');
INSERT INTO questions(answer_type,content) VALUES ('rating','{"type":"rating","name":"Quality","title":"Overall, the quality of support the teaching assistant provided in the tutorial/lab was:","rateValues":[{"value":"1","text":"Poor"},{"value":"2","text":"Fair"},{"value":"3","text":"Good"},{"value":"4","text":"Very Good"},{"value":"5","text":"Excellent"}]}');
INSERT INTO questions(answer_type,content) VALUES ('rating','{"type":"rating","name":"Quality2","title":"Overall, the quality of my learning experience in the tutorial/lab was:","rateValues":[{"value":"1","text":"Poor"},{"value":"2","text":"Fair"},{"value":"3","text":"Good"},{"value":"4","text":"Very Good"},{"value":"5","text":"Excellent"}]}');
INSERT INTO questions(answer_type,content) VALUES ('comment','{"type":"comment","name":"Comments","title":"Please comment on your overall learning experience in the tutorial/lab session."}');

INSERT INTO choices(choice1,choice2,choice3,choice4,choice5,choice6) VALUES (9,7,8,1,4,5);
INSERT INTO choices(choice1,choice2,choice3,choice4,choice5,choice6) VALUES (10,8,7,2,3,5);
INSERT INTO choices(choice1,choice2,choice3,choice4,choice5,choice6) VALUES (1,2,11,3,9,12);
INSERT INTO choices(choice1,choice2,choice3,choice4,choice5,choice6) VALUES (8,6,2,9,1,12);
INSERT INTO choices(choice1,choice2,choice3,choice4,choice5,choice6) VALUES (4,3,6,7,5,8);
INSERT INTO choices(choice1,choice2,choice3,choice4,choice5,choice6) VALUES (12,7,5,6,8,2);
INSERT INTO choices(choice1,choice2,choice3,choice4,choice5,choice6) VALUES (2,6,1,4,5,11);
INSERT INTO choices(choice1,choice2,choice3,choice4,choice5,choice6) VALUES (12,7,9,6,8,10);
INSERT INTO choices(choice1,choice2,choice3,choice4,choice5,choice6) VALUES (5,12,3,10,6,11);
INSERT INTO choices(choice1,choice2,choice3,choice4,choice5,choice6) VALUES (1,12,6,9,10,5);
INSERT INTO choices(choice1,choice2,choice3,choice4,choice5,choice6) VALUES (6,8,2,7,10,9);
INSERT INTO choices(choice1,choice2,choice3,choice4,choice5,choice6) VALUES (11,5,7,9,2,6);
INSERT INTO choices(choice1,choice2,choice3,choice4,choice5,choice6) VALUES (6,3,7,5,8,1);
INSERT INTO choices(choice1,choice2,choice3,choice4,choice5,choice6) VALUES (7,1,12,11,4,6);
INSERT INTO choices(choice1,choice2,choice3,choice4,choice5,choice6) VALUES (11,9,10,12,2,5);
INSERT INTO choices(choice1,choice2,choice3,choice4,choice5,choice6) VALUES (2,9,6,10,8,1);
INSERT INTO choices(choice1,choice2,choice3,choice4,choice5,choice6) VALUES (11,1,12,10,4,7);
INSERT INTO choices(choice1,choice2,choice3,choice4,choice5,choice6) VALUES (10,2,7,5,4,3);
INSERT INTO choices(choice1,choice2,choice3,choice4,choice5,choice6) VALUES (5,11,2,10,12,3);
INSERT INTO choices(choice1,choice2,choice3,choice4,choice5,choice6) VALUES (11,6,7,8,1,4);
INSERT INTO dept_survey_choices (choices_id, department_name, user_id) VALUES (18,'Mathematics','lopez44');
INSERT INTO dept_survey_choices (choices_id, department_name, user_id) VALUES (7,'Computer Science','price24');
INSERT INTO dept_survey_choices (choices_id, department_name, user_id) VALUES (7,'Psychology','turner32');
INSERT INTO dept_survey_choices (choices_id, department_name, user_id) VALUES (1,'Biology','henry82');
INSERT INTO dept_survey_choices (choices_id, department_name, user_id) VALUES (17,'History','lopez44');

INSERT INTO surveys(dept_survey_choice_id,course_survey_choice_id,ta_survey_choice_id,name,term,default_survey_open,default_survey_close) VALUES (1,NULL,NULL,'Change the name of this Survey','201801','2008-11-09 00:00:00','2008-11-12 00:00:00');
INSERT INTO surveys(dept_survey_choice_id,course_survey_choice_id,ta_survey_choice_id,name,term,default_survey_open,default_survey_close) VALUES (4,NULL,NULL,'Change the name of this Survey','201805','2008-11-09 00:00:00','2008-11-12 00:00:00');
INSERT INTO surveys(dept_survey_choice_id,course_survey_choice_id,ta_survey_choice_id,name,term,default_survey_open,default_survey_close) VALUES (1,NULL,NULL,'Change the name of this Survey','201809','2008-11-09 00:00:00','2008-11-12 00:00:00');
INSERT INTO surveys(dept_survey_choice_id,course_survey_choice_id,ta_survey_choice_id,name,term,default_survey_open,default_survey_close) VALUES (3,NULL,NULL,'Change the name of this Survey','201901','2008-11-09 00:00:00','2008-11-12 00:00:00');
INSERT INTO surveys(dept_survey_choice_id,course_survey_choice_id,ta_survey_choice_id,name,term,default_survey_open,default_survey_close) VALUES (4,NULL,NULL,'Change the name of this Survey','201905','2008-11-09 00:00:00','2008-11-12 00:00:00');
INSERT INTO surveys(dept_survey_choice_id,course_survey_choice_id,ta_survey_choice_id,name,term,default_survey_open,default_survey_close) VALUES (1,NULL,NULL,'Change the name of this Survey','201909','2008-11-09 00:00:00','2008-11-12 00:00:00');
INSERT INTO surveys(dept_survey_choice_id,course_survey_choice_id,ta_survey_choice_id,name,term,default_survey_open,default_survey_close) VALUES (5,NULL,NULL,'Change the name of this Survey','202001','2008-11-09 00:00:00','2008-11-12 00:00:00');
INSERT INTO surveys(dept_survey_choice_id,course_survey_choice_id,ta_survey_choice_id,name,term,default_survey_open,default_survey_close) VALUES (1,NULL,NULL,'Change the name of this Survey','202005','2008-11-09 00:00:00','2008-11-12 00:00:00');
INSERT INTO surveys(dept_survey_choice_id,course_survey_choice_id,ta_survey_choice_id,name,term,default_survey_open,default_survey_close) VALUES (5,NULL,NULL,'Change the name of this Survey','202009','2008-11-09 00:00:00','2008-11-12 00:00:00');
INSERT INTO surveys(dept_survey_choice_id,course_survey_choice_id,ta_survey_choice_id,name,term,default_survey_open,default_survey_close) VALUES (5,NULL,NULL,'Change the name of this Survey','202101','2008-11-09 00:00:00','2008-11-12 00:00:00');
INSERT INTO surveys(dept_survey_choice_id,course_survey_choice_id,ta_survey_choice_id,name,term,default_survey_open,default_survey_close) VALUES (4,NULL,NULL,'Change the name of this Survey','202105','2008-11-09 00:00:00','2008-11-12 00:00:00');
INSERT INTO surveys(dept_survey_choice_id,course_survey_choice_id,ta_survey_choice_id,name,term,default_survey_open,default_survey_close) VALUES (4,NULL,NULL,'Change the name of this Survey','202109','2008-11-09 00:00:00','2008-11-12 00:00:00');
INSERT INTO surveys(dept_survey_choice_id,course_survey_choice_id,ta_survey_choice_id,name,term,default_survey_open,default_survey_close) VALUES (2,NULL,NULL,'Change the name of this Survey','202201','2008-11-09 00:00:00','2008-11-12 00:00:00');
INSERT INTO surveys(dept_survey_choice_id,course_survey_choice_id,ta_survey_choice_id,name,term,default_survey_open,default_survey_close) VALUES (1,NULL,NULL,'Change the name of this Survey','202205','2008-11-09 00:00:00','2008-11-12 00:00:00');
INSERT INTO surveys(dept_survey_choice_id,course_survey_choice_id,ta_survey_choice_id,name,term,default_survey_open,default_survey_close) VALUES (4,NULL,NULL,'Change the name of this Survey','202209','2008-11-09 00:00:00','2008-11-12 00:00:00');
INSERT INTO surveys(dept_survey_choice_id,course_survey_choice_id,ta_survey_choice_id,name,term,default_survey_open,default_survey_close) VALUES (2,NULL,NULL,'Change the name of this Survey','202301','2008-11-09 00:00:00','2008-11-12 00:00:00');
INSERT INTO surveys(dept_survey_choice_id,course_survey_choice_id,ta_survey_choice_id,name,term,default_survey_open,default_survey_close) VALUES (5,NULL,NULL,'Change the name of this Survey','202305','2008-11-09 00:00:00','2008-11-12 00:00:00');
INSERT INTO surveys(dept_survey_choice_id,course_survey_choice_id,ta_survey_choice_id,name,term,default_survey_open,default_survey_close) VALUES (1,NULL,NULL,'Change the name of this Survey','202309','2008-11-09 00:00:00','2008-11-12 00:00:00');

