USE `tafs`;
INSERT INTO departments VALUES('CSC'); 
INSERT INTO departments VALUES('MAT');


INSERT INTO users VALUES ('admin0',0,0,1,'admin0',NULL);
INSERT INTO users VALUES ('admin1',0,0,1,'admin1',NULL);
INSERT INTO users VALUES ('prof0',0,1,0,'prof0',NULL);
INSERT INTO users VALUES ('prof1',0,1,0,'prof1',NULL);
INSERT INTO users VALUES ('prof2',0,1,0,'prof2',NULL);
INSERT INTO users VALUES ('prof3',0,1,0,'prof3',NULL);
INSERT INTO users VALUES ('prof4',0,1,0,'prof4',NULL);
INSERT INTO users VALUES ('ta0',1,0,0,'ta0',NULL);
INSERT INTO users VALUES ('ta1',1,0,0,'ta1',NULL);
INSERT INTO users VALUES ('ta2',1,0,0,'ta2',NULL);
INSERT INTO users VALUES ('ta3',1,0,0,'ta3',NULL);
INSERT INTO users VALUES ('ta4',1,0,0,'ta4',NULL);
INSERT INTO users VALUES ('ta5',1,0,0,'ta5',NULL);
INSERT INTO users VALUES ('ta6',1,0,0,'ta6',NULL);
INSERT INTO users VALUES ('ta7',1,0,0,'ta7',NULL);
INSERT INTO users VALUES ('ta8',1,0,0,'ta8',NULL);
INSERT INTO users VALUES ('ta9',1,0,0,'ta9',NULL);
INSERT INTO users VALUES ('ta10',1,0,0,'ta10',NULL);
INSERT INTO users VALUES ('ta11',1,0,0,'ta11',NULL);
INSERT INTO users VALUES ('ta12',1,0,0,'ta12',NULL);
INSERT INTO users VALUES ('ta13',1,0,0,'ta13',NULL);
INSERT INTO users VALUES ('ta14',1,0,0,'ta14',NULL);
INSERT INTO users VALUES ('ta15',1,0,0,'ta15',NULL);
INSERT INTO users VALUES ('ta16',1,0,0,'ta16',NULL);
INSERT INTO users VALUES ('ta17',1,0,0,'ta17',NULL);
INSERT INTO users VALUES ('ta18',1,0,0,'ta18',NULL);
INSERT INTO users VALUES ('ta19',1,0,0,'ta19',NULL);
INSERT INTO courses VALUES ('CSC100','CSC100','CSC');
INSERT INTO sections (course_code, term, meeting_time, room, section_code) VALUES ('CSC100',201709,'2008-11-09','BA1101','LEC0100');
INSERT INTO sections (course_code, term, meeting_time, room, section_code) VALUES ('CSC100',201709,'2008-11-09','BA1102','LEC0101');
INSERT INTO sections (course_code, term, meeting_time, room, section_code) VALUES ('CSC100',201709,'2008-11-09','BA1103','LEC0102');
INSERT INTO sections (course_code, term, meeting_time, room, section_code) VALUES ('CSC100',201709,'2008-11-09','BA1103','LEC0103');
INSERT INTO sections (course_code, term, meeting_time, room, section_code) VALUES ('CSC100',201709,'2008-11-09','BA1103','LEC0104');
INSERT INTO sections (course_code, term, meeting_time, room, section_code) VALUES ('CSC100',201801,'2008-11-09','BA1100','LEC0100');
INSERT INTO sections (course_code, term, meeting_time, room, section_code) VALUES ('CSC100',201801,'2008-11-09','BA1104','LEC0101');
INSERT INTO sections (course_code, term, meeting_time, room, section_code) VALUES ('CSC100',201801,'2008-11-09','BA1102','LEC0102');
INSERT INTO sections (course_code, term, meeting_time, room, section_code) VALUES ('CSC100',201801,'2008-11-09','BA1102','LEC0103');
INSERT INTO sections (course_code, term, meeting_time, room, section_code) VALUES ('CSC100',201801,'2008-11-09','BA1103','LEC0104');
INSERT INTO user_associations(user_id, course_code, section_id) VALUES ('admin0','CSC100',1);
INSERT INTO user_associations(user_id, course_code, section_id) VALUES ('ta5','CSC100',1);
INSERT INTO user_associations(user_id, course_code, section_id) VALUES ('prof1','CSC100',1);
INSERT INTO user_associations(user_id, course_code, section_id) VALUES ('admin0','CSC100',2);
INSERT INTO user_associations(user_id, course_code, section_id) VALUES ('ta8','CSC100',2);
INSERT INTO user_associations(user_id, course_code, section_id) VALUES ('prof3','CSC100',2);
INSERT INTO user_associations(user_id, course_code, section_id) VALUES ('admin0','CSC100',3);
INSERT INTO user_associations(user_id, course_code, section_id) VALUES ('ta5','CSC100',3);
INSERT INTO user_associations(user_id, course_code, section_id) VALUES ('prof0','CSC100',3);
INSERT INTO user_associations(user_id, course_code, section_id) VALUES ('admin0','CSC100',4);
INSERT INTO user_associations(user_id, course_code, section_id) VALUES ('ta2','CSC100',4);
INSERT INTO user_associations(user_id, course_code, section_id) VALUES ('prof4','CSC100',4);
INSERT INTO user_associations(user_id, course_code, section_id) VALUES ('admin0','CSC100',5);
INSERT INTO user_associations(user_id, course_code, section_id) VALUES ('ta16','CSC100',5);
INSERT INTO user_associations(user_id, course_code, section_id) VALUES ('prof0','CSC100',5);
INSERT INTO user_associations(user_id, course_code, section_id) VALUES ('admin0','CSC100',6);
INSERT INTO user_associations(user_id, course_code, section_id) VALUES ('ta3','CSC100',6);
INSERT INTO user_associations(user_id, course_code, section_id) VALUES ('prof1','CSC100',6);
INSERT INTO user_associations(user_id, course_code, section_id) VALUES ('admin0','CSC100',7);
INSERT INTO user_associations(user_id, course_code, section_id) VALUES ('ta13','CSC100',7);
INSERT INTO user_associations(user_id, course_code, section_id) VALUES ('prof2','CSC100',7);
INSERT INTO user_associations(user_id, course_code, section_id) VALUES ('admin0','CSC100',8);
INSERT INTO user_associations(user_id, course_code, section_id) VALUES ('ta2','CSC100',8);
INSERT INTO user_associations(user_id, course_code, section_id) VALUES ('prof1','CSC100',8);
INSERT INTO user_associations(user_id, course_code, section_id) VALUES ('admin0','CSC100',9);
INSERT INTO user_associations(user_id, course_code, section_id) VALUES ('ta3','CSC100',9);
INSERT INTO user_associations(user_id, course_code, section_id) VALUES ('prof0','CSC100',9);
INSERT INTO user_associations(user_id, course_code, section_id) VALUES ('admin0','CSC100',10);
INSERT INTO user_associations(user_id, course_code, section_id) VALUES ('ta11','CSC100',10);
INSERT INTO user_associations(user_id, course_code, section_id) VALUES ('prof3','CSC100',10);
INSERT INTO courses VALUES ('CSC101','CSC101','CSC');
INSERT INTO sections (course_code, term, meeting_time, room, section_code) VALUES ('CSC101',201709,'2008-11-09','BA1104','LEC0100');
INSERT INTO sections (course_code, term, meeting_time, room, section_code) VALUES ('CSC101',201709,'2008-11-09','BA1100','LEC0101');
INSERT INTO sections (course_code, term, meeting_time, room, section_code) VALUES ('CSC101',201709,'2008-11-09','BA1103','LEC0102');
INSERT INTO sections (course_code, term, meeting_time, room, section_code) VALUES ('CSC101',201709,'2008-11-09','BA1103','LEC0103');
INSERT INTO sections (course_code, term, meeting_time, room, section_code) VALUES ('CSC101',201709,'2008-11-09','BA1104','LEC0104');
INSERT INTO sections (course_code, term, meeting_time, room, section_code) VALUES ('CSC101',201801,'2008-11-09','BA1101','LEC0100');
INSERT INTO sections (course_code, term, meeting_time, room, section_code) VALUES ('CSC101',201801,'2008-11-09','BA1102','LEC0101');
INSERT INTO sections (course_code, term, meeting_time, room, section_code) VALUES ('CSC101',201801,'2008-11-09','BA1101','LEC0102');
INSERT INTO sections (course_code, term, meeting_time, room, section_code) VALUES ('CSC101',201801,'2008-11-09','BA1101','LEC0103');
INSERT INTO sections (course_code, term, meeting_time, room, section_code) VALUES ('CSC101',201801,'2008-11-09','BA1101','LEC0104');
INSERT INTO user_associations(user_id, course_code, section_id) VALUES ('admin0','CSC101',11);
INSERT INTO user_associations(user_id, course_code, section_id) VALUES ('ta7','CSC101',11);
INSERT INTO user_associations(user_id, course_code, section_id) VALUES ('prof2','CSC101',11);
INSERT INTO user_associations(user_id, course_code, section_id) VALUES ('admin0','CSC101',12);
INSERT INTO user_associations(user_id, course_code, section_id) VALUES ('ta3','CSC101',12);
INSERT INTO user_associations(user_id, course_code, section_id) VALUES ('prof3','CSC101',12);
INSERT INTO user_associations(user_id, course_code, section_id) VALUES ('admin0','CSC101',13);
INSERT INTO user_associations(user_id, course_code, section_id) VALUES ('ta5','CSC101',13);
INSERT INTO user_associations(user_id, course_code, section_id) VALUES ('prof2','CSC101',13);
INSERT INTO user_associations(user_id, course_code, section_id) VALUES ('admin0','CSC101',14);
INSERT INTO user_associations(user_id, course_code, section_id) VALUES ('ta18','CSC101',14);
INSERT INTO user_associations(user_id, course_code, section_id) VALUES ('prof3','CSC101',14);
INSERT INTO user_associations(user_id, course_code, section_id) VALUES ('admin0','CSC101',15);
INSERT INTO user_associations(user_id, course_code, section_id) VALUES ('ta15','CSC101',15);
INSERT INTO user_associations(user_id, course_code, section_id) VALUES ('prof3','CSC101',15);
INSERT INTO user_associations(user_id, course_code, section_id) VALUES ('admin0','CSC101',16);
INSERT INTO user_associations(user_id, course_code, section_id) VALUES ('ta5','CSC101',16);
INSERT INTO user_associations(user_id, course_code, section_id) VALUES ('prof1','CSC101',16);
INSERT INTO user_associations(user_id, course_code, section_id) VALUES ('admin0','CSC101',17);
INSERT INTO user_associations(user_id, course_code, section_id) VALUES ('ta12','CSC101',17);
INSERT INTO user_associations(user_id, course_code, section_id) VALUES ('prof3','CSC101',17);
INSERT INTO user_associations(user_id, course_code, section_id) VALUES ('admin0','CSC101',18);
INSERT INTO user_associations(user_id, course_code, section_id) VALUES ('ta12','CSC101',18);
INSERT INTO user_associations(user_id, course_code, section_id) VALUES ('prof2','CSC101',18);
INSERT INTO user_associations(user_id, course_code, section_id) VALUES ('admin0','CSC101',19);
INSERT INTO user_associations(user_id, course_code, section_id) VALUES ('ta2','CSC101',19);
INSERT INTO user_associations(user_id, course_code, section_id) VALUES ('prof3','CSC101',19);
INSERT INTO user_associations(user_id, course_code, section_id) VALUES ('admin0','CSC101',20);
INSERT INTO user_associations(user_id, course_code, section_id) VALUES ('ta18','CSC101',20);
INSERT INTO user_associations(user_id, course_code, section_id) VALUES ('prof2','CSC101',20);
INSERT INTO courses VALUES ('CSC102','CSC102','CSC');
INSERT INTO sections (course_code, term, meeting_time, room, section_code) VALUES ('CSC102',201709,'2008-11-09','BA1101','LEC0100');
INSERT INTO sections (course_code, term, meeting_time, room, section_code) VALUES ('CSC102',201709,'2008-11-09','BA1103','LEC0101');
INSERT INTO sections (course_code, term, meeting_time, room, section_code) VALUES ('CSC102',201709,'2008-11-09','BA1100','LEC0102');
INSERT INTO sections (course_code, term, meeting_time, room, section_code) VALUES ('CSC102',201709,'2008-11-09','BA1104','LEC0103');
INSERT INTO sections (course_code, term, meeting_time, room, section_code) VALUES ('CSC102',201709,'2008-11-09','BA1102','LEC0104');
INSERT INTO sections (course_code, term, meeting_time, room, section_code) VALUES ('CSC102',201801,'2008-11-09','BA1103','LEC0100');
INSERT INTO sections (course_code, term, meeting_time, room, section_code) VALUES ('CSC102',201801,'2008-11-09','BA1102','LEC0101');
INSERT INTO sections (course_code, term, meeting_time, room, section_code) VALUES ('CSC102',201801,'2008-11-09','BA1103','LEC0102');
INSERT INTO sections (course_code, term, meeting_time, room, section_code) VALUES ('CSC102',201801,'2008-11-09','BA1101','LEC0103');
INSERT INTO sections (course_code, term, meeting_time, room, section_code) VALUES ('CSC102',201801,'2008-11-09','BA1100','LEC0104');
INSERT INTO user_associations(user_id, course_code, section_id) VALUES ('admin0','CSC102',21);
INSERT INTO user_associations(user_id, course_code, section_id) VALUES ('ta12','CSC102',21);
INSERT INTO user_associations(user_id, course_code, section_id) VALUES ('prof2','CSC102',21);
INSERT INTO user_associations(user_id, course_code, section_id) VALUES ('admin0','CSC102',22);
INSERT INTO user_associations(user_id, course_code, section_id) VALUES ('ta14','CSC102',22);
INSERT INTO user_associations(user_id, course_code, section_id) VALUES ('prof4','CSC102',22);
INSERT INTO user_associations(user_id, course_code, section_id) VALUES ('admin0','CSC102',23);
INSERT INTO user_associations(user_id, course_code, section_id) VALUES ('ta15','CSC102',23);
INSERT INTO user_associations(user_id, course_code, section_id) VALUES ('prof2','CSC102',23);
INSERT INTO user_associations(user_id, course_code, section_id) VALUES ('admin0','CSC102',24);
INSERT INTO user_associations(user_id, course_code, section_id) VALUES ('ta16','CSC102',24);
INSERT INTO user_associations(user_id, course_code, section_id) VALUES ('prof3','CSC102',24);
INSERT INTO user_associations(user_id, course_code, section_id) VALUES ('admin0','CSC102',25);
INSERT INTO user_associations(user_id, course_code, section_id) VALUES ('ta0','CSC102',25);
INSERT INTO user_associations(user_id, course_code, section_id) VALUES ('prof4','CSC102',25);
INSERT INTO user_associations(user_id, course_code, section_id) VALUES ('admin0','CSC102',26);
INSERT INTO user_associations(user_id, course_code, section_id) VALUES ('ta0','CSC102',26);
INSERT INTO user_associations(user_id, course_code, section_id) VALUES ('prof0','CSC102',26);
INSERT INTO user_associations(user_id, course_code, section_id) VALUES ('admin0','CSC102',27);
INSERT INTO user_associations(user_id, course_code, section_id) VALUES ('ta12','CSC102',27);
INSERT INTO user_associations(user_id, course_code, section_id) VALUES ('prof2','CSC102',27);
INSERT INTO user_associations(user_id, course_code, section_id) VALUES ('admin0','CSC102',28);
INSERT INTO user_associations(user_id, course_code, section_id) VALUES ('ta1','CSC102',28);
INSERT INTO user_associations(user_id, course_code, section_id) VALUES ('prof4','CSC102',28);
INSERT INTO user_associations(user_id, course_code, section_id) VALUES ('admin0','CSC102',29);
INSERT INTO user_associations(user_id, course_code, section_id) VALUES ('ta4','CSC102',29);
INSERT INTO user_associations(user_id, course_code, section_id) VALUES ('prof0','CSC102',29);
INSERT INTO user_associations(user_id, course_code, section_id) VALUES ('admin0','CSC102',30);
INSERT INTO user_associations(user_id, course_code, section_id) VALUES ('ta6','CSC102',30);
INSERT INTO user_associations(user_id, course_code, section_id) VALUES ('prof4','CSC102',30);
INSERT INTO courses VALUES ('CSC103','CSC103','CSC');
INSERT INTO sections (course_code, term, meeting_time, room, section_code) VALUES ('CSC103',201709,'2008-11-09','BA1103','LEC0100');
INSERT INTO sections (course_code, term, meeting_time, room, section_code) VALUES ('CSC103',201709,'2008-11-09','BA1103','LEC0101');
INSERT INTO sections (course_code, term, meeting_time, room, section_code) VALUES ('CSC103',201709,'2008-11-09','BA1101','LEC0102');
INSERT INTO sections (course_code, term, meeting_time, room, section_code) VALUES ('CSC103',201709,'2008-11-09','BA1103','LEC0103');
INSERT INTO sections (course_code, term, meeting_time, room, section_code) VALUES ('CSC103',201709,'2008-11-09','BA1102','LEC0104');
INSERT INTO sections (course_code, term, meeting_time, room, section_code) VALUES ('CSC103',201801,'2008-11-09','BA1102','LEC0100');
INSERT INTO sections (course_code, term, meeting_time, room, section_code) VALUES ('CSC103',201801,'2008-11-09','BA1103','LEC0101');
INSERT INTO sections (course_code, term, meeting_time, room, section_code) VALUES ('CSC103',201801,'2008-11-09','BA1100','LEC0102');
INSERT INTO sections (course_code, term, meeting_time, room, section_code) VALUES ('CSC103',201801,'2008-11-09','BA1101','LEC0103');
INSERT INTO sections (course_code, term, meeting_time, room, section_code) VALUES ('CSC103',201801,'2008-11-09','BA1104','LEC0104');
INSERT INTO user_associations(user_id, course_code, section_id) VALUES ('admin0','CSC103',31);
INSERT INTO user_associations(user_id, course_code, section_id) VALUES ('ta11','CSC103',31);
INSERT INTO user_associations(user_id, course_code, section_id) VALUES ('prof2','CSC103',31);
INSERT INTO user_associations(user_id, course_code, section_id) VALUES ('admin0','CSC103',32);
INSERT INTO user_associations(user_id, course_code, section_id) VALUES ('ta14','CSC103',32);
INSERT INTO user_associations(user_id, course_code, section_id) VALUES ('prof4','CSC103',32);
INSERT INTO user_associations(user_id, course_code, section_id) VALUES ('admin0','CSC103',33);
INSERT INTO user_associations(user_id, course_code, section_id) VALUES ('ta16','CSC103',33);
INSERT INTO user_associations(user_id, course_code, section_id) VALUES ('prof3','CSC103',33);
INSERT INTO user_associations(user_id, course_code, section_id) VALUES ('admin0','CSC103',34);
INSERT INTO user_associations(user_id, course_code, section_id) VALUES ('ta18','CSC103',34);
INSERT INTO user_associations(user_id, course_code, section_id) VALUES ('prof4','CSC103',34);
INSERT INTO user_associations(user_id, course_code, section_id) VALUES ('admin0','CSC103',35);
INSERT INTO user_associations(user_id, course_code, section_id) VALUES ('ta10','CSC103',35);
INSERT INTO user_associations(user_id, course_code, section_id) VALUES ('prof0','CSC103',35);
INSERT INTO user_associations(user_id, course_code, section_id) VALUES ('admin0','CSC103',36);
INSERT INTO user_associations(user_id, course_code, section_id) VALUES ('ta18','CSC103',36);
INSERT INTO user_associations(user_id, course_code, section_id) VALUES ('prof0','CSC103',36);
INSERT INTO user_associations(user_id, course_code, section_id) VALUES ('admin0','CSC103',37);
INSERT INTO user_associations(user_id, course_code, section_id) VALUES ('ta4','CSC103',37);
INSERT INTO user_associations(user_id, course_code, section_id) VALUES ('prof3','CSC103',37);
INSERT INTO user_associations(user_id, course_code, section_id) VALUES ('admin0','CSC103',38);
INSERT INTO user_associations(user_id, course_code, section_id) VALUES ('ta9','CSC103',38);
INSERT INTO user_associations(user_id, course_code, section_id) VALUES ('prof1','CSC103',38);
INSERT INTO user_associations(user_id, course_code, section_id) VALUES ('admin0','CSC103',39);
INSERT INTO user_associations(user_id, course_code, section_id) VALUES ('ta11','CSC103',39);
INSERT INTO user_associations(user_id, course_code, section_id) VALUES ('prof1','CSC103',39);
INSERT INTO user_associations(user_id, course_code, section_id) VALUES ('admin0','CSC103',40);
INSERT INTO user_associations(user_id, course_code, section_id) VALUES ('ta0','CSC103',40);
INSERT INTO user_associations(user_id, course_code, section_id) VALUES ('prof3','CSC103',40);
INSERT INTO courses VALUES ('CSC104','CSC104','CSC');
INSERT INTO sections (course_code, term, meeting_time, room, section_code) VALUES ('CSC104',201709,'2008-11-09','BA1101','LEC0100');
INSERT INTO sections (course_code, term, meeting_time, room, section_code) VALUES ('CSC104',201709,'2008-11-09','BA1104','LEC0101');
INSERT INTO sections (course_code, term, meeting_time, room, section_code) VALUES ('CSC104',201709,'2008-11-09','BA1104','LEC0102');
INSERT INTO sections (course_code, term, meeting_time, room, section_code) VALUES ('CSC104',201709,'2008-11-09','BA1104','LEC0103');
INSERT INTO sections (course_code, term, meeting_time, room, section_code) VALUES ('CSC104',201709,'2008-11-09','BA1102','LEC0104');
INSERT INTO sections (course_code, term, meeting_time, room, section_code) VALUES ('CSC104',201801,'2008-11-09','BA1104','LEC0100');
INSERT INTO sections (course_code, term, meeting_time, room, section_code) VALUES ('CSC104',201801,'2008-11-09','BA1102','LEC0101');
INSERT INTO sections (course_code, term, meeting_time, room, section_code) VALUES ('CSC104',201801,'2008-11-09','BA1100','LEC0102');
INSERT INTO sections (course_code, term, meeting_time, room, section_code) VALUES ('CSC104',201801,'2008-11-09','BA1100','LEC0103');
INSERT INTO sections (course_code, term, meeting_time, room, section_code) VALUES ('CSC104',201801,'2008-11-09','BA1100','LEC0104');
INSERT INTO user_associations(user_id, course_code, section_id) VALUES ('admin0','CSC104',41);
INSERT INTO user_associations(user_id, course_code, section_id) VALUES ('ta16','CSC104',41);
INSERT INTO user_associations(user_id, course_code, section_id) VALUES ('prof2','CSC104',41);
INSERT INTO user_associations(user_id, course_code, section_id) VALUES ('admin0','CSC104',42);
INSERT INTO user_associations(user_id, course_code, section_id) VALUES ('ta10','CSC104',42);
INSERT INTO user_associations(user_id, course_code, section_id) VALUES ('prof3','CSC104',42);
INSERT INTO user_associations(user_id, course_code, section_id) VALUES ('admin0','CSC104',43);
INSERT INTO user_associations(user_id, course_code, section_id) VALUES ('ta5','CSC104',43);
INSERT INTO user_associations(user_id, course_code, section_id) VALUES ('prof3','CSC104',43);
INSERT INTO user_associations(user_id, course_code, section_id) VALUES ('admin0','CSC104',44);
INSERT INTO user_associations(user_id, course_code, section_id) VALUES ('ta1','CSC104',44);
INSERT INTO user_associations(user_id, course_code, section_id) VALUES ('prof2','CSC104',44);
INSERT INTO user_associations(user_id, course_code, section_id) VALUES ('admin0','CSC104',45);
INSERT INTO user_associations(user_id, course_code, section_id) VALUES ('ta11','CSC104',45);
INSERT INTO user_associations(user_id, course_code, section_id) VALUES ('prof1','CSC104',45);
INSERT INTO user_associations(user_id, course_code, section_id) VALUES ('admin0','CSC104',46);
INSERT INTO user_associations(user_id, course_code, section_id) VALUES ('ta8','CSC104',46);
INSERT INTO user_associations(user_id, course_code, section_id) VALUES ('prof1','CSC104',46);
INSERT INTO user_associations(user_id, course_code, section_id) VALUES ('admin0','CSC104',47);
INSERT INTO user_associations(user_id, course_code, section_id) VALUES ('ta10','CSC104',47);
INSERT INTO user_associations(user_id, course_code, section_id) VALUES ('prof3','CSC104',47);
INSERT INTO user_associations(user_id, course_code, section_id) VALUES ('admin0','CSC104',48);
INSERT INTO user_associations(user_id, course_code, section_id) VALUES ('ta15','CSC104',48);
INSERT INTO user_associations(user_id, course_code, section_id) VALUES ('prof4','CSC104',48);
INSERT INTO user_associations(user_id, course_code, section_id) VALUES ('admin0','CSC104',49);
INSERT INTO user_associations(user_id, course_code, section_id) VALUES ('ta1','CSC104',49);
INSERT INTO user_associations(user_id, course_code, section_id) VALUES ('prof1','CSC104',49);
INSERT INTO user_associations(user_id, course_code, section_id) VALUES ('admin0','CSC104',50);
INSERT INTO user_associations(user_id, course_code, section_id) VALUES ('ta19','CSC104',50);
INSERT INTO user_associations(user_id, course_code, section_id) VALUES ('prof0','CSC104',50);
INSERT INTO courses VALUES ('MAT100','MAT100','MAT');
INSERT INTO sections (course_code, term, meeting_time, room, section_code) VALUES ('MAT100',201709,'2008-11-09','MP1102','LEC0100');
INSERT INTO sections (course_code, term, meeting_time, room, section_code) VALUES ('MAT100',201709,'2008-11-09','MP1102','LEC0101');
INSERT INTO sections (course_code, term, meeting_time, room, section_code) VALUES ('MAT100',201709,'2008-11-09','MP1102','LEC0102');
INSERT INTO sections (course_code, term, meeting_time, room, section_code) VALUES ('MAT100',201709,'2008-11-09','MP1102','LEC0103');
INSERT INTO sections (course_code, term, meeting_time, room, section_code) VALUES ('MAT100',201709,'2008-11-09','MP1103','LEC0104');
INSERT INTO sections (course_code, term, meeting_time, room, section_code) VALUES ('MAT100',201801,'2008-11-09','MP1102','LEC0100');
INSERT INTO sections (course_code, term, meeting_time, room, section_code) VALUES ('MAT100',201801,'2008-11-09','MP1102','LEC0101');
INSERT INTO sections (course_code, term, meeting_time, room, section_code) VALUES ('MAT100',201801,'2008-11-09','MP1104','LEC0102');
INSERT INTO sections (course_code, term, meeting_time, room, section_code) VALUES ('MAT100',201801,'2008-11-09','MP1100','LEC0103');
INSERT INTO sections (course_code, term, meeting_time, room, section_code) VALUES ('MAT100',201801,'2008-11-09','MP1101','LEC0104');
INSERT INTO user_associations(user_id, course_code, section_id) VALUES ('admin1','MAT100',51);
INSERT INTO user_associations(user_id, course_code, section_id) VALUES ('ta18','MAT100',51);
INSERT INTO user_associations(user_id, course_code, section_id) VALUES ('prof2','MAT100',51);
INSERT INTO user_associations(user_id, course_code, section_id) VALUES ('admin1','MAT100',52);
INSERT INTO user_associations(user_id, course_code, section_id) VALUES ('ta9','MAT100',52);
INSERT INTO user_associations(user_id, course_code, section_id) VALUES ('prof3','MAT100',52);
INSERT INTO user_associations(user_id, course_code, section_id) VALUES ('admin1','MAT100',53);
INSERT INTO user_associations(user_id, course_code, section_id) VALUES ('ta19','MAT100',53);
INSERT INTO user_associations(user_id, course_code, section_id) VALUES ('prof3','MAT100',53);
INSERT INTO user_associations(user_id, course_code, section_id) VALUES ('admin1','MAT100',54);
INSERT INTO user_associations(user_id, course_code, section_id) VALUES ('ta14','MAT100',54);
INSERT INTO user_associations(user_id, course_code, section_id) VALUES ('prof0','MAT100',54);
INSERT INTO user_associations(user_id, course_code, section_id) VALUES ('admin1','MAT100',55);
INSERT INTO user_associations(user_id, course_code, section_id) VALUES ('ta6','MAT100',55);
INSERT INTO user_associations(user_id, course_code, section_id) VALUES ('prof4','MAT100',55);
INSERT INTO user_associations(user_id, course_code, section_id) VALUES ('admin1','MAT100',56);
INSERT INTO user_associations(user_id, course_code, section_id) VALUES ('ta3','MAT100',56);
INSERT INTO user_associations(user_id, course_code, section_id) VALUES ('prof3','MAT100',56);
INSERT INTO user_associations(user_id, course_code, section_id) VALUES ('admin1','MAT100',57);
INSERT INTO user_associations(user_id, course_code, section_id) VALUES ('ta7','MAT100',57);
INSERT INTO user_associations(user_id, course_code, section_id) VALUES ('prof2','MAT100',57);
INSERT INTO user_associations(user_id, course_code, section_id) VALUES ('admin1','MAT100',58);
INSERT INTO user_associations(user_id, course_code, section_id) VALUES ('ta8','MAT100',58);
INSERT INTO user_associations(user_id, course_code, section_id) VALUES ('prof2','MAT100',58);
INSERT INTO user_associations(user_id, course_code, section_id) VALUES ('admin1','MAT100',59);
INSERT INTO user_associations(user_id, course_code, section_id) VALUES ('ta18','MAT100',59);
INSERT INTO user_associations(user_id, course_code, section_id) VALUES ('prof4','MAT100',59);
INSERT INTO user_associations(user_id, course_code, section_id) VALUES ('admin1','MAT100',60);
INSERT INTO user_associations(user_id, course_code, section_id) VALUES ('ta7','MAT100',60);
INSERT INTO user_associations(user_id, course_code, section_id) VALUES ('prof0','MAT100',60);
INSERT INTO courses VALUES ('MAT101','MAT101','MAT');
INSERT INTO sections (course_code, term, meeting_time, room, section_code) VALUES ('MAT101',201709,'2008-11-09','MP1103','LEC0100');
INSERT INTO sections (course_code, term, meeting_time, room, section_code) VALUES ('MAT101',201709,'2008-11-09','MP1101','LEC0101');
INSERT INTO sections (course_code, term, meeting_time, room, section_code) VALUES ('MAT101',201709,'2008-11-09','MP1103','LEC0102');
INSERT INTO sections (course_code, term, meeting_time, room, section_code) VALUES ('MAT101',201709,'2008-11-09','MP1100','LEC0103');
INSERT INTO sections (course_code, term, meeting_time, room, section_code) VALUES ('MAT101',201709,'2008-11-09','MP1101','LEC0104');
INSERT INTO sections (course_code, term, meeting_time, room, section_code) VALUES ('MAT101',201801,'2008-11-09','MP1104','LEC0100');
INSERT INTO sections (course_code, term, meeting_time, room, section_code) VALUES ('MAT101',201801,'2008-11-09','MP1104','LEC0101');
INSERT INTO sections (course_code, term, meeting_time, room, section_code) VALUES ('MAT101',201801,'2008-11-09','MP1104','LEC0102');
INSERT INTO sections (course_code, term, meeting_time, room, section_code) VALUES ('MAT101',201801,'2008-11-09','MP1102','LEC0103');
INSERT INTO sections (course_code, term, meeting_time, room, section_code) VALUES ('MAT101',201801,'2008-11-09','MP1103','LEC0104');
INSERT INTO user_associations(user_id, course_code, section_id) VALUES ('admin1','MAT101',61);
INSERT INTO user_associations(user_id, course_code, section_id) VALUES ('ta17','MAT101',61);
INSERT INTO user_associations(user_id, course_code, section_id) VALUES ('prof4','MAT101',61);
INSERT INTO user_associations(user_id, course_code, section_id) VALUES ('admin1','MAT101',62);
INSERT INTO user_associations(user_id, course_code, section_id) VALUES ('ta17','MAT101',62);
INSERT INTO user_associations(user_id, course_code, section_id) VALUES ('prof1','MAT101',62);
INSERT INTO user_associations(user_id, course_code, section_id) VALUES ('admin1','MAT101',63);
INSERT INTO user_associations(user_id, course_code, section_id) VALUES ('ta3','MAT101',63);
INSERT INTO user_associations(user_id, course_code, section_id) VALUES ('prof4','MAT101',63);
INSERT INTO user_associations(user_id, course_code, section_id) VALUES ('admin1','MAT101',64);
INSERT INTO user_associations(user_id, course_code, section_id) VALUES ('ta12','MAT101',64);
INSERT INTO user_associations(user_id, course_code, section_id) VALUES ('prof2','MAT101',64);
INSERT INTO user_associations(user_id, course_code, section_id) VALUES ('admin1','MAT101',65);
INSERT INTO user_associations(user_id, course_code, section_id) VALUES ('ta7','MAT101',65);
INSERT INTO user_associations(user_id, course_code, section_id) VALUES ('prof3','MAT101',65);
INSERT INTO user_associations(user_id, course_code, section_id) VALUES ('admin1','MAT101',66);
INSERT INTO user_associations(user_id, course_code, section_id) VALUES ('ta10','MAT101',66);
INSERT INTO user_associations(user_id, course_code, section_id) VALUES ('prof2','MAT101',66);
INSERT INTO user_associations(user_id, course_code, section_id) VALUES ('admin1','MAT101',67);
INSERT INTO user_associations(user_id, course_code, section_id) VALUES ('ta11','MAT101',67);
INSERT INTO user_associations(user_id, course_code, section_id) VALUES ('prof2','MAT101',67);
INSERT INTO user_associations(user_id, course_code, section_id) VALUES ('admin1','MAT101',68);
INSERT INTO user_associations(user_id, course_code, section_id) VALUES ('ta9','MAT101',68);
INSERT INTO user_associations(user_id, course_code, section_id) VALUES ('prof2','MAT101',68);
INSERT INTO user_associations(user_id, course_code, section_id) VALUES ('admin1','MAT101',69);
INSERT INTO user_associations(user_id, course_code, section_id) VALUES ('ta14','MAT101',69);
INSERT INTO user_associations(user_id, course_code, section_id) VALUES ('prof4','MAT101',69);
INSERT INTO user_associations(user_id, course_code, section_id) VALUES ('admin1','MAT101',70);
INSERT INTO user_associations(user_id, course_code, section_id) VALUES ('ta16','MAT101',70);
INSERT INTO user_associations(user_id, course_code, section_id) VALUES ('prof3','MAT101',70);
INSERT INTO courses VALUES ('MAT102','MAT102','MAT');
INSERT INTO sections (course_code, term, meeting_time, room, section_code) VALUES ('MAT102',201709,'2008-11-09','MP1102','LEC0100');
INSERT INTO sections (course_code, term, meeting_time, room, section_code) VALUES ('MAT102',201709,'2008-11-09','MP1103','LEC0101');
INSERT INTO sections (course_code, term, meeting_time, room, section_code) VALUES ('MAT102',201709,'2008-11-09','MP1100','LEC0102');
INSERT INTO sections (course_code, term, meeting_time, room, section_code) VALUES ('MAT102',201709,'2008-11-09','MP1102','LEC0103');
INSERT INTO sections (course_code, term, meeting_time, room, section_code) VALUES ('MAT102',201709,'2008-11-09','MP1100','LEC0104');
INSERT INTO sections (course_code, term, meeting_time, room, section_code) VALUES ('MAT102',201801,'2008-11-09','MP1103','LEC0100');
INSERT INTO sections (course_code, term, meeting_time, room, section_code) VALUES ('MAT102',201801,'2008-11-09','MP1102','LEC0101');
INSERT INTO sections (course_code, term, meeting_time, room, section_code) VALUES ('MAT102',201801,'2008-11-09','MP1104','LEC0102');
INSERT INTO sections (course_code, term, meeting_time, room, section_code) VALUES ('MAT102',201801,'2008-11-09','MP1102','LEC0103');
INSERT INTO sections (course_code, term, meeting_time, room, section_code) VALUES ('MAT102',201801,'2008-11-09','MP1104','LEC0104');
INSERT INTO user_associations(user_id, course_code, section_id) VALUES ('admin1','MAT102',71);
INSERT INTO user_associations(user_id, course_code, section_id) VALUES ('ta1','MAT102',71);
INSERT INTO user_associations(user_id, course_code, section_id) VALUES ('prof0','MAT102',71);
INSERT INTO user_associations(user_id, course_code, section_id) VALUES ('admin1','MAT102',72);
INSERT INTO user_associations(user_id, course_code, section_id) VALUES ('ta17','MAT102',72);
INSERT INTO user_associations(user_id, course_code, section_id) VALUES ('prof0','MAT102',72);
INSERT INTO user_associations(user_id, course_code, section_id) VALUES ('admin1','MAT102',73);
INSERT INTO user_associations(user_id, course_code, section_id) VALUES ('ta19','MAT102',73);
INSERT INTO user_associations(user_id, course_code, section_id) VALUES ('prof4','MAT102',73);
INSERT INTO user_associations(user_id, course_code, section_id) VALUES ('admin1','MAT102',74);
INSERT INTO user_associations(user_id, course_code, section_id) VALUES ('ta17','MAT102',74);
INSERT INTO user_associations(user_id, course_code, section_id) VALUES ('prof2','MAT102',74);
INSERT INTO user_associations(user_id, course_code, section_id) VALUES ('admin1','MAT102',75);
INSERT INTO user_associations(user_id, course_code, section_id) VALUES ('ta9','MAT102',75);
INSERT INTO user_associations(user_id, course_code, section_id) VALUES ('prof4','MAT102',75);
INSERT INTO user_associations(user_id, course_code, section_id) VALUES ('admin1','MAT102',76);
INSERT INTO user_associations(user_id, course_code, section_id) VALUES ('ta4','MAT102',76);
INSERT INTO user_associations(user_id, course_code, section_id) VALUES ('prof2','MAT102',76);
INSERT INTO user_associations(user_id, course_code, section_id) VALUES ('admin1','MAT102',77);
INSERT INTO user_associations(user_id, course_code, section_id) VALUES ('ta14','MAT102',77);
INSERT INTO user_associations(user_id, course_code, section_id) VALUES ('prof1','MAT102',77);
INSERT INTO user_associations(user_id, course_code, section_id) VALUES ('admin1','MAT102',78);
INSERT INTO user_associations(user_id, course_code, section_id) VALUES ('ta6','MAT102',78);
INSERT INTO user_associations(user_id, course_code, section_id) VALUES ('prof2','MAT102',78);
INSERT INTO user_associations(user_id, course_code, section_id) VALUES ('admin1','MAT102',79);
INSERT INTO user_associations(user_id, course_code, section_id) VALUES ('ta13','MAT102',79);
INSERT INTO user_associations(user_id, course_code, section_id) VALUES ('prof0','MAT102',79);
INSERT INTO user_associations(user_id, course_code, section_id) VALUES ('admin1','MAT102',80);
INSERT INTO user_associations(user_id, course_code, section_id) VALUES ('ta1','MAT102',80);
INSERT INTO user_associations(user_id, course_code, section_id) VALUES ('prof3','MAT102',80);
INSERT INTO courses VALUES ('MAT103','MAT103','MAT');
INSERT INTO sections (course_code, term, meeting_time, room, section_code) VALUES ('MAT103',201709,'2008-11-09','MP1102','LEC0100');
INSERT INTO sections (course_code, term, meeting_time, room, section_code) VALUES ('MAT103',201709,'2008-11-09','MP1104','LEC0101');
INSERT INTO sections (course_code, term, meeting_time, room, section_code) VALUES ('MAT103',201709,'2008-11-09','MP1100','LEC0102');
INSERT INTO sections (course_code, term, meeting_time, room, section_code) VALUES ('MAT103',201709,'2008-11-09','MP1104','LEC0103');
INSERT INTO sections (course_code, term, meeting_time, room, section_code) VALUES ('MAT103',201709,'2008-11-09','MP1102','LEC0104');
INSERT INTO sections (course_code, term, meeting_time, room, section_code) VALUES ('MAT103',201801,'2008-11-09','MP1103','LEC0100');
INSERT INTO sections (course_code, term, meeting_time, room, section_code) VALUES ('MAT103',201801,'2008-11-09','MP1102','LEC0101');
INSERT INTO sections (course_code, term, meeting_time, room, section_code) VALUES ('MAT103',201801,'2008-11-09','MP1103','LEC0102');
INSERT INTO sections (course_code, term, meeting_time, room, section_code) VALUES ('MAT103',201801,'2008-11-09','MP1104','LEC0103');
INSERT INTO sections (course_code, term, meeting_time, room, section_code) VALUES ('MAT103',201801,'2008-11-09','MP1101','LEC0104');
INSERT INTO user_associations(user_id, course_code, section_id) VALUES ('admin1','MAT103',81);
INSERT INTO user_associations(user_id, course_code, section_id) VALUES ('ta15','MAT103',81);
INSERT INTO user_associations(user_id, course_code, section_id) VALUES ('prof0','MAT103',81);
INSERT INTO user_associations(user_id, course_code, section_id) VALUES ('admin1','MAT103',82);
INSERT INTO user_associations(user_id, course_code, section_id) VALUES ('ta13','MAT103',82);
INSERT INTO user_associations(user_id, course_code, section_id) VALUES ('prof0','MAT103',82);
INSERT INTO user_associations(user_id, course_code, section_id) VALUES ('admin1','MAT103',83);
INSERT INTO user_associations(user_id, course_code, section_id) VALUES ('ta1','MAT103',83);
INSERT INTO user_associations(user_id, course_code, section_id) VALUES ('prof0','MAT103',83);
INSERT INTO user_associations(user_id, course_code, section_id) VALUES ('admin1','MAT103',84);
INSERT INTO user_associations(user_id, course_code, section_id) VALUES ('ta3','MAT103',84);
INSERT INTO user_associations(user_id, course_code, section_id) VALUES ('prof4','MAT103',84);
INSERT INTO user_associations(user_id, course_code, section_id) VALUES ('admin1','MAT103',85);
INSERT INTO user_associations(user_id, course_code, section_id) VALUES ('ta10','MAT103',85);
INSERT INTO user_associations(user_id, course_code, section_id) VALUES ('prof4','MAT103',85);
INSERT INTO user_associations(user_id, course_code, section_id) VALUES ('admin1','MAT103',86);
INSERT INTO user_associations(user_id, course_code, section_id) VALUES ('ta16','MAT103',86);
INSERT INTO user_associations(user_id, course_code, section_id) VALUES ('prof0','MAT103',86);
INSERT INTO user_associations(user_id, course_code, section_id) VALUES ('admin1','MAT103',87);
INSERT INTO user_associations(user_id, course_code, section_id) VALUES ('ta1','MAT103',87);
INSERT INTO user_associations(user_id, course_code, section_id) VALUES ('prof0','MAT103',87);
INSERT INTO user_associations(user_id, course_code, section_id) VALUES ('admin1','MAT103',88);
INSERT INTO user_associations(user_id, course_code, section_id) VALUES ('ta19','MAT103',88);
INSERT INTO user_associations(user_id, course_code, section_id) VALUES ('prof0','MAT103',88);
INSERT INTO user_associations(user_id, course_code, section_id) VALUES ('admin1','MAT103',89);
INSERT INTO user_associations(user_id, course_code, section_id) VALUES ('ta19','MAT103',89);
INSERT INTO user_associations(user_id, course_code, section_id) VALUES ('prof1','MAT103',89);
INSERT INTO user_associations(user_id, course_code, section_id) VALUES ('admin1','MAT103',90);
INSERT INTO user_associations(user_id, course_code, section_id) VALUES ('ta7','MAT103',90);
INSERT INTO user_associations(user_id, course_code, section_id) VALUES ('prof1','MAT103',90);
INSERT INTO courses VALUES ('MAT104','MAT104','MAT');
INSERT INTO sections (course_code, term, meeting_time, room, section_code) VALUES ('MAT104',201709,'2008-11-09','MP1104','LEC0100');
INSERT INTO sections (course_code, term, meeting_time, room, section_code) VALUES ('MAT104',201709,'2008-11-09','MP1103','LEC0101');
INSERT INTO sections (course_code, term, meeting_time, room, section_code) VALUES ('MAT104',201709,'2008-11-09','MP1104','LEC0102');
INSERT INTO sections (course_code, term, meeting_time, room, section_code) VALUES ('MAT104',201709,'2008-11-09','MP1102','LEC0103');
INSERT INTO sections (course_code, term, meeting_time, room, section_code) VALUES ('MAT104',201709,'2008-11-09','MP1101','LEC0104');
INSERT INTO sections (course_code, term, meeting_time, room, section_code) VALUES ('MAT104',201801,'2008-11-09','MP1100','LEC0100');
INSERT INTO sections (course_code, term, meeting_time, room, section_code) VALUES ('MAT104',201801,'2008-11-09','MP1100','LEC0101');
INSERT INTO sections (course_code, term, meeting_time, room, section_code) VALUES ('MAT104',201801,'2008-11-09','MP1101','LEC0102');
INSERT INTO sections (course_code, term, meeting_time, room, section_code) VALUES ('MAT104',201801,'2008-11-09','MP1104','LEC0103');
INSERT INTO sections (course_code, term, meeting_time, room, section_code) VALUES ('MAT104',201801,'2008-11-09','MP1102','LEC0104');
INSERT INTO user_associations(user_id, course_code, section_id) VALUES ('admin1','MAT104',91);
INSERT INTO user_associations(user_id, course_code, section_id) VALUES ('ta10','MAT104',91);
INSERT INTO user_associations(user_id, course_code, section_id) VALUES ('prof2','MAT104',91);
INSERT INTO user_associations(user_id, course_code, section_id) VALUES ('admin1','MAT104',92);
INSERT INTO user_associations(user_id, course_code, section_id) VALUES ('ta17','MAT104',92);
INSERT INTO user_associations(user_id, course_code, section_id) VALUES ('prof3','MAT104',92);
INSERT INTO user_associations(user_id, course_code, section_id) VALUES ('admin1','MAT104',93);
INSERT INTO user_associations(user_id, course_code, section_id) VALUES ('ta1','MAT104',93);
INSERT INTO user_associations(user_id, course_code, section_id) VALUES ('prof4','MAT104',93);
INSERT INTO user_associations(user_id, course_code, section_id) VALUES ('admin1','MAT104',94);
INSERT INTO user_associations(user_id, course_code, section_id) VALUES ('ta10','MAT104',94);
INSERT INTO user_associations(user_id, course_code, section_id) VALUES ('prof3','MAT104',94);
INSERT INTO user_associations(user_id, course_code, section_id) VALUES ('admin1','MAT104',95);
INSERT INTO user_associations(user_id, course_code, section_id) VALUES ('ta12','MAT104',95);
INSERT INTO user_associations(user_id, course_code, section_id) VALUES ('prof0','MAT104',95);
INSERT INTO user_associations(user_id, course_code, section_id) VALUES ('admin1','MAT104',96);
INSERT INTO user_associations(user_id, course_code, section_id) VALUES ('ta4','MAT104',96);
INSERT INTO user_associations(user_id, course_code, section_id) VALUES ('prof1','MAT104',96);
INSERT INTO user_associations(user_id, course_code, section_id) VALUES ('admin1','MAT104',97);
INSERT INTO user_associations(user_id, course_code, section_id) VALUES ('ta5','MAT104',97);
INSERT INTO user_associations(user_id, course_code, section_id) VALUES ('prof2','MAT104',97);
INSERT INTO user_associations(user_id, course_code, section_id) VALUES ('admin1','MAT104',98);
INSERT INTO user_associations(user_id, course_code, section_id) VALUES ('ta13','MAT104',98);
INSERT INTO user_associations(user_id, course_code, section_id) VALUES ('prof0','MAT104',98);
INSERT INTO user_associations(user_id, course_code, section_id) VALUES ('admin1','MAT104',99);
INSERT INTO user_associations(user_id, course_code, section_id) VALUES ('ta2','MAT104',99);
INSERT INTO user_associations(user_id, course_code, section_id) VALUES ('prof3','MAT104',99);
INSERT INTO user_associations(user_id, course_code, section_id) VALUES ('admin1','MAT104',100);
INSERT INTO user_associations(user_id, course_code, section_id) VALUES ('ta7','MAT104',100);
INSERT INTO user_associations(user_id, course_code, section_id) VALUES ('prof3','MAT104',100);
INSERT INTO questions(answer_type,content) VALUES ('scale','question0');
INSERT INTO questions(answer_type,content) VALUES ('open_ended','question1');
INSERT INTO questions(answer_type,content) VALUES ('binary','question2');
INSERT INTO questions(answer_type,content) VALUES ('binary','question3');
INSERT INTO questions(answer_type,content) VALUES ('open_ended','question4');
INSERT INTO questions(answer_type,content) VALUES ('scale','question5');
INSERT INTO questions(answer_type,content) VALUES ('binary','question6');
INSERT INTO questions(answer_type,content) VALUES ('open_ended','question7');
INSERT INTO questions(answer_type,content) VALUES ('scale','question8');
INSERT INTO questions(answer_type,content) VALUES ('scale','question9');
INSERT INTO questions(answer_type,content) VALUES ('scale','question10');
INSERT INTO questions(answer_type,content) VALUES ('open_ended','question11');
INSERT INTO questions(answer_type,content) VALUES ('scale','question12');
INSERT INTO questions(answer_type,content) VALUES ('scale','question13');
INSERT INTO questions(answer_type,content) VALUES ('scale','question14');
INSERT INTO questions(answer_type,content) VALUES ('scale','question15');
INSERT INTO questions(answer_type,content) VALUES ('binary','question16');
INSERT INTO questions(answer_type,content) VALUES ('open_ended','question17');
INSERT INTO questions(answer_type,content) VALUES ('binary','question18');
INSERT INTO questions(answer_type,content) VALUES ('open_ended','question19');
INSERT INTO choices(choice1,choice2,choice3,choice4,choice5,choice6) VALUES (15,16,13,8,20,11);
INSERT INTO choices(choice1,choice2,choice3,choice4,choice5,choice6) VALUES (7,3,11,1,2,6);
INSERT INTO choices(choice1,choice2,choice3,choice4,choice5,choice6) VALUES (4,7,8,10,1,9);
INSERT INTO choices(choice1,choice2,choice3,choice4,choice5,choice6) VALUES (2,3,1,10,5,6);
INSERT INTO choices(choice1,choice2,choice3,choice4,choice5,choice6) VALUES (10,4,3,16,19,5);
INSERT INTO choices(choice1,choice2,choice3,choice4,choice5,choice6) VALUES (17,8,19,12,13,4);
INSERT INTO choices(choice1,choice2,choice3,choice4,choice5,choice6) VALUES (10,19,19,10,13,1);
INSERT INTO choices(choice1,choice2,choice3,choice4,choice5,choice6) VALUES (19,1,4,10,4,16);
INSERT INTO choices(choice1,choice2,choice3,choice4,choice5,choice6) VALUES (18,2,10,5,7,7);
INSERT INTO choices(choice1,choice2,choice3,choice4,choice5,choice6) VALUES (7,20,2,2,19,5);
INSERT INTO choices(choice1,choice2,choice3,choice4,choice5,choice6) VALUES (6,15,11,17,15,9);
INSERT INTO choices(choice1,choice2,choice3,choice4,choice5,choice6) VALUES (17,9,19,20,2,1);
INSERT INTO choices(choice1,choice2,choice3,choice4,choice5,choice6) VALUES (19,9,1,9,20,9);
INSERT INTO choices(choice1,choice2,choice3,choice4,choice5,choice6) VALUES (15,10,20,17,15,1);
INSERT INTO choices(choice1,choice2,choice3,choice4,choice5,choice6) VALUES (11,2,11,15,3,14);
INSERT INTO choices(choice1,choice2,choice3,choice4,choice5,choice6) VALUES (16,14,10,5,11,9);
INSERT INTO choices(choice1,choice2,choice3,choice4,choice5,choice6) VALUES (16,1,15,1,11,19);
INSERT INTO choices(choice1,choice2,choice3,choice4,choice5,choice6) VALUES (14,7,16,6,8,13);
INSERT INTO choices(choice1,choice2,choice3,choice4,choice5,choice6) VALUES (10,14,14,17,19,17);
INSERT INTO choices(choice1,choice2,choice3,choice4,choice5,choice6) VALUES (13,4,5,6,17,11);
INSERT INTO choices(choice1,choice2,choice3,choice4,choice5,choice6) VALUES (20,15,5,12,10,9);
INSERT INTO choices(choice1,choice2,choice3,choice4,choice5,choice6) VALUES (14,2,1,17,10,4);
INSERT INTO choices(choice1,choice2,choice3,choice4,choice5,choice6) VALUES (16,6,7,15,19,17);
INSERT INTO choices(choice1,choice2,choice3,choice4,choice5,choice6) VALUES (18,16,5,3,1,17);
INSERT INTO choices(choice1,choice2,choice3,choice4,choice5,choice6) VALUES (3,3,11,2,5,10);
INSERT INTO choices(choice1,choice2,choice3,choice4,choice5,choice6) VALUES (16,2,9,17,3,3);
INSERT INTO choices(choice1,choice2,choice3,choice4,choice5,choice6) VALUES (5,11,7,17,1,6);
INSERT INTO choices(choice1,choice2,choice3,choice4,choice5,choice6) VALUES (1,9,17,4,4,11);
INSERT INTO choices(choice1,choice2,choice3,choice4,choice5,choice6) VALUES (3,5,3,13,10,4);
INSERT INTO choices(choice1,choice2,choice3,choice4,choice5,choice6) VALUES (17,15,20,6,19,9);
INSERT INTO choices(choice1,choice2,choice3,choice4,choice5,choice6) VALUES (16,13,6,1,17,9);
INSERT INTO choices(choice1,choice2,choice3,choice4,choice5,choice6) VALUES (8,8,12,10,12,8);
INSERT INTO choices(choice1,choice2,choice3,choice4,choice5,choice6) VALUES (9,3,2,11,6,16);
INSERT INTO choices(choice1,choice2,choice3,choice4,choice5,choice6) VALUES (8,4,10,10,6,14);
INSERT INTO choices(choice1,choice2,choice3,choice4,choice5,choice6) VALUES (8,17,2,19,8,19);
INSERT INTO choices(choice1,choice2,choice3,choice4,choice5,choice6) VALUES (16,1,5,20,9,2);
INSERT INTO choices(choice1,choice2,choice3,choice4,choice5,choice6) VALUES (17,13,19,1,6,10);
INSERT INTO choices(choice1,choice2,choice3,choice4,choice5,choice6) VALUES (20,16,2,6,3,2);
INSERT INTO choices(choice1,choice2,choice3,choice4,choice5,choice6) VALUES (2,4,5,10,2,17);
INSERT INTO choices(choice1,choice2,choice3,choice4,choice5,choice6) VALUES (16,19,10,9,4,19);
INSERT INTO choices(choice1,choice2,choice3,choice4,choice5,choice6) VALUES (2,15,17,15,17,10);
INSERT INTO choices(choice1,choice2,choice3,choice4,choice5,choice6) VALUES (6,9,14,13,15,17);
INSERT INTO dept_survey_choices (choices_id, department_name, user_id) VALUES (2,'CSC','admin0');
INSERT INTO dept_survey_choices (choices_id, department_name, user_id) VALUES (2,'CSC','admin0');
INSERT INTO course_survey_choices (choices_id, course_code, user_id) VALUES (6,'CSC102','prof3');
INSERT INTO course_survey_choices (choices_id, course_code, user_id) VALUES (10,'CSC102','prof4');
INSERT INTO course_survey_choices (choices_id, course_code, user_id) VALUES (5,'CSC100','prof1');
INSERT INTO course_survey_choices (choices_id, course_code, user_id) VALUES (4,'CSC103','prof3');
INSERT INTO course_survey_choices (choices_id, course_code, user_id) VALUES (4,'CSC102','prof2');
INSERT INTO course_survey_choices (choices_id, course_code, user_id) VALUES (11,'CSC102','prof2');
INSERT INTO course_survey_choices (choices_id, course_code, user_id) VALUES (12,'CSC101','prof1');
INSERT INTO course_survey_choices (choices_id, course_code, user_id) VALUES (10,'CSC102','prof0');
INSERT INTO course_survey_choices (choices_id, course_code, user_id) VALUES (9,'CSC104','prof0');
INSERT INTO course_survey_choices (choices_id, course_code, user_id) VALUES (9,'CSC101','prof2');
INSERT INTO ta_survey_choices (choices_id, section_id, user_id) VALUES (32,23,'ta15');
INSERT INTO ta_survey_choices (choices_id, section_id, user_id) VALUES (19,16,'ta5');
INSERT INTO ta_survey_choices (choices_id, section_id, user_id) VALUES (35,9,'ta3');
INSERT INTO ta_survey_choices (choices_id, section_id, user_id) VALUES (14,38,'ta9');
INSERT INTO ta_survey_choices (choices_id, section_id, user_id) VALUES (17,2,'ta8');
INSERT INTO ta_survey_choices (choices_id, section_id, user_id) VALUES (24,49,'ta1');
INSERT INTO ta_survey_choices (choices_id, section_id, user_id) VALUES (19,2,'ta8');
INSERT INTO ta_survey_choices (choices_id, section_id, user_id) VALUES (31,50,'ta19');
INSERT INTO ta_survey_choices (choices_id, section_id, user_id) VALUES (39,11,'ta7');
INSERT INTO ta_survey_choices (choices_id, section_id, user_id) VALUES (14,38,'ta9');
INSERT INTO ta_survey_choices (choices_id, section_id, user_id) VALUES (17,50,'ta19');
INSERT INTO ta_survey_choices (choices_id, section_id, user_id) VALUES (15,28,'ta1');
INSERT INTO ta_survey_choices (choices_id, section_id, user_id) VALUES (36,26,'ta0');
INSERT INTO ta_survey_choices (choices_id, section_id, user_id) VALUES (16,9,'ta3');
INSERT INTO ta_survey_choices (choices_id, section_id, user_id) VALUES (33,32,'ta14');
INSERT INTO ta_survey_choices (choices_id, section_id, user_id) VALUES (22,40,'ta0');
INSERT INTO ta_survey_choices (choices_id, section_id, user_id) VALUES (20,37,'ta4');
INSERT INTO ta_survey_choices (choices_id, section_id, user_id) VALUES (20,15,'ta15');
INSERT INTO ta_survey_choices (choices_id, section_id, user_id) VALUES (30,37,'ta4');
INSERT INTO ta_survey_choices (choices_id, section_id, user_id) VALUES (16,50,'ta19');
INSERT INTO ta_survey_choices (choices_id, section_id, user_id) VALUES (41,6,'ta3');
INSERT INTO ta_survey_choices (choices_id, section_id, user_id) VALUES (25,8,'ta2');
INSERT INTO ta_survey_choices (choices_id, section_id, user_id) VALUES (36,23,'ta15');
INSERT INTO ta_survey_choices (choices_id, section_id, user_id) VALUES (39,17,'ta12');
INSERT INTO ta_survey_choices (choices_id, section_id, user_id) VALUES (15,43,'ta5');
INSERT INTO ta_survey_choices (choices_id, section_id, user_id) VALUES (20,24,'ta16');
INSERT INTO ta_survey_choices (choices_id, section_id, user_id) VALUES (41,48,'ta15');
INSERT INTO ta_survey_choices (choices_id, section_id, user_id) VALUES (21,45,'ta11');
INSERT INTO ta_survey_choices (choices_id, section_id, user_id) VALUES (39,42,'ta10');
INSERT INTO ta_survey_choices (choices_id, section_id, user_id) VALUES (15,38,'ta9');
INSERT INTO surveys(dept_survey_choice_id,course_survey_choice_id,ta_survey_choice_id,name,term,default_survey_open,default_survey_close) VALUES (2,5,12,'survey1',201709,'2008-11-09 00:00:00','2008-11-12 00:00:00');
INSERT INTO surveys(dept_survey_choice_id,course_survey_choice_id,ta_survey_choice_id,name,term,default_survey_open,default_survey_close) VALUES (1,2,24,'survey2',201709,'2008-11-09 00:00:00','2008-11-12 00:00:00');
INSERT INTO surveys(dept_survey_choice_id,course_survey_choice_id,ta_survey_choice_id,name,term,default_survey_open,default_survey_close) VALUES (NULL,NULL,NULL,'survey3',201709,'2008-11-09 00:00:00','2008-11-12 00:00:00');
INSERT INTO surveys(dept_survey_choice_id,course_survey_choice_id,ta_survey_choice_id,name,term,default_survey_open,default_survey_close) VALUES (1,2,NULL,'survey4',201709,'2008-11-09 00:00:00','2008-11-12 00:00:00');
INSERT INTO surveys(dept_survey_choice_id,course_survey_choice_id,ta_survey_choice_id,name,term,default_survey_open,default_survey_close) VALUES (1,6,16,'survey5',201709,'2008-11-09 00:00:00','2008-11-12 00:00:00');
INSERT INTO surveys(dept_survey_choice_id,course_survey_choice_id,ta_survey_choice_id,name,term,default_survey_open,default_survey_close) VALUES (2,NULL,NULL,'survey6',201709,'2008-11-09 00:00:00','2008-11-12 00:00:00');
INSERT INTO surveys(dept_survey_choice_id,course_survey_choice_id,ta_survey_choice_id,name,term,default_survey_open,default_survey_close) VALUES (NULL,10,NULL,'survey7',201709,'2008-11-09 00:00:00','2008-11-12 00:00:00');
INSERT INTO surveys(dept_survey_choice_id,course_survey_choice_id,ta_survey_choice_id,name,term,default_survey_open,default_survey_close) VALUES (NULL,NULL,22,'survey8',201709,'2008-11-09 00:00:00','2008-11-12 00:00:00');
INSERT INTO surveys(dept_survey_choice_id,course_survey_choice_id,ta_survey_choice_id,name,term,default_survey_open,default_survey_close) VALUES (NULL,4,1,'survey9',201709,'2008-11-09 00:00:00','2008-11-12 00:00:00');
INSERT INTO surveys(dept_survey_choice_id,course_survey_choice_id,ta_survey_choice_id,name,term,default_survey_open,default_survey_close) VALUES (NULL,NULL,NULL,'survey10',201709,'2008-11-09 00:00:00','2008-11-12 00:00:00');
INSERT INTO surveys(dept_survey_choice_id,course_survey_choice_id,ta_survey_choice_id,name,term,default_survey_open,default_survey_close) VALUES (NULL,NULL,2,'survey11',201709,'2008-11-09 00:00:00','2008-11-12 00:00:00');
INSERT INTO surveys(dept_survey_choice_id,course_survey_choice_id,ta_survey_choice_id,name,term,default_survey_open,default_survey_close) VALUES (1,NULL,NULL,'survey12',201709,'2008-11-09 00:00:00','2008-11-12 00:00:00');
INSERT INTO surveys(dept_survey_choice_id,course_survey_choice_id,ta_survey_choice_id,name,term,default_survey_open,default_survey_close) VALUES (2,8,19,'survey13',201709,'2008-11-09 00:00:00','2008-11-12 00:00:00');
INSERT INTO surveys(dept_survey_choice_id,course_survey_choice_id,ta_survey_choice_id,name,term,default_survey_open,default_survey_close) VALUES (1,NULL,NULL,'survey14',201709,'2008-11-09 00:00:00','2008-11-12 00:00:00');
INSERT INTO surveys(dept_survey_choice_id,course_survey_choice_id,ta_survey_choice_id,name,term,default_survey_open,default_survey_close) VALUES (NULL,NULL,22,'survey15',201709,'2008-11-09 00:00:00','2008-11-12 00:00:00');
INSERT INTO surveys(dept_survey_choice_id,course_survey_choice_id,ta_survey_choice_id,name,term,default_survey_open,default_survey_close) VALUES (NULL,NULL,8,'survey16',201709,'2008-11-09 00:00:00','2008-11-12 00:00:00');
INSERT INTO surveys(dept_survey_choice_id,course_survey_choice_id,ta_survey_choice_id,name,term,default_survey_open,default_survey_close) VALUES (NULL,NULL,NULL,'survey17',201709,'2008-11-09 00:00:00','2008-11-12 00:00:00');
INSERT INTO surveys(dept_survey_choice_id,course_survey_choice_id,ta_survey_choice_id,name,term,default_survey_open,default_survey_close) VALUES (NULL,NULL,30,'survey18',201709,'2008-11-09 00:00:00','2008-11-12 00:00:00');
INSERT INTO surveys(dept_survey_choice_id,course_survey_choice_id,ta_survey_choice_id,name,term,default_survey_open,default_survey_close) VALUES (NULL,5,NULL,'survey19',201709,'2008-11-09 00:00:00','2008-11-12 00:00:00');
INSERT INTO surveys(dept_survey_choice_id,course_survey_choice_id,ta_survey_choice_id,name,term,default_survey_open,default_survey_close) VALUES (1,10,11,'survey20',201709,'2008-11-09 00:00:00','2008-11-12 00:00:00');
INSERT INTO surveys(dept_survey_choice_id,course_survey_choice_id,ta_survey_choice_id,name,term,default_survey_open,default_survey_close) VALUES (NULL,NULL,NULL,'survey21',201709,'2008-11-09 00:00:00','2008-11-12 00:00:00');
INSERT INTO surveys(dept_survey_choice_id,course_survey_choice_id,ta_survey_choice_id,name,term,default_survey_open,default_survey_close) VALUES (NULL,NULL,NULL,'survey22',201709,'2008-11-09 00:00:00','2008-11-12 00:00:00');
INSERT INTO surveys(dept_survey_choice_id,course_survey_choice_id,ta_survey_choice_id,name,term,default_survey_open,default_survey_close) VALUES (2,1,NULL,'survey23',201709,'2008-11-09 00:00:00','2008-11-12 00:00:00');
INSERT INTO surveys(dept_survey_choice_id,course_survey_choice_id,ta_survey_choice_id,name,term,default_survey_open,default_survey_close) VALUES (NULL,NULL,14,'survey24',201709,'2008-11-09 00:00:00','2008-11-12 00:00:00');
INSERT INTO surveys(dept_survey_choice_id,course_survey_choice_id,ta_survey_choice_id,name,term,default_survey_open,default_survey_close) VALUES (1,1,1,'survey25',201709,'2008-11-09 00:00:00','2008-11-12 00:00:00');
INSERT INTO surveys(dept_survey_choice_id,course_survey_choice_id,ta_survey_choice_id,name,term,default_survey_open,default_survey_close) VALUES (1,5,NULL,'survey26',201709,'2008-11-09 00:00:00','2008-11-12 00:00:00');
INSERT INTO surveys(dept_survey_choice_id,course_survey_choice_id,ta_survey_choice_id,name,term,default_survey_open,default_survey_close) VALUES (2,5,6,'survey27',201709,'2008-11-09 00:00:00','2008-11-12 00:00:00');
INSERT INTO surveys(dept_survey_choice_id,course_survey_choice_id,ta_survey_choice_id,name,term,default_survey_open,default_survey_close) VALUES (NULL,NULL,NULL,'survey28',201709,'2008-11-09 00:00:00','2008-11-12 00:00:00');
INSERT INTO surveys(dept_survey_choice_id,course_survey_choice_id,ta_survey_choice_id,name,term,default_survey_open,default_survey_close) VALUES (NULL,NULL,NULL,'survey29',201709,'2008-11-09 00:00:00','2008-11-12 00:00:00');
INSERT INTO surveys(dept_survey_choice_id,course_survey_choice_id,ta_survey_choice_id,name,term,default_survey_open,default_survey_close) VALUES (2,8,17,'survey30',201709,'2008-11-09 00:00:00','2008-11-12 00:00:00');
INSERT INTO surveys(dept_survey_choice_id,course_survey_choice_id,ta_survey_choice_id,name,term,default_survey_open,default_survey_close) VALUES (1,9,13,'survey31',201709,'2008-11-09 00:00:00','2008-11-12 00:00:00');
INSERT INTO surveys(dept_survey_choice_id,course_survey_choice_id,ta_survey_choice_id,name,term,default_survey_open,default_survey_close) VALUES (NULL,5,21,'survey32',201709,'2008-11-09 00:00:00','2008-11-12 00:00:00');
INSERT INTO surveys(dept_survey_choice_id,course_survey_choice_id,ta_survey_choice_id,name,term,default_survey_open,default_survey_close) VALUES (NULL,8,13,'survey33',201709,'2008-11-09 00:00:00','2008-11-12 00:00:00');
INSERT INTO surveys(dept_survey_choice_id,course_survey_choice_id,ta_survey_choice_id,name,term,default_survey_open,default_survey_close) VALUES (2,5,1,'survey34',201709,'2008-11-09 00:00:00','2008-11-12 00:00:00');
INSERT INTO surveys(dept_survey_choice_id,course_survey_choice_id,ta_survey_choice_id,name,term,default_survey_open,default_survey_close) VALUES (1,NULL,30,'survey35',201709,'2008-11-09 00:00:00','2008-11-12 00:00:00');
INSERT INTO surveys(dept_survey_choice_id,course_survey_choice_id,ta_survey_choice_id,name,term,default_survey_open,default_survey_close) VALUES (NULL,9,20,'survey36',201709,'2008-11-09 00:00:00','2008-11-12 00:00:00');
INSERT INTO surveys(dept_survey_choice_id,course_survey_choice_id,ta_survey_choice_id,name,term,default_survey_open,default_survey_close) VALUES (1,NULL,18,'survey37',201709,'2008-11-09 00:00:00','2008-11-12 00:00:00');
INSERT INTO surveys(dept_survey_choice_id,course_survey_choice_id,ta_survey_choice_id,name,term,default_survey_open,default_survey_close) VALUES (2,5,10,'survey38',201709,'2008-11-09 00:00:00','2008-11-12 00:00:00');
INSERT INTO surveys(dept_survey_choice_id,course_survey_choice_id,ta_survey_choice_id,name,term,default_survey_open,default_survey_close) VALUES (1,NULL,NULL,'survey39',201709,'2008-11-09 00:00:00','2008-11-12 00:00:00');
INSERT INTO surveys(dept_survey_choice_id,course_survey_choice_id,ta_survey_choice_id,name,term,default_survey_open,default_survey_close) VALUES (NULL,7,13,'survey40',201709,'2008-11-09 00:00:00','2008-11-12 00:00:00');
INSERT INTO surveys(dept_survey_choice_id,course_survey_choice_id,ta_survey_choice_id,name,term,default_survey_open,default_survey_close) VALUES (NULL,NULL,8,'survey41',201709,'2008-11-09 00:00:00','2008-11-12 00:00:00');
INSERT INTO surveys(dept_survey_choice_id,course_survey_choice_id,ta_survey_choice_id,name,term,default_survey_open,default_survey_close) VALUES (NULL,2,22,'survey42',201709,'2008-11-09 00:00:00','2008-11-12 00:00:00');
INSERT INTO survey_instances(survey_id,choices_id,user_association_id,override_token,survey_open,survey_close) VALUES (13,13,131,'92K9EZB6R5CEYQ06X9VT','2008-11-09 00:00:00','2008-11-12 00:00:00');
INSERT INTO survey_instances(survey_id,choices_id,user_association_id,override_token,survey_open,survey_close) VALUES (14,14,86,'9NJHKMP77D9WHZQLS894','2008-11-09 00:00:00','2008-11-12 00:00:00');
INSERT INTO survey_instances(survey_id,choices_id,user_association_id,override_token,survey_open,survey_close) VALUES (15,15,44,'ISFPOEXO912MM59Y20E8','2008-11-09 00:00:00','2008-11-12 00:00:00');
INSERT INTO survey_instances(survey_id,choices_id,user_association_id,override_token,survey_open,survey_close) VALUES (16,16,44,'2HBY1ZEYYUJ821U1EX49','2008-11-09 00:00:00','2008-11-12 00:00:00');
INSERT INTO survey_instances(survey_id,choices_id,user_association_id,override_token,survey_open,survey_close) VALUES (17,17,149,'WOYING84F0S8RMAX8MX6','2008-11-09 00:00:00','2008-11-12 00:00:00');
INSERT INTO survey_instances(survey_id,choices_id,user_association_id,override_token,survey_open,survey_close) VALUES (18,18,8,'4WV4GJUVKMXKNKCLOX3V','2008-11-09 00:00:00','2008-11-12 00:00:00');
INSERT INTO survey_instances(survey_id,choices_id,user_association_id,override_token,survey_open,survey_close) VALUES (19,19,140,'09I8GJWAQA4DYZ07L875','2008-11-09 00:00:00','2008-11-12 00:00:00');
INSERT INTO survey_instances(survey_id,choices_id,user_association_id,override_token,survey_open,survey_close) VALUES (20,20,20,'VAAMXYNEFXTPP2SGP7P3','2008-11-09 00:00:00','2008-11-12 00:00:00');
INSERT INTO survey_instances(survey_id,choices_id,user_association_id,override_token,survey_open,survey_close) VALUES (21,21,101,'SHU9VCXDGRI1M97H55DR','2008-11-09 00:00:00','2008-11-12 00:00:00');
INSERT INTO survey_instances(survey_id,choices_id,user_association_id,override_token,survey_open,survey_close) VALUES (22,22,32,'8RQUFDK0X4XES9SQXNKW','2008-11-09 00:00:00','2008-11-12 00:00:00');
INSERT INTO survey_instances(survey_id,choices_id,user_association_id,override_token,survey_open,survey_close) VALUES (23,23,149,'4FHXZAN0IR6EI6LTIJCD','2008-11-09 00:00:00','2008-11-12 00:00:00');
INSERT INTO survey_instances(survey_id,choices_id,user_association_id,override_token,survey_open,survey_close) VALUES (24,24,8,'KMP9M8P4NI1JH52H3UNW','2008-11-09 00:00:00','2008-11-12 00:00:00');
INSERT INTO survey_instances(survey_id,choices_id,user_association_id,override_token,survey_open,survey_close) VALUES (25,25,8,'DLPMV330B7NQFV1GDUGW','2008-11-09 00:00:00','2008-11-12 00:00:00');
INSERT INTO survey_instances(survey_id,choices_id,user_association_id,override_token,survey_open,survey_close) VALUES (26,26,104,'BTPUAVBUIYNGX7CH7PFQ','2008-11-09 00:00:00','2008-11-12 00:00:00');
INSERT INTO survey_instances(survey_id,choices_id,user_association_id,override_token,survey_open,survey_close) VALUES (27,27,113,'X1Q739KHCVFJK1ZFESQD','2008-11-09 00:00:00','2008-11-12 00:00:00');
INSERT INTO survey_instances(survey_id,choices_id,user_association_id,override_token,survey_open,survey_close) VALUES (28,28,125,'A4T601T7FJZQ8U7IDA6S','2008-11-09 00:00:00','2008-11-12 00:00:00');
INSERT INTO survey_instances(survey_id,choices_id,user_association_id,override_token,survey_open,survey_close) VALUES (29,29,74,'VP5J388ED5IED5V7TRPL','2008-11-09 00:00:00','2008-11-12 00:00:00');
INSERT INTO survey_instances(survey_id,choices_id,user_association_id,override_token,survey_open,survey_close) VALUES (30,30,71,'PJZPZUGW8K3922CFN9RZ','2008-11-09 00:00:00','2008-11-12 00:00:00');
INSERT INTO survey_instances(survey_id,choices_id,user_association_id,override_token,survey_open,survey_close) VALUES (31,31,86,'6GKPZVTJQNRQLEX3EQAH','2008-11-09 00:00:00','2008-11-12 00:00:00');
INSERT INTO survey_instances(survey_id,choices_id,user_association_id,override_token,survey_open,survey_close) VALUES (32,32,29,'KW6UT7X3P2J9HFLPD2XT','2008-11-09 00:00:00','2008-11-12 00:00:00');
INSERT INTO survey_instances(survey_id,choices_id,user_association_id,override_token,survey_open,survey_close) VALUES (33,33,14,'ZCIK9XN4RWHCC6D7E65B','2008-11-09 00:00:00','2008-11-12 00:00:00');
INSERT INTO survey_instances(survey_id,choices_id,user_association_id,override_token,survey_open,survey_close) VALUES (34,34,65,'FMHCPXF5PSL95ILWCMJZ','2008-11-09 00:00:00','2008-11-12 00:00:00');
INSERT INTO survey_instances(survey_id,choices_id,user_association_id,override_token,survey_open,survey_close) VALUES (35,35,38,'044VXS8SFII351119ZLP','2008-11-09 00:00:00','2008-11-12 00:00:00');
INSERT INTO survey_instances(survey_id,choices_id,user_association_id,override_token,survey_open,survey_close) VALUES (36,36,119,'MVUZ9QJUDKV9DZMJIYPV','2008-11-09 00:00:00','2008-11-12 00:00:00');
INSERT INTO survey_instances(survey_id,choices_id,user_association_id,override_token,survey_open,survey_close) VALUES (37,37,119,'MQIVK1KY7G445OHKN6U9','2008-11-09 00:00:00','2008-11-12 00:00:00');
INSERT INTO survey_instances(survey_id,choices_id,user_association_id,override_token,survey_open,survey_close) VALUES (38,38,68,'9A5D819Y6RZKJPOJ2RUV','2008-11-09 00:00:00','2008-11-12 00:00:00');
INSERT INTO survey_instances(survey_id,choices_id,user_association_id,override_token,survey_open,survey_close) VALUES (39,39,131,'BYDCAD15U67HG0S3Q67M','2008-11-09 00:00:00','2008-11-12 00:00:00');
INSERT INTO survey_instances(survey_id,choices_id,user_association_id,override_token,survey_open,survey_close) VALUES (40,40,32,'7L9INQMI6DG6GPW6KVTC','2008-11-09 00:00:00','2008-11-12 00:00:00');
INSERT INTO survey_instances(survey_id,choices_id,user_association_id,override_token,survey_open,survey_close) VALUES (41,41,149,'T69PAK289JMFYWDP5KZK','2008-11-09 00:00:00','2008-11-12 00:00:00');
INSERT INTO survey_instances(survey_id,choices_id,user_association_id,override_token,survey_open,survey_close) VALUES (42,42,20,'KQNXZ5G2GICWF4VVCVQV','2008-11-09 00:00:00','2008-11-12 00:00:00');
INSERT INTO responses(survey_instance_id,question_id,answer,user_id) VALUES (1,1,'answer86','o9iReEmsf6');
INSERT INTO responses(survey_instance_id,question_id,answer,user_id) VALUES (1,2,'answer21','ltckfr1Jld');
INSERT INTO responses(survey_instance_id,question_id,answer,user_id) VALUES (1,3,'answer91','COauiioKaC');
INSERT INTO responses(survey_instance_id,question_id,answer,user_id) VALUES (1,4,'answer21','gw741RpDFA');
INSERT INTO responses(survey_instance_id,question_id,answer,user_id) VALUES (1,5,'answer3','vDuQRBKjm3');
INSERT INTO responses(survey_instance_id,question_id,answer,user_id) VALUES (1,6,'answer36','yPygQYc55h');
INSERT INTO responses(survey_instance_id,question_id,answer,user_id) VALUES (1,7,'answer7','EZKvPBIydA');
INSERT INTO responses(survey_instance_id,question_id,answer,user_id) VALUES (1,8,'answer17','ZBv9QF8jO8');
INSERT INTO responses(survey_instance_id,question_id,answer,user_id) VALUES (1,9,'answer49','kL1npIPMkV');
INSERT INTO responses(survey_instance_id,question_id,answer,user_id) VALUES (1,10,'answer79','KKH6vpuILD');
INSERT INTO responses(survey_instance_id,question_id,answer,user_id) VALUES (1,11,'answer33','6ecUUjCy6z');
INSERT INTO responses(survey_instance_id,question_id,answer,user_id) VALUES (1,12,'answer49','hXXp7weueI');
INSERT INTO responses(survey_instance_id,question_id,answer,user_id) VALUES (1,13,'answer23','VpH8fwJLj5');
INSERT INTO responses(survey_instance_id,question_id,answer,user_id) VALUES (1,14,'answer61','Sc0iyuwqCZ');
INSERT INTO responses(survey_instance_id,question_id,answer,user_id) VALUES (1,15,'answer11','ZjNTbAWpIq');
INSERT INTO responses(survey_instance_id,question_id,answer,user_id) VALUES (1,16,'answer38','XKjve23Oyc');
INSERT INTO responses(survey_instance_id,question_id,answer,user_id) VALUES (1,17,'answer22','DQg5FQcf2d');
INSERT INTO responses(survey_instance_id,question_id,answer,user_id) VALUES (1,18,'answer24','rLT7jSybGR');
INSERT INTO responses(survey_instance_id,question_id,answer,user_id) VALUES (1,19,'answer8','SxpuVsd1nk');
INSERT INTO responses(survey_instance_id,question_id,answer,user_id) VALUES (1,20,'answer11','TQoimCFEiX');
INSERT INTO responses(survey_instance_id,question_id,answer,user_id) VALUES (2,1,'answer41','BcDVSrTZFB');
INSERT INTO responses(survey_instance_id,question_id,answer,user_id) VALUES (2,2,'answer10','sU1grvEYMT');
INSERT INTO responses(survey_instance_id,question_id,answer,user_id) VALUES (2,3,'answer36','Sh5OJbQT6n');
INSERT INTO responses(survey_instance_id,question_id,answer,user_id) VALUES (2,4,'answer93','sAZNkVEQyD');
INSERT INTO responses(survey_instance_id,question_id,answer,user_id) VALUES (2,5,'answer93','qYkUyEKhX9');
INSERT INTO responses(survey_instance_id,question_id,answer,user_id) VALUES (2,6,'answer32','yfSOsg9V8q');
INSERT INTO responses(survey_instance_id,question_id,answer,user_id) VALUES (2,7,'answer47','2dtVA7nLr2');
INSERT INTO responses(survey_instance_id,question_id,answer,user_id) VALUES (2,8,'answer35','U7hfHIi6xx');
INSERT INTO responses(survey_instance_id,question_id,answer,user_id) VALUES (2,9,'answer82','Bsjd1YExnl');
INSERT INTO responses(survey_instance_id,question_id,answer,user_id) VALUES (2,10,'answer41','pBqqCMQUaT');
INSERT INTO responses(survey_instance_id,question_id,answer,user_id) VALUES (2,11,'answer12','ukoGEyrEWM');
INSERT INTO responses(survey_instance_id,question_id,answer,user_id) VALUES (2,12,'answer33','xlmCrs2B82');
INSERT INTO responses(survey_instance_id,question_id,answer,user_id) VALUES (2,13,'answer44','kAsT5mOkug');
INSERT INTO responses(survey_instance_id,question_id,answer,user_id) VALUES (2,14,'answer8','OozudFxiTM');
INSERT INTO responses(survey_instance_id,question_id,answer,user_id) VALUES (2,15,'answer84','JtTkUxt6YH');
INSERT INTO responses(survey_instance_id,question_id,answer,user_id) VALUES (2,16,'answer49','taf1PYaAHU');
INSERT INTO responses(survey_instance_id,question_id,answer,user_id) VALUES (2,17,'answer91','FzlmhJ0rAK');
INSERT INTO responses(survey_instance_id,question_id,answer,user_id) VALUES (2,18,'answer37','6uHQ8egly5');
INSERT INTO responses(survey_instance_id,question_id,answer,user_id) VALUES (2,19,'answer76','YACG4OdH8C');
INSERT INTO responses(survey_instance_id,question_id,answer,user_id) VALUES (2,20,'answer35','tCx6qVhVaD');
INSERT INTO responses(survey_instance_id,question_id,answer,user_id) VALUES (3,1,'answer29','PLosZwlMcp');
INSERT INTO responses(survey_instance_id,question_id,answer,user_id) VALUES (3,2,'answer68','wxISLEpsfm');
INSERT INTO responses(survey_instance_id,question_id,answer,user_id) VALUES (3,3,'answer98','fnZ87ubyVU');
INSERT INTO responses(survey_instance_id,question_id,answer,user_id) VALUES (3,4,'answer8','SBuXjrEEmt');
INSERT INTO responses(survey_instance_id,question_id,answer,user_id) VALUES (3,5,'answer6','DhmGapmHU2');
INSERT INTO responses(survey_instance_id,question_id,answer,user_id) VALUES (3,6,'answer76','tMsNQZI2le');
INSERT INTO responses(survey_instance_id,question_id,answer,user_id) VALUES (3,7,'answer9','vpntT4hGtl');
INSERT INTO responses(survey_instance_id,question_id,answer,user_id) VALUES (3,8,'answer84','6qRP4PBOiT');
INSERT INTO responses(survey_instance_id,question_id,answer,user_id) VALUES (3,9,'answer64','u8MkJMBABi');
INSERT INTO responses(survey_instance_id,question_id,answer,user_id) VALUES (3,10,'answer85','9jtU5YN51t');
INSERT INTO responses(survey_instance_id,question_id,answer,user_id) VALUES (3,11,'answer78','FdkfzYDE4j');
INSERT INTO responses(survey_instance_id,question_id,answer,user_id) VALUES (3,12,'answer21','sn1gxTT1Uq');
INSERT INTO responses(survey_instance_id,question_id,answer,user_id) VALUES (3,13,'answer98','69Jh1TSIuz');
INSERT INTO responses(survey_instance_id,question_id,answer,user_id) VALUES (3,14,'answer59','WSLYjG1cuO');
INSERT INTO responses(survey_instance_id,question_id,answer,user_id) VALUES (3,15,'answer30','JTqmBa3azH');
INSERT INTO responses(survey_instance_id,question_id,answer,user_id) VALUES (3,16,'answer55','dZ47OZyR2k');
INSERT INTO responses(survey_instance_id,question_id,answer,user_id) VALUES (3,17,'answer75','psZONrHIfr');
INSERT INTO responses(survey_instance_id,question_id,answer,user_id) VALUES (3,18,'answer59','IPNUqXG4aF');
INSERT INTO responses(survey_instance_id,question_id,answer,user_id) VALUES (3,19,'answer93','FqYga5cPbW');
INSERT INTO responses(survey_instance_id,question_id,answer,user_id) VALUES (3,20,'answer0','NizJltDCKR');
INSERT INTO responses(survey_instance_id,question_id,answer,user_id) VALUES (4,1,'answer30','R146LvF5aR');
INSERT INTO responses(survey_instance_id,question_id,answer,user_id) VALUES (4,2,'answer30','swkjLK8sVE');
INSERT INTO responses(survey_instance_id,question_id,answer,user_id) VALUES (4,3,'answer94','wLa3AcmEcc');
INSERT INTO responses(survey_instance_id,question_id,answer,user_id) VALUES (4,4,'answer61','ffpiG4bI7O');
INSERT INTO responses(survey_instance_id,question_id,answer,user_id) VALUES (4,5,'answer14','37TwHkVcP5');
INSERT INTO responses(survey_instance_id,question_id,answer,user_id) VALUES (4,6,'answer10','W2MTBgzX6F');
INSERT INTO responses(survey_instance_id,question_id,answer,user_id) VALUES (4,7,'answer22','j9gSTFpu4f');
INSERT INTO responses(survey_instance_id,question_id,answer,user_id) VALUES (4,8,'answer66','MJaiEBoIzM');
INSERT INTO responses(survey_instance_id,question_id,answer,user_id) VALUES (4,9,'answer86','pmZP1DDwAB');
INSERT INTO responses(survey_instance_id,question_id,answer,user_id) VALUES (4,10,'answer70','Pfj19X5thp');
INSERT INTO responses(survey_instance_id,question_id,answer,user_id) VALUES (4,11,'answer6','N19H1qdxVl');
INSERT INTO responses(survey_instance_id,question_id,answer,user_id) VALUES (4,12,'answer79','1hKwkgx4ru');
INSERT INTO responses(survey_instance_id,question_id,answer,user_id) VALUES (4,13,'answer54','V5F2hZVjmH');
INSERT INTO responses(survey_instance_id,question_id,answer,user_id) VALUES (4,14,'answer15','3Hv8MnVXed');
INSERT INTO responses(survey_instance_id,question_id,answer,user_id) VALUES (4,15,'answer88','dTeXV8BQ0a');
INSERT INTO responses(survey_instance_id,question_id,answer,user_id) VALUES (4,16,'answer18','Rj1hi1sz1I');
INSERT INTO responses(survey_instance_id,question_id,answer,user_id) VALUES (4,17,'answer5','Soq8dX9Mpb');
INSERT INTO responses(survey_instance_id,question_id,answer,user_id) VALUES (4,18,'answer66','uF2sKXFCYz');
INSERT INTO responses(survey_instance_id,question_id,answer,user_id) VALUES (4,19,'answer3','Go19nNJP8v');
INSERT INTO responses(survey_instance_id,question_id,answer,user_id) VALUES (4,20,'answer37','Uq4jNWsX8r');
INSERT INTO responses(survey_instance_id,question_id,answer,user_id) VALUES (5,1,'answer39','pvoF6TzqSC');
INSERT INTO responses(survey_instance_id,question_id,answer,user_id) VALUES (5,2,'answer50','XhhobuzuUT');
INSERT INTO responses(survey_instance_id,question_id,answer,user_id) VALUES (5,3,'answer33','7oOwJhpRBc');
INSERT INTO responses(survey_instance_id,question_id,answer,user_id) VALUES (5,4,'answer53','Rvm6PJoHgu');
INSERT INTO responses(survey_instance_id,question_id,answer,user_id) VALUES (5,5,'answer97','6hw7a6Lb8a');
INSERT INTO responses(survey_instance_id,question_id,answer,user_id) VALUES (5,6,'answer64','rL6qf448x9');
INSERT INTO responses(survey_instance_id,question_id,answer,user_id) VALUES (5,7,'answer2','ZKyGh46Jgm');
INSERT INTO responses(survey_instance_id,question_id,answer,user_id) VALUES (5,8,'answer13','piDyTHwXjB');
INSERT INTO responses(survey_instance_id,question_id,answer,user_id) VALUES (5,9,'answer85','qlkKnInoku');
INSERT INTO responses(survey_instance_id,question_id,answer,user_id) VALUES (5,10,'answer33','tztrkRwhdT');
INSERT INTO responses(survey_instance_id,question_id,answer,user_id) VALUES (5,11,'answer18','kZ2ATD4ni6');
INSERT INTO responses(survey_instance_id,question_id,answer,user_id) VALUES (5,12,'answer64','fUAJULE5Uy');
INSERT INTO responses(survey_instance_id,question_id,answer,user_id) VALUES (5,13,'answer0','D1sWR9uVWu');
INSERT INTO responses(survey_instance_id,question_id,answer,user_id) VALUES (5,14,'answer0','R090pJSIEq');
INSERT INTO responses(survey_instance_id,question_id,answer,user_id) VALUES (5,15,'answer85','evIAOeLZiN');
INSERT INTO responses(survey_instance_id,question_id,answer,user_id) VALUES (5,16,'answer57','aPvaDHVKhO');
INSERT INTO responses(survey_instance_id,question_id,answer,user_id) VALUES (5,17,'answer0','QtD76QGaRb');
INSERT INTO responses(survey_instance_id,question_id,answer,user_id) VALUES (5,18,'answer72','CVJwa5RrC6');
INSERT INTO responses(survey_instance_id,question_id,answer,user_id) VALUES (5,19,'answer21','yfGMsewKDZ');
INSERT INTO responses(survey_instance_id,question_id,answer,user_id) VALUES (5,20,'answer43','bwDMBvIq3g');
INSERT INTO responses(survey_instance_id,question_id,answer,user_id) VALUES (6,1,'answer67','G3Q8I7fSlB');
INSERT INTO responses(survey_instance_id,question_id,answer,user_id) VALUES (6,2,'answer4','d5ftiE8Bur');
INSERT INTO responses(survey_instance_id,question_id,answer,user_id) VALUES (6,3,'answer44','Xw2RsGceEn');
INSERT INTO responses(survey_instance_id,question_id,answer,user_id) VALUES (6,4,'answer33','bMC6HqTL47');
INSERT INTO responses(survey_instance_id,question_id,answer,user_id) VALUES (6,5,'answer33','cWc2YSvAes');
INSERT INTO responses(survey_instance_id,question_id,answer,user_id) VALUES (6,6,'answer62','ExQCxUBtH3');
INSERT INTO responses(survey_instance_id,question_id,answer,user_id) VALUES (6,7,'answer70','2UDT5P6zOB');
INSERT INTO responses(survey_instance_id,question_id,answer,user_id) VALUES (6,8,'answer72','C55S3tM8Tf');
INSERT INTO responses(survey_instance_id,question_id,answer,user_id) VALUES (6,9,'answer49','cNxs4uW7Hj');
INSERT INTO responses(survey_instance_id,question_id,answer,user_id) VALUES (6,10,'answer84','kQUg9Scpqv');
INSERT INTO responses(survey_instance_id,question_id,answer,user_id) VALUES (6,11,'answer85','42Hg9ohY6c');
INSERT INTO responses(survey_instance_id,question_id,answer,user_id) VALUES (6,12,'answer29','S8nWr4ocdC');
INSERT INTO responses(survey_instance_id,question_id,answer,user_id) VALUES (6,13,'answer73','VR64YhF9is');
INSERT INTO responses(survey_instance_id,question_id,answer,user_id) VALUES (6,14,'answer25','e62JhpVYuD');
INSERT INTO responses(survey_instance_id,question_id,answer,user_id) VALUES (6,15,'answer12','e9aQ5SdVjn');
INSERT INTO responses(survey_instance_id,question_id,answer,user_id) VALUES (6,16,'answer14','E8Nfm7Mjkv');
INSERT INTO responses(survey_instance_id,question_id,answer,user_id) VALUES (6,17,'answer68','I97kbAkfcc');
INSERT INTO responses(survey_instance_id,question_id,answer,user_id) VALUES (6,18,'answer68','ZLhG0THfwC');
INSERT INTO responses(survey_instance_id,question_id,answer,user_id) VALUES (6,19,'answer99','tKteQpuF2z');
INSERT INTO responses(survey_instance_id,question_id,answer,user_id) VALUES (6,20,'answer13','bw7xn3hJ8e');
INSERT INTO responses(survey_instance_id,question_id,answer,user_id) VALUES (7,1,'answer48','6yssbCnngl');
INSERT INTO responses(survey_instance_id,question_id,answer,user_id) VALUES (7,2,'answer1','IybZ4qJAgk');
INSERT INTO responses(survey_instance_id,question_id,answer,user_id) VALUES (7,3,'answer50','UuGXlS0asS');
INSERT INTO responses(survey_instance_id,question_id,answer,user_id) VALUES (7,4,'answer59','n8D1mmpxR5');
INSERT INTO responses(survey_instance_id,question_id,answer,user_id) VALUES (7,5,'answer69','ID1O4GI8xB');
INSERT INTO responses(survey_instance_id,question_id,answer,user_id) VALUES (7,6,'answer11','0gqjOt2JTy');
INSERT INTO responses(survey_instance_id,question_id,answer,user_id) VALUES (7,7,'answer17','eqCuPdJ2lN');
INSERT INTO responses(survey_instance_id,question_id,answer,user_id) VALUES (7,8,'answer75','gpVGxzzP5Y');
INSERT INTO responses(survey_instance_id,question_id,answer,user_id) VALUES (7,9,'answer60','w80UeCNpkm');
INSERT INTO responses(survey_instance_id,question_id,answer,user_id) VALUES (7,10,'answer13','F6yN5Gab0h');
INSERT INTO responses(survey_instance_id,question_id,answer,user_id) VALUES (7,11,'answer93','bsh3XeeV7q');
INSERT INTO responses(survey_instance_id,question_id,answer,user_id) VALUES (7,12,'answer56','imiT9C11F3');
INSERT INTO responses(survey_instance_id,question_id,answer,user_id) VALUES (7,13,'answer65','OzitaezKap');
INSERT INTO responses(survey_instance_id,question_id,answer,user_id) VALUES (7,14,'answer90','UHsROWXd0w');
INSERT INTO responses(survey_instance_id,question_id,answer,user_id) VALUES (7,15,'answer12','MM5d34yEJp');
INSERT INTO responses(survey_instance_id,question_id,answer,user_id) VALUES (7,16,'answer4','tu8sYp6XHS');
INSERT INTO responses(survey_instance_id,question_id,answer,user_id) VALUES (7,17,'answer94','R0fvrwMWUj');
INSERT INTO responses(survey_instance_id,question_id,answer,user_id) VALUES (7,18,'answer96','wogWhlX1WO');
INSERT INTO responses(survey_instance_id,question_id,answer,user_id) VALUES (7,19,'answer57','6JA1DEFWMX');
INSERT INTO responses(survey_instance_id,question_id,answer,user_id) VALUES (7,20,'answer20','nL9GY8PEsG');
INSERT INTO responses(survey_instance_id,question_id,answer,user_id) VALUES (8,1,'answer75','OB7tj400BT');
INSERT INTO responses(survey_instance_id,question_id,answer,user_id) VALUES (8,2,'answer9','dR90U5EmQY');
INSERT INTO responses(survey_instance_id,question_id,answer,user_id) VALUES (8,3,'answer84','3cQN1rR0kZ');
INSERT INTO responses(survey_instance_id,question_id,answer,user_id) VALUES (8,4,'answer55','rMA8huGNb8');
INSERT INTO responses(survey_instance_id,question_id,answer,user_id) VALUES (8,5,'answer97','J4us346xSt');
INSERT INTO responses(survey_instance_id,question_id,answer,user_id) VALUES (8,6,'answer28','YLLEw0vvxF');
INSERT INTO responses(survey_instance_id,question_id,answer,user_id) VALUES (8,7,'answer15','35wYQUu8MB');
INSERT INTO responses(survey_instance_id,question_id,answer,user_id) VALUES (8,8,'answer38','N2gluMtlCX');
INSERT INTO responses(survey_instance_id,question_id,answer,user_id) VALUES (8,9,'answer36','CdbwL8Gu9z');
INSERT INTO responses(survey_instance_id,question_id,answer,user_id) VALUES (8,10,'answer51','QGHHvtsWCq');
INSERT INTO responses(survey_instance_id,question_id,answer,user_id) VALUES (8,11,'answer5','jIPX2W8Utk');
INSERT INTO responses(survey_instance_id,question_id,answer,user_id) VALUES (8,12,'answer76','Kzva6ftiBX');
INSERT INTO responses(survey_instance_id,question_id,answer,user_id) VALUES (8,13,'answer25','PQdvpWN8Mh');
INSERT INTO responses(survey_instance_id,question_id,answer,user_id) VALUES (8,14,'answer21','XqP7JXsX8f');
INSERT INTO responses(survey_instance_id,question_id,answer,user_id) VALUES (8,15,'answer69','WDJg3SLWbR');
INSERT INTO responses(survey_instance_id,question_id,answer,user_id) VALUES (8,16,'answer22','KZckrqv3G2');
INSERT INTO responses(survey_instance_id,question_id,answer,user_id) VALUES (8,17,'answer69','f3KmNEic2u');
INSERT INTO responses(survey_instance_id,question_id,answer,user_id) VALUES (8,18,'answer20','KqWlF9eRQf');
INSERT INTO responses(survey_instance_id,question_id,answer,user_id) VALUES (8,19,'answer94','LDxF4YRvR1');
INSERT INTO responses(survey_instance_id,question_id,answer,user_id) VALUES (8,20,'answer82','79HDUjg74q');
INSERT INTO responses(survey_instance_id,question_id,answer,user_id) VALUES (9,1,'answer12','18Ot1XWJqb');
INSERT INTO responses(survey_instance_id,question_id,answer,user_id) VALUES (9,2,'answer48','dvnYMHWIY6');
INSERT INTO responses(survey_instance_id,question_id,answer,user_id) VALUES (9,3,'answer81','6qWhBxQdKh');
INSERT INTO responses(survey_instance_id,question_id,answer,user_id) VALUES (9,4,'answer68','HrO0jGAG8d');
INSERT INTO responses(survey_instance_id,question_id,answer,user_id) VALUES (9,5,'answer26','zJ3tq5b3LM');
INSERT INTO responses(survey_instance_id,question_id,answer,user_id) VALUES (9,6,'answer92','XS21H41pvY');
INSERT INTO responses(survey_instance_id,question_id,answer,user_id) VALUES (9,7,'answer16','A8yUES2gJJ');
INSERT INTO responses(survey_instance_id,question_id,answer,user_id) VALUES (9,8,'answer11','jIC6xHVKI6');
INSERT INTO responses(survey_instance_id,question_id,answer,user_id) VALUES (9,9,'answer75','sSsyjUhKja');
INSERT INTO responses(survey_instance_id,question_id,answer,user_id) VALUES (9,10,'answer1','buADYw49GO');
INSERT INTO responses(survey_instance_id,question_id,answer,user_id) VALUES (9,11,'answer81','nsjZ4iEYQu');
INSERT INTO responses(survey_instance_id,question_id,answer,user_id) VALUES (9,12,'answer76','yWBRRjNV2m');
INSERT INTO responses(survey_instance_id,question_id,answer,user_id) VALUES (9,13,'answer5','2Fp7OHNB2c');
INSERT INTO responses(survey_instance_id,question_id,answer,user_id) VALUES (9,14,'answer18','rJhXa69VlU');
INSERT INTO responses(survey_instance_id,question_id,answer,user_id) VALUES (9,15,'answer13','biAfENTtQk');
INSERT INTO responses(survey_instance_id,question_id,answer,user_id) VALUES (9,16,'answer91','6yb8tYBnS5');
INSERT INTO responses(survey_instance_id,question_id,answer,user_id) VALUES (9,17,'answer48','dEQ0fzSRC2');
INSERT INTO responses(survey_instance_id,question_id,answer,user_id) VALUES (9,18,'answer45','6DyhCloGbo');
INSERT INTO responses(survey_instance_id,question_id,answer,user_id) VALUES (9,19,'answer29','ryp86TIzfF');
INSERT INTO responses(survey_instance_id,question_id,answer,user_id) VALUES (9,20,'answer38','nGQR5qeYPQ');
INSERT INTO responses(survey_instance_id,question_id,answer,user_id) VALUES (10,1,'answer8','N2PQCoHVJc');
INSERT INTO responses(survey_instance_id,question_id,answer,user_id) VALUES (10,2,'answer19','xAqMPZrCkl');
INSERT INTO responses(survey_instance_id,question_id,answer,user_id) VALUES (10,3,'answer92','vRGxSdtShb');
INSERT INTO responses(survey_instance_id,question_id,answer,user_id) VALUES (10,4,'answer69','U7Y2Mb6FeP');
INSERT INTO responses(survey_instance_id,question_id,answer,user_id) VALUES (10,5,'answer98','KqI8lTidHW');
INSERT INTO responses(survey_instance_id,question_id,answer,user_id) VALUES (10,6,'answer71','e1RlcaRJ1H');
INSERT INTO responses(survey_instance_id,question_id,answer,user_id) VALUES (10,7,'answer67','Xf6o5JOopX');
INSERT INTO responses(survey_instance_id,question_id,answer,user_id) VALUES (10,8,'answer8','GI9IsZ6rpW');
INSERT INTO responses(survey_instance_id,question_id,answer,user_id) VALUES (10,9,'answer96','lYrvHBCBAT');
INSERT INTO responses(survey_instance_id,question_id,answer,user_id) VALUES (10,10,'answer74','exiNJeIkQY');
INSERT INTO responses(survey_instance_id,question_id,answer,user_id) VALUES (10,11,'answer58','QdyaXsZG8E');
INSERT INTO responses(survey_instance_id,question_id,answer,user_id) VALUES (10,12,'answer99','MhLnHKxuMe');
INSERT INTO responses(survey_instance_id,question_id,answer,user_id) VALUES (10,13,'answer8','zXnefvy763');
INSERT INTO responses(survey_instance_id,question_id,answer,user_id) VALUES (10,14,'answer47','dUDyalVuS5');
INSERT INTO responses(survey_instance_id,question_id,answer,user_id) VALUES (10,15,'answer11','CzFJn6h1fV');
INSERT INTO responses(survey_instance_id,question_id,answer,user_id) VALUES (10,16,'answer61','1d4doU8esE');
INSERT INTO responses(survey_instance_id,question_id,answer,user_id) VALUES (10,17,'answer11','kbi4Zawg6O');
INSERT INTO responses(survey_instance_id,question_id,answer,user_id) VALUES (10,18,'answer75','JtcO8Dqo30');
INSERT INTO responses(survey_instance_id,question_id,answer,user_id) VALUES (10,19,'answer54','CmuDj3tCun');
INSERT INTO responses(survey_instance_id,question_id,answer,user_id) VALUES (10,20,'answer53','bMX6EZKg6N');
INSERT INTO responses(survey_instance_id,question_id,answer,user_id) VALUES (11,1,'answer53','hboSv8N4OQ');
INSERT INTO responses(survey_instance_id,question_id,answer,user_id) VALUES (11,2,'answer57','HMx0Z7Vh8E');
INSERT INTO responses(survey_instance_id,question_id,answer,user_id) VALUES (11,3,'answer79','weXYOeJ25J');
INSERT INTO responses(survey_instance_id,question_id,answer,user_id) VALUES (11,4,'answer20','Q7YksDxA9M');
INSERT INTO responses(survey_instance_id,question_id,answer,user_id) VALUES (11,5,'answer18','DJIVmri0rY');
INSERT INTO responses(survey_instance_id,question_id,answer,user_id) VALUES (11,6,'answer96','fnTVgAKFQz');
INSERT INTO responses(survey_instance_id,question_id,answer,user_id) VALUES (11,7,'answer14','bm6uEkSBSR');
INSERT INTO responses(survey_instance_id,question_id,answer,user_id) VALUES (11,8,'answer21','RBxhjGKHVr');
INSERT INTO responses(survey_instance_id,question_id,answer,user_id) VALUES (11,9,'answer70','iM2vrYLdUY');
INSERT INTO responses(survey_instance_id,question_id,answer,user_id) VALUES (11,10,'answer60','tiqOyqGCGD');
INSERT INTO responses(survey_instance_id,question_id,answer,user_id) VALUES (11,11,'answer16','dCkLjJY5Y2');
INSERT INTO responses(survey_instance_id,question_id,answer,user_id) VALUES (11,12,'answer69','cyjCcdnQKl');
INSERT INTO responses(survey_instance_id,question_id,answer,user_id) VALUES (11,13,'answer66','6rvksjy0A8');
INSERT INTO responses(survey_instance_id,question_id,answer,user_id) VALUES (11,14,'answer27','Y5OxzGpYaC');
INSERT INTO responses(survey_instance_id,question_id,answer,user_id) VALUES (11,15,'answer58','rTJ8EEAGFr');
INSERT INTO responses(survey_instance_id,question_id,answer,user_id) VALUES (11,16,'answer23','lpItGsCv4A');
INSERT INTO responses(survey_instance_id,question_id,answer,user_id) VALUES (11,17,'answer82','mNljcuOqtU');
INSERT INTO responses(survey_instance_id,question_id,answer,user_id) VALUES (11,18,'answer31','zCVTOwHNhU');
INSERT INTO responses(survey_instance_id,question_id,answer,user_id) VALUES (11,19,'answer23','8sbaIb1Ksd');
INSERT INTO responses(survey_instance_id,question_id,answer,user_id) VALUES (11,20,'answer37','uzyjzkYIsl');
INSERT INTO responses(survey_instance_id,question_id,answer,user_id) VALUES (12,1,'answer64','37c11YtAMJ');
INSERT INTO responses(survey_instance_id,question_id,answer,user_id) VALUES (12,2,'answer18','wukLCUnzcu');
INSERT INTO responses(survey_instance_id,question_id,answer,user_id) VALUES (12,3,'answer16','2dkOoHdGWp');
INSERT INTO responses(survey_instance_id,question_id,answer,user_id) VALUES (12,4,'answer77','p3dKQDVKqS');
INSERT INTO responses(survey_instance_id,question_id,answer,user_id) VALUES (12,5,'answer71','6tlTp5FUjB');
INSERT INTO responses(survey_instance_id,question_id,answer,user_id) VALUES (12,6,'answer88','BPU1jBM0IB');
INSERT INTO responses(survey_instance_id,question_id,answer,user_id) VALUES (12,7,'answer42','iNfuSQo6gW');
INSERT INTO responses(survey_instance_id,question_id,answer,user_id) VALUES (12,8,'answer47','aojcYBhqIg');
INSERT INTO responses(survey_instance_id,question_id,answer,user_id) VALUES (12,9,'answer84','E6ZNrE0dVJ');
INSERT INTO responses(survey_instance_id,question_id,answer,user_id) VALUES (12,10,'answer8','9VjCBmmaij');
INSERT INTO responses(survey_instance_id,question_id,answer,user_id) VALUES (12,11,'answer82','F7o9i1tqUO');
INSERT INTO responses(survey_instance_id,question_id,answer,user_id) VALUES (12,12,'answer58','mvSyS0yKjq');
INSERT INTO responses(survey_instance_id,question_id,answer,user_id) VALUES (12,13,'answer1','vWil3mkbEf');
INSERT INTO responses(survey_instance_id,question_id,answer,user_id) VALUES (12,14,'answer53','g0Z52We4gS');
INSERT INTO responses(survey_instance_id,question_id,answer,user_id) VALUES (12,15,'answer53','txvHN4TtfD');
INSERT INTO responses(survey_instance_id,question_id,answer,user_id) VALUES (12,16,'answer19','jrXk5tcMyV');
INSERT INTO responses(survey_instance_id,question_id,answer,user_id) VALUES (12,17,'answer14','j758LNmt2Z');
INSERT INTO responses(survey_instance_id,question_id,answer,user_id) VALUES (12,18,'answer9','RUb9QvrQV3');
INSERT INTO responses(survey_instance_id,question_id,answer,user_id) VALUES (12,19,'answer40','NVLu2uX68A');
INSERT INTO responses(survey_instance_id,question_id,answer,user_id) VALUES (12,20,'answer5','w147R1NQjh');
INSERT INTO responses(survey_instance_id,question_id,answer,user_id) VALUES (13,1,'answer53','jVQnoAWIAC');
INSERT INTO responses(survey_instance_id,question_id,answer,user_id) VALUES (13,2,'answer90','21UUuiLdCO');
INSERT INTO responses(survey_instance_id,question_id,answer,user_id) VALUES (13,3,'answer26','fBYQ6q4lcO');
INSERT INTO responses(survey_instance_id,question_id,answer,user_id) VALUES (13,4,'answer87','rb2mOWCyGZ');
INSERT INTO responses(survey_instance_id,question_id,answer,user_id) VALUES (13,5,'answer80','OT3fVqMx11');
INSERT INTO responses(survey_instance_id,question_id,answer,user_id) VALUES (13,6,'answer70','FLMC8f48Fs');
INSERT INTO responses(survey_instance_id,question_id,answer,user_id) VALUES (13,7,'answer43','XmyqOVPtjV');
INSERT INTO responses(survey_instance_id,question_id,answer,user_id) VALUES (13,8,'answer46','67qBEBSmlE');
INSERT INTO responses(survey_instance_id,question_id,answer,user_id) VALUES (13,9,'answer32','gou9EqzZON');
INSERT INTO responses(survey_instance_id,question_id,answer,user_id) VALUES (13,10,'answer5','IWFkbauCnu');
INSERT INTO responses(survey_instance_id,question_id,answer,user_id) VALUES (13,11,'answer69','eqLLH7L34t');
INSERT INTO responses(survey_instance_id,question_id,answer,user_id) VALUES (13,12,'answer38','C5AzbuffC9');
INSERT INTO responses(survey_instance_id,question_id,answer,user_id) VALUES (13,13,'answer45','YrXX567y8m');
INSERT INTO responses(survey_instance_id,question_id,answer,user_id) VALUES (13,14,'answer62','WjMOk327Ne');
INSERT INTO responses(survey_instance_id,question_id,answer,user_id) VALUES (13,15,'answer32','FZWUg7Ctnp');
INSERT INTO responses(survey_instance_id,question_id,answer,user_id) VALUES (13,16,'answer2','SojlAalNoZ');
INSERT INTO responses(survey_instance_id,question_id,answer,user_id) VALUES (13,17,'answer1','kaJ63XZEcX');
INSERT INTO responses(survey_instance_id,question_id,answer,user_id) VALUES (13,18,'answer68','50Rdi5YZyI');
INSERT INTO responses(survey_instance_id,question_id,answer,user_id) VALUES (13,19,'answer16','GFHFpiswVV');
INSERT INTO responses(survey_instance_id,question_id,answer,user_id) VALUES (13,20,'answer92','hM4Dl0AQmp');
INSERT INTO responses(survey_instance_id,question_id,answer,user_id) VALUES (14,1,'answer27','PAzxcm1jie');
INSERT INTO responses(survey_instance_id,question_id,answer,user_id) VALUES (14,2,'answer41','UvymemHjms');
INSERT INTO responses(survey_instance_id,question_id,answer,user_id) VALUES (14,3,'answer8','mhFMwF83qo');
INSERT INTO responses(survey_instance_id,question_id,answer,user_id) VALUES (14,4,'answer20','baIpSvL2Zk');
INSERT INTO responses(survey_instance_id,question_id,answer,user_id) VALUES (14,5,'answer50','AyWVX8lNOn');
INSERT INTO responses(survey_instance_id,question_id,answer,user_id) VALUES (14,6,'answer21','8caU8BJ4gb');
INSERT INTO responses(survey_instance_id,question_id,answer,user_id) VALUES (14,7,'answer35','DkFCeJ0cjc');
INSERT INTO responses(survey_instance_id,question_id,answer,user_id) VALUES (14,8,'answer64','8ps1bUkDgv');
INSERT INTO responses(survey_instance_id,question_id,answer,user_id) VALUES (14,9,'answer15','zQ9VthMxu0');
INSERT INTO responses(survey_instance_id,question_id,answer,user_id) VALUES (14,10,'answer18','TcSsXmPmqN');
INSERT INTO responses(survey_instance_id,question_id,answer,user_id) VALUES (14,11,'answer10','YpEa12YYJG');
INSERT INTO responses(survey_instance_id,question_id,answer,user_id) VALUES (14,12,'answer17','oJSp44nYYP');
INSERT INTO responses(survey_instance_id,question_id,answer,user_id) VALUES (14,13,'answer58','uWpgbopwh4');
INSERT INTO responses(survey_instance_id,question_id,answer,user_id) VALUES (14,14,'answer8','xOlsQTW88g');
INSERT INTO responses(survey_instance_id,question_id,answer,user_id) VALUES (14,15,'answer94','uF3eorj9te');
INSERT INTO responses(survey_instance_id,question_id,answer,user_id) VALUES (14,16,'answer87','RgtaKZGXZK');
INSERT INTO responses(survey_instance_id,question_id,answer,user_id) VALUES (14,17,'answer6','ouW9kgjioP');
INSERT INTO responses(survey_instance_id,question_id,answer,user_id) VALUES (14,18,'answer79','f5NjlSQxjB');
INSERT INTO responses(survey_instance_id,question_id,answer,user_id) VALUES (14,19,'answer57','w3ghWYaZHE');
INSERT INTO responses(survey_instance_id,question_id,answer,user_id) VALUES (14,20,'answer27','YlCXxJoIKm');
INSERT INTO responses(survey_instance_id,question_id,answer,user_id) VALUES (15,1,'answer6','CKyCg5mzyr');
INSERT INTO responses(survey_instance_id,question_id,answer,user_id) VALUES (15,2,'answer59','OQbgg0pWvI');
INSERT INTO responses(survey_instance_id,question_id,answer,user_id) VALUES (15,3,'answer10','hqgwIRG90e');
INSERT INTO responses(survey_instance_id,question_id,answer,user_id) VALUES (15,4,'answer40','iYi2MJqpiG');
INSERT INTO responses(survey_instance_id,question_id,answer,user_id) VALUES (15,5,'answer23','CtWOVg7CMV');
INSERT INTO responses(survey_instance_id,question_id,answer,user_id) VALUES (15,6,'answer96','CLnpTrldiH');
INSERT INTO responses(survey_instance_id,question_id,answer,user_id) VALUES (15,7,'answer55','V64lYsuLPK');
INSERT INTO responses(survey_instance_id,question_id,answer,user_id) VALUES (15,8,'answer14','oLPUTW4d1B');
INSERT INTO responses(survey_instance_id,question_id,answer,user_id) VALUES (15,9,'answer60','KLmAzTAfQ5');
INSERT INTO responses(survey_instance_id,question_id,answer,user_id) VALUES (15,10,'answer3','mMzYI2Bd0n');
INSERT INTO responses(survey_instance_id,question_id,answer,user_id) VALUES (15,11,'answer92','VJceSIJ4bv');
INSERT INTO responses(survey_instance_id,question_id,answer,user_id) VALUES (15,12,'answer74','viqGk3hKQB');
INSERT INTO responses(survey_instance_id,question_id,answer,user_id) VALUES (15,13,'answer85','OdtEP8c8tN');
INSERT INTO responses(survey_instance_id,question_id,answer,user_id) VALUES (15,14,'answer91','eI99HyLGln');
INSERT INTO responses(survey_instance_id,question_id,answer,user_id) VALUES (15,15,'answer70','R4TiApK1nL');
INSERT INTO responses(survey_instance_id,question_id,answer,user_id) VALUES (15,16,'answer46','bfTlcoguvX');
INSERT INTO responses(survey_instance_id,question_id,answer,user_id) VALUES (15,17,'answer85','3cfEyI0Byn');
INSERT INTO responses(survey_instance_id,question_id,answer,user_id) VALUES (15,18,'answer56','LD3bnxHr3j');
INSERT INTO responses(survey_instance_id,question_id,answer,user_id) VALUES (15,19,'answer19','69gmTJOKkl');
INSERT INTO responses(survey_instance_id,question_id,answer,user_id) VALUES (15,20,'answer67','dVsq1hBbCk');
INSERT INTO responses(survey_instance_id,question_id,answer,user_id) VALUES (16,1,'answer37','jVqV8LdgU7');
INSERT INTO responses(survey_instance_id,question_id,answer,user_id) VALUES (16,2,'answer67','C2nKMMUN36');
INSERT INTO responses(survey_instance_id,question_id,answer,user_id) VALUES (16,3,'answer11','RFkAF2kKGc');
INSERT INTO responses(survey_instance_id,question_id,answer,user_id) VALUES (16,4,'answer88','iBB8hBdUbs');
INSERT INTO responses(survey_instance_id,question_id,answer,user_id) VALUES (16,5,'answer95','lEvwgVFVuP');
INSERT INTO responses(survey_instance_id,question_id,answer,user_id) VALUES (16,6,'answer86','fyVpGilTsq');
INSERT INTO responses(survey_instance_id,question_id,answer,user_id) VALUES (16,7,'answer43','IdVz2CJRyb');
INSERT INTO responses(survey_instance_id,question_id,answer,user_id) VALUES (16,8,'answer53','oqwh0itIfW');
INSERT INTO responses(survey_instance_id,question_id,answer,user_id) VALUES (16,9,'answer20','VZnuq990du');
INSERT INTO responses(survey_instance_id,question_id,answer,user_id) VALUES (16,10,'answer53','dc2O5hD8D2');
INSERT INTO responses(survey_instance_id,question_id,answer,user_id) VALUES (16,11,'answer80','QQJOqTW1yk');
INSERT INTO responses(survey_instance_id,question_id,answer,user_id) VALUES (16,12,'answer17','HROpaai9O7');
INSERT INTO responses(survey_instance_id,question_id,answer,user_id) VALUES (16,13,'answer90','lIIw4LNw7Y');
INSERT INTO responses(survey_instance_id,question_id,answer,user_id) VALUES (16,14,'answer60','4is8xP3yBq');
INSERT INTO responses(survey_instance_id,question_id,answer,user_id) VALUES (16,15,'answer79','PNC2SRNqf0');
INSERT INTO responses(survey_instance_id,question_id,answer,user_id) VALUES (16,16,'answer14','nzaMxG9Pq7');
INSERT INTO responses(survey_instance_id,question_id,answer,user_id) VALUES (16,17,'answer94','YQEDO6g1Ak');
INSERT INTO responses(survey_instance_id,question_id,answer,user_id) VALUES (16,18,'answer72','fP8vBOGRCu');
INSERT INTO responses(survey_instance_id,question_id,answer,user_id) VALUES (16,19,'answer98','rB0HXf11eP');
INSERT INTO responses(survey_instance_id,question_id,answer,user_id) VALUES (16,20,'answer3','qVv4lj4Hms');
INSERT INTO responses(survey_instance_id,question_id,answer,user_id) VALUES (17,1,'answer98','GhOgn32kg1');
INSERT INTO responses(survey_instance_id,question_id,answer,user_id) VALUES (17,2,'answer6','wJllvcz2U0');
INSERT INTO responses(survey_instance_id,question_id,answer,user_id) VALUES (17,3,'answer53','woW013SZn7');
INSERT INTO responses(survey_instance_id,question_id,answer,user_id) VALUES (17,4,'answer1','Ze2EAmHzA4');
INSERT INTO responses(survey_instance_id,question_id,answer,user_id) VALUES (17,5,'answer85','ldlRiLVMYD');
INSERT INTO responses(survey_instance_id,question_id,answer,user_id) VALUES (17,6,'answer32','agZV8XvDvG');
INSERT INTO responses(survey_instance_id,question_id,answer,user_id) VALUES (17,7,'answer67','sYw4UbH3Dq');
INSERT INTO responses(survey_instance_id,question_id,answer,user_id) VALUES (17,8,'answer31','BD4ilIYyaB');
INSERT INTO responses(survey_instance_id,question_id,answer,user_id) VALUES (17,9,'answer5','jjFNofoAPb');
INSERT INTO responses(survey_instance_id,question_id,answer,user_id) VALUES (17,10,'answer51','VGdPsvI3ZY');
INSERT INTO responses(survey_instance_id,question_id,answer,user_id) VALUES (17,11,'answer30','OZUiI4nBMC');
INSERT INTO responses(survey_instance_id,question_id,answer,user_id) VALUES (17,12,'answer20','scX1Qmomd3');
INSERT INTO responses(survey_instance_id,question_id,answer,user_id) VALUES (17,13,'answer86','yhbPHUgFWQ');
INSERT INTO responses(survey_instance_id,question_id,answer,user_id) VALUES (17,14,'answer39','fvDeeqVkx4');
INSERT INTO responses(survey_instance_id,question_id,answer,user_id) VALUES (17,15,'answer92','WNV7jHAmhk');
INSERT INTO responses(survey_instance_id,question_id,answer,user_id) VALUES (17,16,'answer12','rR8njx2cbm');
INSERT INTO responses(survey_instance_id,question_id,answer,user_id) VALUES (17,17,'answer57','pztZYYSvuP');
INSERT INTO responses(survey_instance_id,question_id,answer,user_id) VALUES (17,18,'answer60','vBXROjVPUC');
INSERT INTO responses(survey_instance_id,question_id,answer,user_id) VALUES (17,19,'answer97','q8L74hub4B');
INSERT INTO responses(survey_instance_id,question_id,answer,user_id) VALUES (17,20,'answer84','E3cpemIfB4');
INSERT INTO responses(survey_instance_id,question_id,answer,user_id) VALUES (18,1,'answer11','dVQI5ymr10');
INSERT INTO responses(survey_instance_id,question_id,answer,user_id) VALUES (18,2,'answer53','p6PMcRDNyy');
INSERT INTO responses(survey_instance_id,question_id,answer,user_id) VALUES (18,3,'answer15','ULSY922RU6');
INSERT INTO responses(survey_instance_id,question_id,answer,user_id) VALUES (18,4,'answer13','LN3qN73AzP');
INSERT INTO responses(survey_instance_id,question_id,answer,user_id) VALUES (18,5,'answer81','8SbmyizFCv');
INSERT INTO responses(survey_instance_id,question_id,answer,user_id) VALUES (18,6,'answer15','jDALHdVVYb');
INSERT INTO responses(survey_instance_id,question_id,answer,user_id) VALUES (18,7,'answer34','JUxE352Z3A');
INSERT INTO responses(survey_instance_id,question_id,answer,user_id) VALUES (18,8,'answer93','9Z8e0rvQvn');
INSERT INTO responses(survey_instance_id,question_id,answer,user_id) VALUES (18,9,'answer6','Fkvyezh2VE');
INSERT INTO responses(survey_instance_id,question_id,answer,user_id) VALUES (18,10,'answer10','Ui112hYO0I');
INSERT INTO responses(survey_instance_id,question_id,answer,user_id) VALUES (18,11,'answer15','sHgvtyVcLd');
INSERT INTO responses(survey_instance_id,question_id,answer,user_id) VALUES (18,12,'answer88','20gPDnLEpI');
INSERT INTO responses(survey_instance_id,question_id,answer,user_id) VALUES (18,13,'answer93','H0uEbX6VZy');
INSERT INTO responses(survey_instance_id,question_id,answer,user_id) VALUES (18,14,'answer74','DVBWGTLiuL');
INSERT INTO responses(survey_instance_id,question_id,answer,user_id) VALUES (18,15,'answer69','CVC8n4zAFz');
INSERT INTO responses(survey_instance_id,question_id,answer,user_id) VALUES (18,16,'answer5','ReZvnqptIK');
INSERT INTO responses(survey_instance_id,question_id,answer,user_id) VALUES (18,17,'answer47','EYN21cvrj5');
INSERT INTO responses(survey_instance_id,question_id,answer,user_id) VALUES (18,18,'answer54','VVsbUzWRPf');
INSERT INTO responses(survey_instance_id,question_id,answer,user_id) VALUES (18,19,'answer13','qlBu2QTwDR');
INSERT INTO responses(survey_instance_id,question_id,answer,user_id) VALUES (18,20,'answer56','XntlSuxm1E');
INSERT INTO responses(survey_instance_id,question_id,answer,user_id) VALUES (19,1,'answer34','ujMhQTJNqo');
INSERT INTO responses(survey_instance_id,question_id,answer,user_id) VALUES (19,2,'answer35','4O2glX9Cmy');
INSERT INTO responses(survey_instance_id,question_id,answer,user_id) VALUES (19,3,'answer13','xHXnldsFqx');
INSERT INTO responses(survey_instance_id,question_id,answer,user_id) VALUES (19,4,'answer56','hLU1FH48Rj');
INSERT INTO responses(survey_instance_id,question_id,answer,user_id) VALUES (19,5,'answer85','oWPX9dDw3c');
INSERT INTO responses(survey_instance_id,question_id,answer,user_id) VALUES (19,6,'answer14','OfC5Ma5nnH');
INSERT INTO responses(survey_instance_id,question_id,answer,user_id) VALUES (19,7,'answer92','h6InfCmHPG');
INSERT INTO responses(survey_instance_id,question_id,answer,user_id) VALUES (19,8,'answer61','QfoU1XJOqU');
INSERT INTO responses(survey_instance_id,question_id,answer,user_id) VALUES (19,9,'answer21','tbJpUrZKN3');
INSERT INTO responses(survey_instance_id,question_id,answer,user_id) VALUES (19,10,'answer24','TNGZr9NzyR');
INSERT INTO responses(survey_instance_id,question_id,answer,user_id) VALUES (19,11,'answer24','Ox67s6Wx5z');
INSERT INTO responses(survey_instance_id,question_id,answer,user_id) VALUES (19,12,'answer61','a4qiKbueBg');
INSERT INTO responses(survey_instance_id,question_id,answer,user_id) VALUES (19,13,'answer96','HisLY8DiDE');
INSERT INTO responses(survey_instance_id,question_id,answer,user_id) VALUES (19,14,'answer92','vJ7PNI4sfX');
INSERT INTO responses(survey_instance_id,question_id,answer,user_id) VALUES (19,15,'answer86','EhLVPVf6hs');
INSERT INTO responses(survey_instance_id,question_id,answer,user_id) VALUES (19,16,'answer20','nqLjQIeRK7');
INSERT INTO responses(survey_instance_id,question_id,answer,user_id) VALUES (19,17,'answer50','2d9gMwfUxT');
INSERT INTO responses(survey_instance_id,question_id,answer,user_id) VALUES (19,18,'answer2','gEGOeoJqfH');
INSERT INTO responses(survey_instance_id,question_id,answer,user_id) VALUES (19,19,'answer18','rpF0VZwd03');
INSERT INTO responses(survey_instance_id,question_id,answer,user_id) VALUES (19,20,'answer45','OENH0qq1Cu');
INSERT INTO responses(survey_instance_id,question_id,answer,user_id) VALUES (20,1,'answer97','xLlAHcMlSn');
INSERT INTO responses(survey_instance_id,question_id,answer,user_id) VALUES (20,2,'answer57','YPC1h3br9F');
INSERT INTO responses(survey_instance_id,question_id,answer,user_id) VALUES (20,3,'answer50','gWiiDlI9TF');
INSERT INTO responses(survey_instance_id,question_id,answer,user_id) VALUES (20,4,'answer41','5FqZcG564q');
INSERT INTO responses(survey_instance_id,question_id,answer,user_id) VALUES (20,5,'answer41','qtL289d2ZS');
INSERT INTO responses(survey_instance_id,question_id,answer,user_id) VALUES (20,6,'answer55','yUIp5VTnrb');
INSERT INTO responses(survey_instance_id,question_id,answer,user_id) VALUES (20,7,'answer73','lYR7L7AcyS');
INSERT INTO responses(survey_instance_id,question_id,answer,user_id) VALUES (20,8,'answer83','MhwIUFoMz2');
INSERT INTO responses(survey_instance_id,question_id,answer,user_id) VALUES (20,9,'answer26','8yf8QXNshG');
INSERT INTO responses(survey_instance_id,question_id,answer,user_id) VALUES (20,10,'answer65','6vXCcDz3HT');
INSERT INTO responses(survey_instance_id,question_id,answer,user_id) VALUES (20,11,'answer7','OYvHeFEo2K');
INSERT INTO responses(survey_instance_id,question_id,answer,user_id) VALUES (20,12,'answer33','RX1PFl5SA6');
INSERT INTO responses(survey_instance_id,question_id,answer,user_id) VALUES (20,13,'answer90','jAR2LUkRnb');
INSERT INTO responses(survey_instance_id,question_id,answer,user_id) VALUES (20,14,'answer78','phrQYz38XB');
INSERT INTO responses(survey_instance_id,question_id,answer,user_id) VALUES (20,15,'answer54','LjEJx999Vs');
INSERT INTO responses(survey_instance_id,question_id,answer,user_id) VALUES (20,16,'answer32','LIPl33nJ7w');
INSERT INTO responses(survey_instance_id,question_id,answer,user_id) VALUES (20,17,'answer9','5oI4aRzDOH');
INSERT INTO responses(survey_instance_id,question_id,answer,user_id) VALUES (20,18,'answer30','MLjZx0wDAf');
INSERT INTO responses(survey_instance_id,question_id,answer,user_id) VALUES (20,19,'answer74','vverEc151P');
INSERT INTO responses(survey_instance_id,question_id,answer,user_id) VALUES (20,20,'answer21','OyM05qh8Qx');
INSERT INTO responses(survey_instance_id,question_id,answer,user_id) VALUES (21,1,'answer28','BCY5lBVXdK');
INSERT INTO responses(survey_instance_id,question_id,answer,user_id) VALUES (21,2,'answer41','WpAYtLVt9x');
INSERT INTO responses(survey_instance_id,question_id,answer,user_id) VALUES (21,3,'answer61','yLtYQd2NOF');
INSERT INTO responses(survey_instance_id,question_id,answer,user_id) VALUES (21,4,'answer43','Cg5Y4X7csz');
INSERT INTO responses(survey_instance_id,question_id,answer,user_id) VALUES (21,5,'answer83','5XBDlFf5ka');
INSERT INTO responses(survey_instance_id,question_id,answer,user_id) VALUES (21,6,'answer42','F2Z0C6lNr1');
INSERT INTO responses(survey_instance_id,question_id,answer,user_id) VALUES (21,7,'answer79','2aNm2dT8jG');
INSERT INTO responses(survey_instance_id,question_id,answer,user_id) VALUES (21,8,'answer84','1DHJlyud0p');
INSERT INTO responses(survey_instance_id,question_id,answer,user_id) VALUES (21,9,'answer80','u96r4xCRMt');
INSERT INTO responses(survey_instance_id,question_id,answer,user_id) VALUES (21,10,'answer63','Le2sRMW6To');
INSERT INTO responses(survey_instance_id,question_id,answer,user_id) VALUES (21,11,'answer62','5X8UwJ6t3y');
INSERT INTO responses(survey_instance_id,question_id,answer,user_id) VALUES (21,12,'answer74','ibbohlsF3n');
INSERT INTO responses(survey_instance_id,question_id,answer,user_id) VALUES (21,13,'answer32','1VPAqrIDRp');
INSERT INTO responses(survey_instance_id,question_id,answer,user_id) VALUES (21,14,'answer57','GGLVLNgTHV');
INSERT INTO responses(survey_instance_id,question_id,answer,user_id) VALUES (21,15,'answer3','Mnzbp1yCmi');
INSERT INTO responses(survey_instance_id,question_id,answer,user_id) VALUES (21,16,'answer53','6EzU23rj6i');
INSERT INTO responses(survey_instance_id,question_id,answer,user_id) VALUES (21,17,'answer85','ZNsACCAJUP');
INSERT INTO responses(survey_instance_id,question_id,answer,user_id) VALUES (21,18,'answer46','FAWVAn54Bk');
INSERT INTO responses(survey_instance_id,question_id,answer,user_id) VALUES (21,19,'answer38','OfdwZOqyyE');
INSERT INTO responses(survey_instance_id,question_id,answer,user_id) VALUES (21,20,'answer96','Y1JidTFvym');
INSERT INTO responses(survey_instance_id,question_id,answer,user_id) VALUES (22,1,'answer31','Wa6CVaHhjY');
INSERT INTO responses(survey_instance_id,question_id,answer,user_id) VALUES (22,2,'answer63','Nz08u5hx37');
INSERT INTO responses(survey_instance_id,question_id,answer,user_id) VALUES (22,3,'answer71','aZLzrIJXNX');
INSERT INTO responses(survey_instance_id,question_id,answer,user_id) VALUES (22,4,'answer80','DpfEnLWYWw');
INSERT INTO responses(survey_instance_id,question_id,answer,user_id) VALUES (22,5,'answer90','XhZ2I1O6Jm');
INSERT INTO responses(survey_instance_id,question_id,answer,user_id) VALUES (22,6,'answer42','fu0AWTD8pT');
INSERT INTO responses(survey_instance_id,question_id,answer,user_id) VALUES (22,7,'answer54','QjZ0WYXtB7');
INSERT INTO responses(survey_instance_id,question_id,answer,user_id) VALUES (22,8,'answer11','Hy8I8H8lqs');
INSERT INTO responses(survey_instance_id,question_id,answer,user_id) VALUES (22,9,'answer81','n3EuGPWSpQ');
INSERT INTO responses(survey_instance_id,question_id,answer,user_id) VALUES (22,10,'answer37','UNsvSWf6OC');
INSERT INTO responses(survey_instance_id,question_id,answer,user_id) VALUES (22,11,'answer1','PRQ7dhT9Fx');
INSERT INTO responses(survey_instance_id,question_id,answer,user_id) VALUES (22,12,'answer29','NkBYoPA7Qm');
INSERT INTO responses(survey_instance_id,question_id,answer,user_id) VALUES (22,13,'answer87','t78vcgB8Lr');
INSERT INTO responses(survey_instance_id,question_id,answer,user_id) VALUES (22,14,'answer99','Ko9w0cuxaA');
INSERT INTO responses(survey_instance_id,question_id,answer,user_id) VALUES (22,15,'answer47','76jXNQ99dg');
INSERT INTO responses(survey_instance_id,question_id,answer,user_id) VALUES (22,16,'answer86','MYDnFbvPFW');
INSERT INTO responses(survey_instance_id,question_id,answer,user_id) VALUES (22,17,'answer70','5on1xmPfcV');
INSERT INTO responses(survey_instance_id,question_id,answer,user_id) VALUES (22,18,'answer85','urrOxMp1aw');
INSERT INTO responses(survey_instance_id,question_id,answer,user_id) VALUES (22,19,'answer71','3PO5YTdzxH');
INSERT INTO responses(survey_instance_id,question_id,answer,user_id) VALUES (22,20,'answer89','Ci44D8jwc4');
INSERT INTO responses(survey_instance_id,question_id,answer,user_id) VALUES (23,1,'answer59','fXFmHZUnoV');
INSERT INTO responses(survey_instance_id,question_id,answer,user_id) VALUES (23,2,'answer78','GrheF8PzLW');
INSERT INTO responses(survey_instance_id,question_id,answer,user_id) VALUES (23,3,'answer84','rZZBCgUB1Z');
INSERT INTO responses(survey_instance_id,question_id,answer,user_id) VALUES (23,4,'answer57','QBCZ3hZiMl');
INSERT INTO responses(survey_instance_id,question_id,answer,user_id) VALUES (23,5,'answer0','339snWtULe');
INSERT INTO responses(survey_instance_id,question_id,answer,user_id) VALUES (23,6,'answer63','5USTwLeqa5');
INSERT INTO responses(survey_instance_id,question_id,answer,user_id) VALUES (23,7,'answer37','nfKHhbfwHm');
INSERT INTO responses(survey_instance_id,question_id,answer,user_id) VALUES (23,8,'answer97','dDvCnkZase');
INSERT INTO responses(survey_instance_id,question_id,answer,user_id) VALUES (23,9,'answer69','Ix2UzOEQJ3');
INSERT INTO responses(survey_instance_id,question_id,answer,user_id) VALUES (23,10,'answer39','imOlRDXrsy');
INSERT INTO responses(survey_instance_id,question_id,answer,user_id) VALUES (23,11,'answer75','bMfnyXvQpH');
INSERT INTO responses(survey_instance_id,question_id,answer,user_id) VALUES (23,12,'answer44','5gf4CNjLqd');
INSERT INTO responses(survey_instance_id,question_id,answer,user_id) VALUES (23,13,'answer49','X1BCr7urVZ');
INSERT INTO responses(survey_instance_id,question_id,answer,user_id) VALUES (23,14,'answer92','kZV6sZnJfp');
INSERT INTO responses(survey_instance_id,question_id,answer,user_id) VALUES (23,15,'answer1','EBR8ehb7VR');
INSERT INTO responses(survey_instance_id,question_id,answer,user_id) VALUES (23,16,'answer30','WNOSvunoOI');
INSERT INTO responses(survey_instance_id,question_id,answer,user_id) VALUES (23,17,'answer53','ZsLMmtQXS2');
INSERT INTO responses(survey_instance_id,question_id,answer,user_id) VALUES (23,18,'answer54','6EnTEqNKQJ');
INSERT INTO responses(survey_instance_id,question_id,answer,user_id) VALUES (23,19,'answer96','8UWwUS6ELw');
INSERT INTO responses(survey_instance_id,question_id,answer,user_id) VALUES (23,20,'answer88','CfL9WXiHT8');
INSERT INTO responses(survey_instance_id,question_id,answer,user_id) VALUES (24,1,'answer62','QmpTFTGKHg');
INSERT INTO responses(survey_instance_id,question_id,answer,user_id) VALUES (24,2,'answer9','5qvjirUXaR');
INSERT INTO responses(survey_instance_id,question_id,answer,user_id) VALUES (24,3,'answer16','jgjr2wnNEN');
INSERT INTO responses(survey_instance_id,question_id,answer,user_id) VALUES (24,4,'answer70','Pe544Ye7ok');
INSERT INTO responses(survey_instance_id,question_id,answer,user_id) VALUES (24,5,'answer97','ug2gMkrfKb');
INSERT INTO responses(survey_instance_id,question_id,answer,user_id) VALUES (24,6,'answer80','aCNss45j4M');
INSERT INTO responses(survey_instance_id,question_id,answer,user_id) VALUES (24,7,'answer84','UNoShKIK3W');
INSERT INTO responses(survey_instance_id,question_id,answer,user_id) VALUES (24,8,'answer47','KuVEWCTKpQ');
INSERT INTO responses(survey_instance_id,question_id,answer,user_id) VALUES (24,9,'answer7','JLeRaBCTFE');
INSERT INTO responses(survey_instance_id,question_id,answer,user_id) VALUES (24,10,'answer13','1nx3XHlRWH');
INSERT INTO responses(survey_instance_id,question_id,answer,user_id) VALUES (24,11,'answer30','JrFtaO0Jxr');
INSERT INTO responses(survey_instance_id,question_id,answer,user_id) VALUES (24,12,'answer48','FoAoWCdaLw');
INSERT INTO responses(survey_instance_id,question_id,answer,user_id) VALUES (24,13,'answer87','HOR4l2Xbb4');
INSERT INTO responses(survey_instance_id,question_id,answer,user_id) VALUES (24,14,'answer42','8btUczFpu2');
INSERT INTO responses(survey_instance_id,question_id,answer,user_id) VALUES (24,15,'answer94','yLeHL7bjtO');
INSERT INTO responses(survey_instance_id,question_id,answer,user_id) VALUES (24,16,'answer33','XXtXpEfnLh');
INSERT INTO responses(survey_instance_id,question_id,answer,user_id) VALUES (24,17,'answer66','9d9wSmjzZd');
INSERT INTO responses(survey_instance_id,question_id,answer,user_id) VALUES (24,18,'answer71','syUmoi0j8a');
INSERT INTO responses(survey_instance_id,question_id,answer,user_id) VALUES (24,19,'answer47','gOkeky74AS');
INSERT INTO responses(survey_instance_id,question_id,answer,user_id) VALUES (24,20,'answer66','ntxIoQns2c');
INSERT INTO responses(survey_instance_id,question_id,answer,user_id) VALUES (25,1,'answer39','CooxGNXn7m');
INSERT INTO responses(survey_instance_id,question_id,answer,user_id) VALUES (25,2,'answer63','quvzrrz19S');
INSERT INTO responses(survey_instance_id,question_id,answer,user_id) VALUES (25,3,'answer43','nCiNUsfRxZ');
INSERT INTO responses(survey_instance_id,question_id,answer,user_id) VALUES (25,4,'answer23','kEntnwih4R');
INSERT INTO responses(survey_instance_id,question_id,answer,user_id) VALUES (25,5,'answer16','ORdQF9Qycx');
INSERT INTO responses(survey_instance_id,question_id,answer,user_id) VALUES (25,6,'answer41','fPxwBmL7VT');
INSERT INTO responses(survey_instance_id,question_id,answer,user_id) VALUES (25,7,'answer20','pRqrqRAZ1k');
INSERT INTO responses(survey_instance_id,question_id,answer,user_id) VALUES (25,8,'answer2','jrSZRo0QPu');
INSERT INTO responses(survey_instance_id,question_id,answer,user_id) VALUES (25,9,'answer14','GlK93AX8Jj');
INSERT INTO responses(survey_instance_id,question_id,answer,user_id) VALUES (25,10,'answer62','8QlYjNtJfl');
INSERT INTO responses(survey_instance_id,question_id,answer,user_id) VALUES (25,11,'answer50','IGB5nkOF5G');
INSERT INTO responses(survey_instance_id,question_id,answer,user_id) VALUES (25,12,'answer72','KxZCBsFPJs');
INSERT INTO responses(survey_instance_id,question_id,answer,user_id) VALUES (25,13,'answer72','VRyhj2MVpK');
INSERT INTO responses(survey_instance_id,question_id,answer,user_id) VALUES (25,14,'answer29','A3RkgxPdf0');
INSERT INTO responses(survey_instance_id,question_id,answer,user_id) VALUES (25,15,'answer14','qFwMDZ54cV');
INSERT INTO responses(survey_instance_id,question_id,answer,user_id) VALUES (25,16,'answer48','sbB2hT3Bef');
INSERT INTO responses(survey_instance_id,question_id,answer,user_id) VALUES (25,17,'answer91','uoJOwHoV0v');
INSERT INTO responses(survey_instance_id,question_id,answer,user_id) VALUES (25,18,'answer15','uN16YrU9uI');
INSERT INTO responses(survey_instance_id,question_id,answer,user_id) VALUES (25,19,'answer44','bpveBH3xDu');
INSERT INTO responses(survey_instance_id,question_id,answer,user_id) VALUES (25,20,'answer22','h50gP1S13S');
INSERT INTO responses(survey_instance_id,question_id,answer,user_id) VALUES (26,1,'answer52','XnpcRHKYub');
INSERT INTO responses(survey_instance_id,question_id,answer,user_id) VALUES (26,2,'answer1','OigDPXjffR');
INSERT INTO responses(survey_instance_id,question_id,answer,user_id) VALUES (26,3,'answer80','2QFprLQUgW');
INSERT INTO responses(survey_instance_id,question_id,answer,user_id) VALUES (26,4,'answer70','tV9kj38a0N');
INSERT INTO responses(survey_instance_id,question_id,answer,user_id) VALUES (26,5,'answer75','TmdhWlbSa7');
INSERT INTO responses(survey_instance_id,question_id,answer,user_id) VALUES (26,6,'answer1','NPWkFPCMVs');
INSERT INTO responses(survey_instance_id,question_id,answer,user_id) VALUES (26,7,'answer12','ydOiClsQwM');
INSERT INTO responses(survey_instance_id,question_id,answer,user_id) VALUES (26,8,'answer44','odic0o5h9y');
INSERT INTO responses(survey_instance_id,question_id,answer,user_id) VALUES (26,9,'answer62','HxAUiYm73E');
INSERT INTO responses(survey_instance_id,question_id,answer,user_id) VALUES (26,10,'answer3','hUDJwbFwu3');
INSERT INTO responses(survey_instance_id,question_id,answer,user_id) VALUES (26,11,'answer23','kZ6k5FpjT3');
INSERT INTO responses(survey_instance_id,question_id,answer,user_id) VALUES (26,12,'answer23','UZfFd3XLsv');
INSERT INTO responses(survey_instance_id,question_id,answer,user_id) VALUES (26,13,'answer62','PE6FdXW7U3');
INSERT INTO responses(survey_instance_id,question_id,answer,user_id) VALUES (26,14,'answer70','dvt2qJjlEP');
INSERT INTO responses(survey_instance_id,question_id,answer,user_id) VALUES (26,15,'answer73','BKtnwbHgAx');
INSERT INTO responses(survey_instance_id,question_id,answer,user_id) VALUES (26,16,'answer6','CkDPjgu6RJ');
INSERT INTO responses(survey_instance_id,question_id,answer,user_id) VALUES (26,17,'answer27','kgMDPtEJDe');
INSERT INTO responses(survey_instance_id,question_id,answer,user_id) VALUES (26,18,'answer10','4E16N1qZ8y');
INSERT INTO responses(survey_instance_id,question_id,answer,user_id) VALUES (26,19,'answer88','vboh3tWZtO');
INSERT INTO responses(survey_instance_id,question_id,answer,user_id) VALUES (26,20,'answer78','j0XIP3pIjo');
INSERT INTO responses(survey_instance_id,question_id,answer,user_id) VALUES (27,1,'answer4','aPBfGx6pN7');
INSERT INTO responses(survey_instance_id,question_id,answer,user_id) VALUES (27,2,'answer53','wTldjzpkVR');
INSERT INTO responses(survey_instance_id,question_id,answer,user_id) VALUES (27,3,'answer59','bx8bPy2hfK');
INSERT INTO responses(survey_instance_id,question_id,answer,user_id) VALUES (27,4,'answer15','6ezdulLO4D');
INSERT INTO responses(survey_instance_id,question_id,answer,user_id) VALUES (27,5,'answer63','uQ4PnUgPQ4');
INSERT INTO responses(survey_instance_id,question_id,answer,user_id) VALUES (27,6,'answer65','jKh9S6dG1i');
INSERT INTO responses(survey_instance_id,question_id,answer,user_id) VALUES (27,7,'answer98','rQ2gxdOEwO');
INSERT INTO responses(survey_instance_id,question_id,answer,user_id) VALUES (27,8,'answer11','uAtDCG0C2N');
INSERT INTO responses(survey_instance_id,question_id,answer,user_id) VALUES (27,9,'answer94','Mxm1JoIuTf');
INSERT INTO responses(survey_instance_id,question_id,answer,user_id) VALUES (27,10,'answer85','zKcVuyrKo1');
INSERT INTO responses(survey_instance_id,question_id,answer,user_id) VALUES (27,11,'answer12','WtyRme9xt2');
INSERT INTO responses(survey_instance_id,question_id,answer,user_id) VALUES (27,12,'answer37','fvEkCInOi2');
INSERT INTO responses(survey_instance_id,question_id,answer,user_id) VALUES (27,13,'answer45','cXGP7JUWrC');
INSERT INTO responses(survey_instance_id,question_id,answer,user_id) VALUES (27,14,'answer82','AbB1wK2rBj');
INSERT INTO responses(survey_instance_id,question_id,answer,user_id) VALUES (27,15,'answer63','1Jz2i1T36G');
INSERT INTO responses(survey_instance_id,question_id,answer,user_id) VALUES (27,16,'answer59','jRF2rGa3dD');
INSERT INTO responses(survey_instance_id,question_id,answer,user_id) VALUES (27,17,'answer14','uA4LhRaTeQ');
INSERT INTO responses(survey_instance_id,question_id,answer,user_id) VALUES (27,18,'answer27','f4oeCiFval');
INSERT INTO responses(survey_instance_id,question_id,answer,user_id) VALUES (27,19,'answer2','kRjPg0wT66');
INSERT INTO responses(survey_instance_id,question_id,answer,user_id) VALUES (27,20,'answer50','gFQTne1IBO');
INSERT INTO responses(survey_instance_id,question_id,answer,user_id) VALUES (28,1,'answer53','6hp880F3wu');
INSERT INTO responses(survey_instance_id,question_id,answer,user_id) VALUES (28,2,'answer14','pRbhk1bma5');
INSERT INTO responses(survey_instance_id,question_id,answer,user_id) VALUES (28,3,'answer62','anM73RSsB9');
INSERT INTO responses(survey_instance_id,question_id,answer,user_id) VALUES (28,4,'answer64','NOehWSH8wp');
INSERT INTO responses(survey_instance_id,question_id,answer,user_id) VALUES (28,5,'answer90','WeTe7MdAA5');
INSERT INTO responses(survey_instance_id,question_id,answer,user_id) VALUES (28,6,'answer26','9EhEWP1ST8');
INSERT INTO responses(survey_instance_id,question_id,answer,user_id) VALUES (28,7,'answer27','MtGBqoRVTT');
INSERT INTO responses(survey_instance_id,question_id,answer,user_id) VALUES (28,8,'answer93','fi0qSBQKZz');
INSERT INTO responses(survey_instance_id,question_id,answer,user_id) VALUES (28,9,'answer11','FTSKhaaEtj');
INSERT INTO responses(survey_instance_id,question_id,answer,user_id) VALUES (28,10,'answer90','63EN1414mp');
INSERT INTO responses(survey_instance_id,question_id,answer,user_id) VALUES (28,11,'answer39','4QFadUEkQu');
INSERT INTO responses(survey_instance_id,question_id,answer,user_id) VALUES (28,12,'answer99','dje6gAHU0Q');
INSERT INTO responses(survey_instance_id,question_id,answer,user_id) VALUES (28,13,'answer48','NuVDv64lOv');
INSERT INTO responses(survey_instance_id,question_id,answer,user_id) VALUES (28,14,'answer15','sM2eWTscZu');
INSERT INTO responses(survey_instance_id,question_id,answer,user_id) VALUES (28,15,'answer22','Qev31HkljF');
INSERT INTO responses(survey_instance_id,question_id,answer,user_id) VALUES (28,16,'answer27','eGSHWYIVQB');
INSERT INTO responses(survey_instance_id,question_id,answer,user_id) VALUES (28,17,'answer11','PSwNyK3c8p');
INSERT INTO responses(survey_instance_id,question_id,answer,user_id) VALUES (28,18,'answer25','olnZVqT5dp');
INSERT INTO responses(survey_instance_id,question_id,answer,user_id) VALUES (28,19,'answer77','apGqaVYzRI');
INSERT INTO responses(survey_instance_id,question_id,answer,user_id) VALUES (28,20,'answer61','xJwfjYNVbk');
INSERT INTO responses(survey_instance_id,question_id,answer,user_id) VALUES (29,1,'answer56','NudKR5Clkj');
INSERT INTO responses(survey_instance_id,question_id,answer,user_id) VALUES (29,2,'answer25','PMEzKecrqu');
INSERT INTO responses(survey_instance_id,question_id,answer,user_id) VALUES (29,3,'answer34','xy99PPY9eX');
INSERT INTO responses(survey_instance_id,question_id,answer,user_id) VALUES (29,4,'answer47','1A6FmrVCAS');
INSERT INTO responses(survey_instance_id,question_id,answer,user_id) VALUES (29,5,'answer9','YfAF9ZMtD7');
INSERT INTO responses(survey_instance_id,question_id,answer,user_id) VALUES (29,6,'answer49','63j4TQf6HP');
INSERT INTO responses(survey_instance_id,question_id,answer,user_id) VALUES (29,7,'answer31','QK1zQuEboI');
INSERT INTO responses(survey_instance_id,question_id,answer,user_id) VALUES (29,8,'answer80','DOpMqzuc0q');
INSERT INTO responses(survey_instance_id,question_id,answer,user_id) VALUES (29,9,'answer72','OMM05iVTWB');
INSERT INTO responses(survey_instance_id,question_id,answer,user_id) VALUES (29,10,'answer98','y08vqLc1Hh');
INSERT INTO responses(survey_instance_id,question_id,answer,user_id) VALUES (29,11,'answer67','YnzG0raagu');
INSERT INTO responses(survey_instance_id,question_id,answer,user_id) VALUES (29,12,'answer89','w1tcoNwi4c');
INSERT INTO responses(survey_instance_id,question_id,answer,user_id) VALUES (29,13,'answer56','T9DWXlVHqQ');
INSERT INTO responses(survey_instance_id,question_id,answer,user_id) VALUES (29,14,'answer85','PCnJgjC5ED');
INSERT INTO responses(survey_instance_id,question_id,answer,user_id) VALUES (29,15,'answer38','bpIgP3lSkQ');
INSERT INTO responses(survey_instance_id,question_id,answer,user_id) VALUES (29,16,'answer10','lrWWIC7BuW');
INSERT INTO responses(survey_instance_id,question_id,answer,user_id) VALUES (29,17,'answer13','BKCsVEtWLW');
INSERT INTO responses(survey_instance_id,question_id,answer,user_id) VALUES (29,18,'answer31','WHkQ8aU9JG');
INSERT INTO responses(survey_instance_id,question_id,answer,user_id) VALUES (29,19,'answer28','WXhp7gIW0k');
INSERT INTO responses(survey_instance_id,question_id,answer,user_id) VALUES (29,20,'answer62','dYf6MtixlB');
INSERT INTO responses(survey_instance_id,question_id,answer,user_id) VALUES (30,1,'answer43','sXkRvnA4v2');
INSERT INTO responses(survey_instance_id,question_id,answer,user_id) VALUES (30,2,'answer86','KBW8kFtvwL');
INSERT INTO responses(survey_instance_id,question_id,answer,user_id) VALUES (30,3,'answer79','SlZHFZOPNJ');
INSERT INTO responses(survey_instance_id,question_id,answer,user_id) VALUES (30,4,'answer57','zBOJAscfgt');
INSERT INTO responses(survey_instance_id,question_id,answer,user_id) VALUES (30,5,'answer87','YosYrvbEx5');
INSERT INTO responses(survey_instance_id,question_id,answer,user_id) VALUES (30,6,'answer78','zRwePxN1Jf');
INSERT INTO responses(survey_instance_id,question_id,answer,user_id) VALUES (30,7,'answer29','js7SI1bMxW');
INSERT INTO responses(survey_instance_id,question_id,answer,user_id) VALUES (30,8,'answer58','sXhRG6Auy9');
INSERT INTO responses(survey_instance_id,question_id,answer,user_id) VALUES (30,9,'answer60','LNspUqVJN2');
INSERT INTO responses(survey_instance_id,question_id,answer,user_id) VALUES (30,10,'answer48','cdVAD4HD9k');
INSERT INTO responses(survey_instance_id,question_id,answer,user_id) VALUES (30,11,'answer9','IcKrcron3T');
INSERT INTO responses(survey_instance_id,question_id,answer,user_id) VALUES (30,12,'answer8','C9uKhp1TsA');
INSERT INTO responses(survey_instance_id,question_id,answer,user_id) VALUES (30,13,'answer91','0HFVwVWnK4');
INSERT INTO responses(survey_instance_id,question_id,answer,user_id) VALUES (30,14,'answer31','5urnW7tdy4');
INSERT INTO responses(survey_instance_id,question_id,answer,user_id) VALUES (30,15,'answer29','OejDqi7PKd');
INSERT INTO responses(survey_instance_id,question_id,answer,user_id) VALUES (30,16,'answer61','XKAFKrRqoR');
INSERT INTO responses(survey_instance_id,question_id,answer,user_id) VALUES (30,17,'answer17','gEDhlzJYrF');
INSERT INTO responses(survey_instance_id,question_id,answer,user_id) VALUES (30,18,'answer16','3ngsClCYlv');
INSERT INTO responses(survey_instance_id,question_id,answer,user_id) VALUES (30,19,'answer86','wGebO941dj');
INSERT INTO responses(survey_instance_id,question_id,answer,user_id) VALUES (30,20,'answer7','UNfTWLMpWe');
