use `tafs`
INSERT INTO departments VALUES('CSC');
INSERT INTO departments VALUES('MAT');


INSERT INTO users VALUES ('admin0',0,0,1,'admin0',NULL);
INSERT INTO users VALUES ('admin1',0,0,1,'admin1',NULL);
INSERT INTO users VALUES ('prof0',0,1,0,'prof0',NULL);
INSERT INTO users VALUES ('prof1',0,1,0,'prof1',NULL);
INSERT INTO users VALUES ('prof2',0,1,0,'prof2',NULL);
INSERT INTO users VALUES ('prof3',0,1,0,'prof3',NULL);
INSERT INTO users VALUES ('prof4',0,1,0,'prof4',NULL);
INSERT INTO users VALUES ('ta0',1,0,0,'ta0',NULL);
INSERT INTO users VALUES ('ta1',1,0,0,'ta1',NULL);
INSERT INTO users VALUES ('ta2',1,0,0,'ta2',NULL);
INSERT INTO users VALUES ('ta3',1,0,0,'ta3',NULL);
INSERT INTO users VALUES ('ta4',1,0,0,'ta4',NULL);
INSERT INTO users VALUES ('ta5',1,0,0,'ta5',NULL);
INSERT INTO users VALUES ('ta6',1,0,0,'ta6',NULL);
INSERT INTO users VALUES ('ta7',1,0,0,'ta7',NULL);
INSERT INTO users VALUES ('ta8',1,0,0,'ta8',NULL);
INSERT INTO users VALUES ('ta9',1,0,0,'ta9',NULL);
INSERT INTO users VALUES ('ta10',1,0,0,'ta10',NULL);
INSERT INTO users VALUES ('ta11',1,0,0,'ta11',NULL);
INSERT INTO users VALUES ('ta12',1,0,0,'ta12',NULL);
INSERT INTO users VALUES ('ta13',1,0,0,'ta13',NULL);
INSERT INTO users VALUES ('ta14',1,0,0,'ta14',NULL);
INSERT INTO users VALUES ('ta15',1,0,0,'ta15',NULL);
INSERT INTO users VALUES ('ta16',1,0,0,'ta16',NULL);
INSERT INTO users VALUES ('ta17',1,0,0,'ta17',NULL);
INSERT INTO users VALUES ('ta18',1,0,0,'ta18',NULL);
INSERT INTO users VALUES ('ta19',1,0,0,'ta19',NULL);
INSERT INTO courses VALUES ('CSC100','CSC100','CSC');
INSERT INTO sections (course_code, term, meeting_time, room, section_code) VALUES ('CSC100',201709,'2008-11-09','BA1102','LEC0100');
INSERT INTO sections (course_code, term, meeting_time, room, section_code) VALUES ('CSC100',201709,'2008-11-09','BA1104','LEC0101');
INSERT INTO sections (course_code, term, meeting_time, room, section_code) VALUES ('CSC100',201709,'2008-11-09','BA1103','LEC0102');
INSERT INTO sections (course_code, term, meeting_time, room, section_code) VALUES ('CSC100',201709,'2008-11-09','BA1101','LEC0103');
INSERT INTO sections (course_code, term, meeting_time, room, section_code) VALUES ('CSC100',201709,'2008-11-09','BA1101','LEC0104');
INSERT INTO sections (course_code, term, meeting_time, room, section_code) VALUES ('CSC100',201801,'2008-11-09','BA1104','LEC0100');
INSERT INTO sections (course_code, term, meeting_time, room, section_code) VALUES ('CSC100',201801,'2008-11-09','BA1101','LEC0101');
INSERT INTO sections (course_code, term, meeting_time, room, section_code) VALUES ('CSC100',201801,'2008-11-09','BA1101','LEC0102');
INSERT INTO sections (course_code, term, meeting_time, room, section_code) VALUES ('CSC100',201801,'2008-11-09','BA1100','LEC0103');
INSERT INTO sections (course_code, term, meeting_time, room, section_code) VALUES ('CSC100',201801,'2008-11-09','BA1101','LEC0104');
INSERT INTO user_associations(user_id, course_code, section_id) VALUES ('admin0','CSC100',1);
INSERT INTO user_associations(user_id, course_code, section_id) VALUES ('ta15','CSC100',1);
INSERT INTO user_associations(user_id, course_code, section_id) VALUES ('prof3','CSC100',1);
INSERT INTO user_associations(user_id, course_code, section_id) VALUES ('admin0','CSC100',2);
INSERT INTO user_associations(user_id, course_code, section_id) VALUES ('ta5','CSC100',2);
INSERT INTO user_associations(user_id, course_code, section_id) VALUES ('prof3','CSC100',2);
INSERT INTO user_associations(user_id, course_code, section_id) VALUES ('admin0','CSC100',3);
INSERT INTO user_associations(user_id, course_code, section_id) VALUES ('ta9','CSC100',3);
INSERT INTO user_associations(user_id, course_code, section_id) VALUES ('prof2','CSC100',3);
INSERT INTO user_associations(user_id, course_code, section_id) VALUES ('admin0','CSC100',4);
INSERT INTO user_associations(user_id, course_code, section_id) VALUES ('ta15','CSC100',4);
INSERT INTO user_associations(user_id, course_code, section_id) VALUES ('prof2','CSC100',4);
INSERT INTO user_associations(user_id, course_code, section_id) VALUES ('admin0','CSC100',5);
INSERT INTO user_associations(user_id, course_code, section_id) VALUES ('ta14','CSC100',5);
INSERT INTO user_associations(user_id, course_code, section_id) VALUES ('prof1','CSC100',5);
INSERT INTO user_associations(user_id, course_code, section_id) VALUES ('admin0','CSC100',6);
INSERT INTO user_associations(user_id, course_code, section_id) VALUES ('ta0','CSC100',6);
INSERT INTO user_associations(user_id, course_code, section_id) VALUES ('prof4','CSC100',6);
INSERT INTO user_associations(user_id, course_code, section_id) VALUES ('admin0','CSC100',7);
INSERT INTO user_associations(user_id, course_code, section_id) VALUES ('ta7','CSC100',7);
INSERT INTO user_associations(user_id, course_code, section_id) VALUES ('prof0','CSC100',7);
INSERT INTO user_associations(user_id, course_code, section_id) VALUES ('admin0','CSC100',8);
INSERT INTO user_associations(user_id, course_code, section_id) VALUES ('ta11','CSC100',8);
INSERT INTO user_associations(user_id, course_code, section_id) VALUES ('prof0','CSC100',8);
INSERT INTO user_associations(user_id, course_code, section_id) VALUES ('admin0','CSC100',9);
INSERT INTO user_associations(user_id, course_code, section_id) VALUES ('ta5','CSC100',9);
INSERT INTO user_associations(user_id, course_code, section_id) VALUES ('prof0','CSC100',9);
INSERT INTO user_associations(user_id, course_code, section_id) VALUES ('admin0','CSC100',10);
INSERT INTO user_associations(user_id, course_code, section_id) VALUES ('ta11','CSC100',10);
INSERT INTO user_associations(user_id, course_code, section_id) VALUES ('prof0','CSC100',10);
INSERT INTO courses VALUES ('CSC101','CSC101','CSC');
INSERT INTO sections (course_code, term, meeting_time, room, section_code) VALUES ('CSC101',201709,'2008-11-09','BA1103','LEC0100');
INSERT INTO sections (course_code, term, meeting_time, room, section_code) VALUES ('CSC101',201709,'2008-11-09','BA1100','LEC0101');
INSERT INTO sections (course_code, term, meeting_time, room, section_code) VALUES ('CSC101',201709,'2008-11-09','BA1102','LEC0102');
INSERT INTO sections (course_code, term, meeting_time, room, section_code) VALUES ('CSC101',201709,'2008-11-09','BA1103','LEC0103');
INSERT INTO sections (course_code, term, meeting_time, room, section_code) VALUES ('CSC101',201709,'2008-11-09','BA1102','LEC0104');
INSERT INTO sections (course_code, term, meeting_time, room, section_code) VALUES ('CSC101',201801,'2008-11-09','BA1100','LEC0100');
INSERT INTO sections (course_code, term, meeting_time, room, section_code) VALUES ('CSC101',201801,'2008-11-09','BA1102','LEC0101');
INSERT INTO sections (course_code, term, meeting_time, room, section_code) VALUES ('CSC101',201801,'2008-11-09','BA1104','LEC0102');
INSERT INTO sections (course_code, term, meeting_time, room, section_code) VALUES ('CSC101',201801,'2008-11-09','BA1100','LEC0103');
INSERT INTO sections (course_code, term, meeting_time, room, section_code) VALUES ('CSC101',201801,'2008-11-09','BA1100','LEC0104');
INSERT INTO user_associations(user_id, course_code, section_id) VALUES ('admin0','CSC101',11);
INSERT INTO user_associations(user_id, course_code, section_id) VALUES ('ta2','CSC101',11);
INSERT INTO user_associations(user_id, course_code, section_id) VALUES ('prof4','CSC101',11);
INSERT INTO user_associations(user_id, course_code, section_id) VALUES ('admin0','CSC101',12);
INSERT INTO user_associations(user_id, course_code, section_id) VALUES ('ta15','CSC101',12);
INSERT INTO user_associations(user_id, course_code, section_id) VALUES ('prof4','CSC101',12);
INSERT INTO user_associations(user_id, course_code, section_id) VALUES ('admin0','CSC101',13);
INSERT INTO user_associations(user_id, course_code, section_id) VALUES ('ta9','CSC101',13);
INSERT INTO user_associations(user_id, course_code, section_id) VALUES ('prof0','CSC101',13);
INSERT INTO user_associations(user_id, course_code, section_id) VALUES ('admin0','CSC101',14);
INSERT INTO user_associations(user_id, course_code, section_id) VALUES ('ta0','CSC101',14);
INSERT INTO user_associations(user_id, course_code, section_id) VALUES ('prof0','CSC101',14);
INSERT INTO user_associations(user_id, course_code, section_id) VALUES ('admin0','CSC101',15);
INSERT INTO user_associations(user_id, course_code, section_id) VALUES ('ta0','CSC101',15);
INSERT INTO user_associations(user_id, course_code, section_id) VALUES ('prof4','CSC101',15);
INSERT INTO user_associations(user_id, course_code, section_id) VALUES ('admin0','CSC101',16);
INSERT INTO user_associations(user_id, course_code, section_id) VALUES ('ta6','CSC101',16);
INSERT INTO user_associations(user_id, course_code, section_id) VALUES ('prof2','CSC101',16);
INSERT INTO user_associations(user_id, course_code, section_id) VALUES ('admin0','CSC101',17);
INSERT INTO user_associations(user_id, course_code, section_id) VALUES ('ta18','CSC101',17);
INSERT INTO user_associations(user_id, course_code, section_id) VALUES ('prof0','CSC101',17);
INSERT INTO user_associations(user_id, course_code, section_id) VALUES ('admin0','CSC101',18);
INSERT INTO user_associations(user_id, course_code, section_id) VALUES ('ta13','CSC101',18);
INSERT INTO user_associations(user_id, course_code, section_id) VALUES ('prof4','CSC101',18);
INSERT INTO user_associations(user_id, course_code, section_id) VALUES ('admin0','CSC101',19);
INSERT INTO user_associations(user_id, course_code, section_id) VALUES ('ta17','CSC101',19);
INSERT INTO user_associations(user_id, course_code, section_id) VALUES ('prof4','CSC101',19);
INSERT INTO user_associations(user_id, course_code, section_id) VALUES ('admin0','CSC101',20);
INSERT INTO user_associations(user_id, course_code, section_id) VALUES ('ta18','CSC101',20);
INSERT INTO user_associations(user_id, course_code, section_id) VALUES ('prof2','CSC101',20);
INSERT INTO courses VALUES ('CSC102','CSC102','CSC');
INSERT INTO sections (course_code, term, meeting_time, room, section_code) VALUES ('CSC102',201709,'2008-11-09','BA1102','LEC0100');
INSERT INTO sections (course_code, term, meeting_time, room, section_code) VALUES ('CSC102',201709,'2008-11-09','BA1102','LEC0101');
INSERT INTO sections (course_code, term, meeting_time, room, section_code) VALUES ('CSC102',201709,'2008-11-09','BA1102','LEC0102');
INSERT INTO sections (course_code, term, meeting_time, room, section_code) VALUES ('CSC102',201709,'2008-11-09','BA1102','LEC0103');
INSERT INTO sections (course_code, term, meeting_time, room, section_code) VALUES ('CSC102',201709,'2008-11-09','BA1101','LEC0104');
INSERT INTO sections (course_code, term, meeting_time, room, section_code) VALUES ('CSC102',201801,'2008-11-09','BA1101','LEC0100');
INSERT INTO sections (course_code, term, meeting_time, room, section_code) VALUES ('CSC102',201801,'2008-11-09','BA1101','LEC0101');
INSERT INTO sections (course_code, term, meeting_time, room, section_code) VALUES ('CSC102',201801,'2008-11-09','BA1102','LEC0102');
INSERT INTO sections (course_code, term, meeting_time, room, section_code) VALUES ('CSC102',201801,'2008-11-09','BA1101','LEC0103');
INSERT INTO sections (course_code, term, meeting_time, room, section_code) VALUES ('CSC102',201801,'2008-11-09','BA1102','LEC0104');
INSERT INTO user_associations(user_id, course_code, section_id) VALUES ('admin0','CSC102',21);
INSERT INTO user_associations(user_id, course_code, section_id) VALUES ('ta0','CSC102',21);
INSERT INTO user_associations(user_id, course_code, section_id) VALUES ('prof1','CSC102',21);
INSERT INTO user_associations(user_id, course_code, section_id) VALUES ('admin0','CSC102',22);
INSERT INTO user_associations(user_id, course_code, section_id) VALUES ('ta4','CSC102',22);
INSERT INTO user_associations(user_id, course_code, section_id) VALUES ('prof1','CSC102',22);
INSERT INTO user_associations(user_id, course_code, section_id) VALUES ('admin0','CSC102',23);
INSERT INTO user_associations(user_id, course_code, section_id) VALUES ('ta6','CSC102',23);
INSERT INTO user_associations(user_id, course_code, section_id) VALUES ('prof2','CSC102',23);
INSERT INTO user_associations(user_id, course_code, section_id) VALUES ('admin0','CSC102',24);
INSERT INTO user_associations(user_id, course_code, section_id) VALUES ('ta17','CSC102',24);
INSERT INTO user_associations(user_id, course_code, section_id) VALUES ('prof4','CSC102',24);
INSERT INTO user_associations(user_id, course_code, section_id) VALUES ('admin0','CSC102',25);
INSERT INTO user_associations(user_id, course_code, section_id) VALUES ('ta4','CSC102',25);
INSERT INTO user_associations(user_id, course_code, section_id) VALUES ('prof0','CSC102',25);
INSERT INTO user_associations(user_id, course_code, section_id) VALUES ('admin0','CSC102',26);
INSERT INTO user_associations(user_id, course_code, section_id) VALUES ('ta16','CSC102',26);
INSERT INTO user_associations(user_id, course_code, section_id) VALUES ('prof2','CSC102',26);
INSERT INTO user_associations(user_id, course_code, section_id) VALUES ('admin0','CSC102',27);
INSERT INTO user_associations(user_id, course_code, section_id) VALUES ('ta7','CSC102',27);
INSERT INTO user_associations(user_id, course_code, section_id) VALUES ('prof0','CSC102',27);
INSERT INTO user_associations(user_id, course_code, section_id) VALUES ('admin0','CSC102',28);
INSERT INTO user_associations(user_id, course_code, section_id) VALUES ('ta15','CSC102',28);
INSERT INTO user_associations(user_id, course_code, section_id) VALUES ('prof4','CSC102',28);
INSERT INTO user_associations(user_id, course_code, section_id) VALUES ('admin0','CSC102',29);
INSERT INTO user_associations(user_id, course_code, section_id) VALUES ('ta7','CSC102',29);
INSERT INTO user_associations(user_id, course_code, section_id) VALUES ('prof4','CSC102',29);
INSERT INTO user_associations(user_id, course_code, section_id) VALUES ('admin0','CSC102',30);
INSERT INTO user_associations(user_id, course_code, section_id) VALUES ('ta13','CSC102',30);
INSERT INTO user_associations(user_id, course_code, section_id) VALUES ('prof1','CSC102',30);
INSERT INTO courses VALUES ('CSC103','CSC103','CSC');
INSERT INTO sections (course_code, term, meeting_time, room, section_code) VALUES ('CSC103',201709,'2008-11-09','BA1103','LEC0100');
INSERT INTO sections (course_code, term, meeting_time, room, section_code) VALUES ('CSC103',201709,'2008-11-09','BA1104','LEC0101');
INSERT INTO sections (course_code, term, meeting_time, room, section_code) VALUES ('CSC103',201709,'2008-11-09','BA1102','LEC0102');
INSERT INTO sections (course_code, term, meeting_time, room, section_code) VALUES ('CSC103',201709,'2008-11-09','BA1103','LEC0103');
INSERT INTO sections (course_code, term, meeting_time, room, section_code) VALUES ('CSC103',201709,'2008-11-09','BA1103','LEC0104');
INSERT INTO sections (course_code, term, meeting_time, room, section_code) VALUES ('CSC103',201801,'2008-11-09','BA1103','LEC0100');
INSERT INTO sections (course_code, term, meeting_time, room, section_code) VALUES ('CSC103',201801,'2008-11-09','BA1101','LEC0101');
INSERT INTO sections (course_code, term, meeting_time, room, section_code) VALUES ('CSC103',201801,'2008-11-09','BA1103','LEC0102');
INSERT INTO sections (course_code, term, meeting_time, room, section_code) VALUES ('CSC103',201801,'2008-11-09','BA1100','LEC0103');
INSERT INTO sections (course_code, term, meeting_time, room, section_code) VALUES ('CSC103',201801,'2008-11-09','BA1100','LEC0104');
INSERT INTO user_associations(user_id, course_code, section_id) VALUES ('admin0','CSC103',31);
INSERT INTO user_associations(user_id, course_code, section_id) VALUES ('ta1','CSC103',31);
INSERT INTO user_associations(user_id, course_code, section_id) VALUES ('prof4','CSC103',31);
INSERT INTO user_associations(user_id, course_code, section_id) VALUES ('admin0','CSC103',32);
INSERT INTO user_associations(user_id, course_code, section_id) VALUES ('ta19','CSC103',32);
INSERT INTO user_associations(user_id, course_code, section_id) VALUES ('prof0','CSC103',32);
INSERT INTO user_associations(user_id, course_code, section_id) VALUES ('admin0','CSC103',33);
INSERT INTO user_associations(user_id, course_code, section_id) VALUES ('ta18','CSC103',33);
INSERT INTO user_associations(user_id, course_code, section_id) VALUES ('prof2','CSC103',33);
INSERT INTO user_associations(user_id, course_code, section_id) VALUES ('admin0','CSC103',34);
INSERT INTO user_associations(user_id, course_code, section_id) VALUES ('ta4','CSC103',34);
INSERT INTO user_associations(user_id, course_code, section_id) VALUES ('prof4','CSC103',34);
INSERT INTO user_associations(user_id, course_code, section_id) VALUES ('admin0','CSC103',35);
INSERT INTO user_associations(user_id, course_code, section_id) VALUES ('ta7','CSC103',35);
INSERT INTO user_associations(user_id, course_code, section_id) VALUES ('prof2','CSC103',35);
INSERT INTO user_associations(user_id, course_code, section_id) VALUES ('admin0','CSC103',36);
INSERT INTO user_associations(user_id, course_code, section_id) VALUES ('ta2','CSC103',36);
INSERT INTO user_associations(user_id, course_code, section_id) VALUES ('prof1','CSC103',36);
INSERT INTO user_associations(user_id, course_code, section_id) VALUES ('admin0','CSC103',37);
INSERT INTO user_associations(user_id, course_code, section_id) VALUES ('ta12','CSC103',37);
INSERT INTO user_associations(user_id, course_code, section_id) VALUES ('prof4','CSC103',37);
INSERT INTO user_associations(user_id, course_code, section_id) VALUES ('admin0','CSC103',38);
INSERT INTO user_associations(user_id, course_code, section_id) VALUES ('ta11','CSC103',38);
INSERT INTO user_associations(user_id, course_code, section_id) VALUES ('prof1','CSC103',38);
INSERT INTO user_associations(user_id, course_code, section_id) VALUES ('admin0','CSC103',39);
INSERT INTO user_associations(user_id, course_code, section_id) VALUES ('ta9','CSC103',39);
INSERT INTO user_associations(user_id, course_code, section_id) VALUES ('prof1','CSC103',39);
INSERT INTO user_associations(user_id, course_code, section_id) VALUES ('admin0','CSC103',40);
INSERT INTO user_associations(user_id, course_code, section_id) VALUES ('ta1','CSC103',40);
INSERT INTO user_associations(user_id, course_code, section_id) VALUES ('prof0','CSC103',40);
INSERT INTO courses VALUES ('CSC104','CSC104','CSC');
INSERT INTO sections (course_code, term, meeting_time, room, section_code) VALUES ('CSC104',201709,'2008-11-09','BA1103','LEC0100');
INSERT INTO sections (course_code, term, meeting_time, room, section_code) VALUES ('CSC104',201709,'2008-11-09','BA1104','LEC0101');
INSERT INTO sections (course_code, term, meeting_time, room, section_code) VALUES ('CSC104',201709,'2008-11-09','BA1103','LEC0102');
INSERT INTO sections (course_code, term, meeting_time, room, section_code) VALUES ('CSC104',201709,'2008-11-09','BA1103','LEC0103');
INSERT INTO sections (course_code, term, meeting_time, room, section_code) VALUES ('CSC104',201709,'2008-11-09','BA1103','LEC0104');
INSERT INTO sections (course_code, term, meeting_time, room, section_code) VALUES ('CSC104',201801,'2008-11-09','BA1103','LEC0100');
INSERT INTO sections (course_code, term, meeting_time, room, section_code) VALUES ('CSC104',201801,'2008-11-09','BA1104','LEC0101');
INSERT INTO sections (course_code, term, meeting_time, room, section_code) VALUES ('CSC104',201801,'2008-11-09','BA1104','LEC0102');
INSERT INTO sections (course_code, term, meeting_time, room, section_code) VALUES ('CSC104',201801,'2008-11-09','BA1100','LEC0103');
INSERT INTO sections (course_code, term, meeting_time, room, section_code) VALUES ('CSC104',201801,'2008-11-09','BA1102','LEC0104');
INSERT INTO user_associations(user_id, course_code, section_id) VALUES ('admin0','CSC104',41);
INSERT INTO user_associations(user_id, course_code, section_id) VALUES ('ta5','CSC104',41);
INSERT INTO user_associations(user_id, course_code, section_id) VALUES ('prof2','CSC104',41);
INSERT INTO user_associations(user_id, course_code, section_id) VALUES ('admin0','CSC104',42);
INSERT INTO user_associations(user_id, course_code, section_id) VALUES ('ta15','CSC104',42);
INSERT INTO user_associations(user_id, course_code, section_id) VALUES ('prof3','CSC104',42);
INSERT INTO user_associations(user_id, course_code, section_id) VALUES ('admin0','CSC104',43);
INSERT INTO user_associations(user_id, course_code, section_id) VALUES ('ta11','CSC104',43);
INSERT INTO user_associations(user_id, course_code, section_id) VALUES ('prof4','CSC104',43);
INSERT INTO user_associations(user_id, course_code, section_id) VALUES ('admin0','CSC104',44);
INSERT INTO user_associations(user_id, course_code, section_id) VALUES ('ta2','CSC104',44);
INSERT INTO user_associations(user_id, course_code, section_id) VALUES ('prof4','CSC104',44);
INSERT INTO user_associations(user_id, course_code, section_id) VALUES ('admin0','CSC104',45);
INSERT INTO user_associations(user_id, course_code, section_id) VALUES ('ta1','CSC104',45);
INSERT INTO user_associations(user_id, course_code, section_id) VALUES ('prof3','CSC104',45);
INSERT INTO user_associations(user_id, course_code, section_id) VALUES ('admin0','CSC104',46);
INSERT INTO user_associations(user_id, course_code, section_id) VALUES ('ta8','CSC104',46);
INSERT INTO user_associations(user_id, course_code, section_id) VALUES ('prof3','CSC104',46);
INSERT INTO user_associations(user_id, course_code, section_id) VALUES ('admin0','CSC104',47);
INSERT INTO user_associations(user_id, course_code, section_id) VALUES ('ta9','CSC104',47);
INSERT INTO user_associations(user_id, course_code, section_id) VALUES ('prof3','CSC104',47);
INSERT INTO user_associations(user_id, course_code, section_id) VALUES ('admin0','CSC104',48);
INSERT INTO user_associations(user_id, course_code, section_id) VALUES ('ta9','CSC104',48);
INSERT INTO user_associations(user_id, course_code, section_id) VALUES ('prof3','CSC104',48);
INSERT INTO user_associations(user_id, course_code, section_id) VALUES ('admin0','CSC104',49);
INSERT INTO user_associations(user_id, course_code, section_id) VALUES ('ta12','CSC104',49);
INSERT INTO user_associations(user_id, course_code, section_id) VALUES ('prof1','CSC104',49);
INSERT INTO user_associations(user_id, course_code, section_id) VALUES ('admin0','CSC104',50);
INSERT INTO user_associations(user_id, course_code, section_id) VALUES ('ta14','CSC104',50);
INSERT INTO user_associations(user_id, course_code, section_id) VALUES ('prof4','CSC104',50);
INSERT INTO courses VALUES ('MAT100','MAT100','MAT');
INSERT INTO sections (course_code, term, meeting_time, room, section_code) VALUES ('MAT100',201709,'2008-11-09','MP1104','LEC0100');
INSERT INTO sections (course_code, term, meeting_time, room, section_code) VALUES ('MAT100',201709,'2008-11-09','MP1101','LEC0101');
INSERT INTO sections (course_code, term, meeting_time, room, section_code) VALUES ('MAT100',201709,'2008-11-09','MP1100','LEC0102');
INSERT INTO sections (course_code, term, meeting_time, room, section_code) VALUES ('MAT100',201709,'2008-11-09','MP1100','LEC0103');
INSERT INTO sections (course_code, term, meeting_time, room, section_code) VALUES ('MAT100',201709,'2008-11-09','MP1100','LEC0104');
INSERT INTO sections (course_code, term, meeting_time, room, section_code) VALUES ('MAT100',201801,'2008-11-09','MP1100','LEC0100');
INSERT INTO sections (course_code, term, meeting_time, room, section_code) VALUES ('MAT100',201801,'2008-11-09','MP1103','LEC0101');
INSERT INTO sections (course_code, term, meeting_time, room, section_code) VALUES ('MAT100',201801,'2008-11-09','MP1101','LEC0102');
INSERT INTO sections (course_code, term, meeting_time, room, section_code) VALUES ('MAT100',201801,'2008-11-09','MP1102','LEC0103');
INSERT INTO sections (course_code, term, meeting_time, room, section_code) VALUES ('MAT100',201801,'2008-11-09','MP1100','LEC0104');
INSERT INTO user_associations(user_id, course_code, section_id) VALUES ('admin1','MAT100',51);
INSERT INTO user_associations(user_id, course_code, section_id) VALUES ('ta15','MAT100',51);
INSERT INTO user_associations(user_id, course_code, section_id) VALUES ('prof2','MAT100',51);
INSERT INTO user_associations(user_id, course_code, section_id) VALUES ('admin1','MAT100',52);
INSERT INTO user_associations(user_id, course_code, section_id) VALUES ('ta7','MAT100',52);
INSERT INTO user_associations(user_id, course_code, section_id) VALUES ('prof3','MAT100',52);
INSERT INTO user_associations(user_id, course_code, section_id) VALUES ('admin1','MAT100',53);
INSERT INTO user_associations(user_id, course_code, section_id) VALUES ('ta1','MAT100',53);
INSERT INTO user_associations(user_id, course_code, section_id) VALUES ('prof3','MAT100',53);
INSERT INTO user_associations(user_id, course_code, section_id) VALUES ('admin1','MAT100',54);
INSERT INTO user_associations(user_id, course_code, section_id) VALUES ('ta3','MAT100',54);
INSERT INTO user_associations(user_id, course_code, section_id) VALUES ('prof3','MAT100',54);
INSERT INTO user_associations(user_id, course_code, section_id) VALUES ('admin1','MAT100',55);
INSERT INTO user_associations(user_id, course_code, section_id) VALUES ('ta19','MAT100',55);
INSERT INTO user_associations(user_id, course_code, section_id) VALUES ('prof3','MAT100',55);
INSERT INTO user_associations(user_id, course_code, section_id) VALUES ('admin1','MAT100',56);
INSERT INTO user_associations(user_id, course_code, section_id) VALUES ('ta13','MAT100',56);
INSERT INTO user_associations(user_id, course_code, section_id) VALUES ('prof1','MAT100',56);
INSERT INTO user_associations(user_id, course_code, section_id) VALUES ('admin1','MAT100',57);
INSERT INTO user_associations(user_id, course_code, section_id) VALUES ('ta10','MAT100',57);
INSERT INTO user_associations(user_id, course_code, section_id) VALUES ('prof0','MAT100',57);
INSERT INTO user_associations(user_id, course_code, section_id) VALUES ('admin1','MAT100',58);
INSERT INTO user_associations(user_id, course_code, section_id) VALUES ('ta7','MAT100',58);
INSERT INTO user_associations(user_id, course_code, section_id) VALUES ('prof3','MAT100',58);
INSERT INTO user_associations(user_id, course_code, section_id) VALUES ('admin1','MAT100',59);
INSERT INTO user_associations(user_id, course_code, section_id) VALUES ('ta18','MAT100',59);
INSERT INTO user_associations(user_id, course_code, section_id) VALUES ('prof4','MAT100',59);
INSERT INTO user_associations(user_id, course_code, section_id) VALUES ('admin1','MAT100',60);
INSERT INTO user_associations(user_id, course_code, section_id) VALUES ('ta12','MAT100',60);
INSERT INTO user_associations(user_id, course_code, section_id) VALUES ('prof4','MAT100',60);
INSERT INTO courses VALUES ('MAT101','MAT101','MAT');
INSERT INTO sections (course_code, term, meeting_time, room, section_code) VALUES ('MAT101',201709,'2008-11-09','MP1103','LEC0100');
INSERT INTO sections (course_code, term, meeting_time, room, section_code) VALUES ('MAT101',201709,'2008-11-09','MP1102','LEC0101');
INSERT INTO sections (course_code, term, meeting_time, room, section_code) VALUES ('MAT101',201709,'2008-11-09','MP1102','LEC0102');
INSERT INTO sections (course_code, term, meeting_time, room, section_code) VALUES ('MAT101',201709,'2008-11-09','MP1104','LEC0103');
INSERT INTO sections (course_code, term, meeting_time, room, section_code) VALUES ('MAT101',201709,'2008-11-09','MP1103','LEC0104');
INSERT INTO sections (course_code, term, meeting_time, room, section_code) VALUES ('MAT101',201801,'2008-11-09','MP1100','LEC0100');
INSERT INTO sections (course_code, term, meeting_time, room, section_code) VALUES ('MAT101',201801,'2008-11-09','MP1102','LEC0101');
INSERT INTO sections (course_code, term, meeting_time, room, section_code) VALUES ('MAT101',201801,'2008-11-09','MP1103','LEC0102');
INSERT INTO sections (course_code, term, meeting_time, room, section_code) VALUES ('MAT101',201801,'2008-11-09','MP1103','LEC0103');
INSERT INTO sections (course_code, term, meeting_time, room, section_code) VALUES ('MAT101',201801,'2008-11-09','MP1101','LEC0104');
INSERT INTO user_associations(user_id, course_code, section_id) VALUES ('admin1','MAT101',61);
INSERT INTO user_associations(user_id, course_code, section_id) VALUES ('ta6','MAT101',61);
INSERT INTO user_associations(user_id, course_code, section_id) VALUES ('prof3','MAT101',61);
INSERT INTO user_associations(user_id, course_code, section_id) VALUES ('admin1','MAT101',62);
INSERT INTO user_associations(user_id, course_code, section_id) VALUES ('ta11','MAT101',62);
INSERT INTO user_associations(user_id, course_code, section_id) VALUES ('prof1','MAT101',62);
INSERT INTO user_associations(user_id, course_code, section_id) VALUES ('admin1','MAT101',63);
INSERT INTO user_associations(user_id, course_code, section_id) VALUES ('ta9','MAT101',63);
INSERT INTO user_associations(user_id, course_code, section_id) VALUES ('prof0','MAT101',63);
INSERT INTO user_associations(user_id, course_code, section_id) VALUES ('admin1','MAT101',64);
INSERT INTO user_associations(user_id, course_code, section_id) VALUES ('ta4','MAT101',64);
INSERT INTO user_associations(user_id, course_code, section_id) VALUES ('prof4','MAT101',64);
INSERT INTO user_associations(user_id, course_code, section_id) VALUES ('admin1','MAT101',65);
INSERT INTO user_associations(user_id, course_code, section_id) VALUES ('ta11','MAT101',65);
INSERT INTO user_associations(user_id, course_code, section_id) VALUES ('prof2','MAT101',65);
INSERT INTO user_associations(user_id, course_code, section_id) VALUES ('admin1','MAT101',66);
INSERT INTO user_associations(user_id, course_code, section_id) VALUES ('ta9','MAT101',66);
INSERT INTO user_associations(user_id, course_code, section_id) VALUES ('prof0','MAT101',66);
INSERT INTO user_associations(user_id, course_code, section_id) VALUES ('admin1','MAT101',67);
INSERT INTO user_associations(user_id, course_code, section_id) VALUES ('ta16','MAT101',67);
INSERT INTO user_associations(user_id, course_code, section_id) VALUES ('prof0','MAT101',67);
INSERT INTO user_associations(user_id, course_code, section_id) VALUES ('admin1','MAT101',68);
INSERT INTO user_associations(user_id, course_code, section_id) VALUES ('ta5','MAT101',68);
INSERT INTO user_associations(user_id, course_code, section_id) VALUES ('prof2','MAT101',68);
INSERT INTO user_associations(user_id, course_code, section_id) VALUES ('admin1','MAT101',69);
INSERT INTO user_associations(user_id, course_code, section_id) VALUES ('ta2','MAT101',69);
INSERT INTO user_associations(user_id, course_code, section_id) VALUES ('prof3','MAT101',69);
INSERT INTO user_associations(user_id, course_code, section_id) VALUES ('admin1','MAT101',70);
INSERT INTO user_associations(user_id, course_code, section_id) VALUES ('ta17','MAT101',70);
INSERT INTO user_associations(user_id, course_code, section_id) VALUES ('prof2','MAT101',70);
INSERT INTO courses VALUES ('MAT102','MAT102','MAT');
INSERT INTO sections (course_code, term, meeting_time, room, section_code) VALUES ('MAT102',201709,'2008-11-09','MP1104','LEC0100');
INSERT INTO sections (course_code, term, meeting_time, room, section_code) VALUES ('MAT102',201709,'2008-11-09','MP1101','LEC0101');
INSERT INTO sections (course_code, term, meeting_time, room, section_code) VALUES ('MAT102',201709,'2008-11-09','MP1103','LEC0102');
INSERT INTO sections (course_code, term, meeting_time, room, section_code) VALUES ('MAT102',201709,'2008-11-09','MP1100','LEC0103');
INSERT INTO sections (course_code, term, meeting_time, room, section_code) VALUES ('MAT102',201709,'2008-11-09','MP1104','LEC0104');
INSERT INTO sections (course_code, term, meeting_time, room, section_code) VALUES ('MAT102',201801,'2008-11-09','MP1102','LEC0100');
INSERT INTO sections (course_code, term, meeting_time, room, section_code) VALUES ('MAT102',201801,'2008-11-09','MP1100','LEC0101');
INSERT INTO sections (course_code, term, meeting_time, room, section_code) VALUES ('MAT102',201801,'2008-11-09','MP1103','LEC0102');
INSERT INTO sections (course_code, term, meeting_time, room, section_code) VALUES ('MAT102',201801,'2008-11-09','MP1103','LEC0103');
INSERT INTO sections (course_code, term, meeting_time, room, section_code) VALUES ('MAT102',201801,'2008-11-09','MP1102','LEC0104');
INSERT INTO user_associations(user_id, course_code, section_id) VALUES ('admin1','MAT102',71);
INSERT INTO user_associations(user_id, course_code, section_id) VALUES ('ta8','MAT102',71);
INSERT INTO user_associations(user_id, course_code, section_id) VALUES ('prof0','MAT102',71);
INSERT INTO user_associations(user_id, course_code, section_id) VALUES ('admin1','MAT102',72);
INSERT INTO user_associations(user_id, course_code, section_id) VALUES ('ta19','MAT102',72);
INSERT INTO user_associations(user_id, course_code, section_id) VALUES ('prof3','MAT102',72);
INSERT INTO user_associations(user_id, course_code, section_id) VALUES ('admin1','MAT102',73);
INSERT INTO user_associations(user_id, course_code, section_id) VALUES ('ta12','MAT102',73);
INSERT INTO user_associations(user_id, course_code, section_id) VALUES ('prof3','MAT102',73);
INSERT INTO user_associations(user_id, course_code, section_id) VALUES ('admin1','MAT102',74);
INSERT INTO user_associations(user_id, course_code, section_id) VALUES ('ta4','MAT102',74);
INSERT INTO user_associations(user_id, course_code, section_id) VALUES ('prof0','MAT102',74);
INSERT INTO user_associations(user_id, course_code, section_id) VALUES ('admin1','MAT102',75);
INSERT INTO user_associations(user_id, course_code, section_id) VALUES ('ta7','MAT102',75);
INSERT INTO user_associations(user_id, course_code, section_id) VALUES ('prof0','MAT102',75);
INSERT INTO user_associations(user_id, course_code, section_id) VALUES ('admin1','MAT102',76);
INSERT INTO user_associations(user_id, course_code, section_id) VALUES ('ta2','MAT102',76);
INSERT INTO user_associations(user_id, course_code, section_id) VALUES ('prof0','MAT102',76);
INSERT INTO user_associations(user_id, course_code, section_id) VALUES ('admin1','MAT102',77);
INSERT INTO user_associations(user_id, course_code, section_id) VALUES ('ta19','MAT102',77);
INSERT INTO user_associations(user_id, course_code, section_id) VALUES ('prof1','MAT102',77);
INSERT INTO user_associations(user_id, course_code, section_id) VALUES ('admin1','MAT102',78);
INSERT INTO user_associations(user_id, course_code, section_id) VALUES ('ta5','MAT102',78);
INSERT INTO user_associations(user_id, course_code, section_id) VALUES ('prof3','MAT102',78);
INSERT INTO user_associations(user_id, course_code, section_id) VALUES ('admin1','MAT102',79);
INSERT INTO user_associations(user_id, course_code, section_id) VALUES ('ta9','MAT102',79);
INSERT INTO user_associations(user_id, course_code, section_id) VALUES ('prof0','MAT102',79);
INSERT INTO user_associations(user_id, course_code, section_id) VALUES ('admin1','MAT102',80);
INSERT INTO user_associations(user_id, course_code, section_id) VALUES ('ta14','MAT102',80);
INSERT INTO user_associations(user_id, course_code, section_id) VALUES ('prof3','MAT102',80);
INSERT INTO courses VALUES ('MAT103','MAT103','MAT');
INSERT INTO sections (course_code, term, meeting_time, room, section_code) VALUES ('MAT103',201709,'2008-11-09','MP1102','LEC0100');
INSERT INTO sections (course_code, term, meeting_time, room, section_code) VALUES ('MAT103',201709,'2008-11-09','MP1100','LEC0101');
INSERT INTO sections (course_code, term, meeting_time, room, section_code) VALUES ('MAT103',201709,'2008-11-09','MP1103','LEC0102');
INSERT INTO sections (course_code, term, meeting_time, room, section_code) VALUES ('MAT103',201709,'2008-11-09','MP1103','LEC0103');
INSERT INTO sections (course_code, term, meeting_time, room, section_code) VALUES ('MAT103',201709,'2008-11-09','MP1102','LEC0104');
INSERT INTO sections (course_code, term, meeting_time, room, section_code) VALUES ('MAT103',201801,'2008-11-09','MP1102','LEC0100');
INSERT INTO sections (course_code, term, meeting_time, room, section_code) VALUES ('MAT103',201801,'2008-11-09','MP1104','LEC0101');
INSERT INTO sections (course_code, term, meeting_time, room, section_code) VALUES ('MAT103',201801,'2008-11-09','MP1103','LEC0102');
INSERT INTO sections (course_code, term, meeting_time, room, section_code) VALUES ('MAT103',201801,'2008-11-09','MP1102','LEC0103');
INSERT INTO sections (course_code, term, meeting_time, room, section_code) VALUES ('MAT103',201801,'2008-11-09','MP1100','LEC0104');
INSERT INTO user_associations(user_id, course_code, section_id) VALUES ('admin1','MAT103',81);
INSERT INTO user_associations(user_id, course_code, section_id) VALUES ('ta9','MAT103',81);
INSERT INTO user_associations(user_id, course_code, section_id) VALUES ('prof2','MAT103',81);
INSERT INTO user_associations(user_id, course_code, section_id) VALUES ('admin1','MAT103',82);
INSERT INTO user_associations(user_id, course_code, section_id) VALUES ('ta7','MAT103',82);
INSERT INTO user_associations(user_id, course_code, section_id) VALUES ('prof0','MAT103',82);
INSERT INTO user_associations(user_id, course_code, section_id) VALUES ('admin1','MAT103',83);
INSERT INTO user_associations(user_id, course_code, section_id) VALUES ('ta12','MAT103',83);
INSERT INTO user_associations(user_id, course_code, section_id) VALUES ('prof1','MAT103',83);
INSERT INTO user_associations(user_id, course_code, section_id) VALUES ('admin1','MAT103',84);
INSERT INTO user_associations(user_id, course_code, section_id) VALUES ('ta11','MAT103',84);
INSERT INTO user_associations(user_id, course_code, section_id) VALUES ('prof4','MAT103',84);
INSERT INTO user_associations(user_id, course_code, section_id) VALUES ('admin1','MAT103',85);
INSERT INTO user_associations(user_id, course_code, section_id) VALUES ('ta15','MAT103',85);
INSERT INTO user_associations(user_id, course_code, section_id) VALUES ('prof0','MAT103',85);
INSERT INTO user_associations(user_id, course_code, section_id) VALUES ('admin1','MAT103',86);
INSERT INTO user_associations(user_id, course_code, section_id) VALUES ('ta15','MAT103',86);
INSERT INTO user_associations(user_id, course_code, section_id) VALUES ('prof4','MAT103',86);
INSERT INTO user_associations(user_id, course_code, section_id) VALUES ('admin1','MAT103',87);
INSERT INTO user_associations(user_id, course_code, section_id) VALUES ('ta11','MAT103',87);
INSERT INTO user_associations(user_id, course_code, section_id) VALUES ('prof4','MAT103',87);
INSERT INTO user_associations(user_id, course_code, section_id) VALUES ('admin1','MAT103',88);
INSERT INTO user_associations(user_id, course_code, section_id) VALUES ('ta10','MAT103',88);
INSERT INTO user_associations(user_id, course_code, section_id) VALUES ('prof2','MAT103',88);
INSERT INTO user_associations(user_id, course_code, section_id) VALUES ('admin1','MAT103',89);
INSERT INTO user_associations(user_id, course_code, section_id) VALUES ('ta4','MAT103',89);
INSERT INTO user_associations(user_id, course_code, section_id) VALUES ('prof1','MAT103',89);
INSERT INTO user_associations(user_id, course_code, section_id) VALUES ('admin1','MAT103',90);
INSERT INTO user_associations(user_id, course_code, section_id) VALUES ('ta6','MAT103',90);
INSERT INTO user_associations(user_id, course_code, section_id) VALUES ('prof0','MAT103',90);
INSERT INTO courses VALUES ('MAT104','MAT104','MAT');
INSERT INTO sections (course_code, term, meeting_time, room, section_code) VALUES ('MAT104',201709,'2008-11-09','MP1103','LEC0100');
INSERT INTO sections (course_code, term, meeting_time, room, section_code) VALUES ('MAT104',201709,'2008-11-09','MP1100','LEC0101');
INSERT INTO sections (course_code, term, meeting_time, room, section_code) VALUES ('MAT104',201709,'2008-11-09','MP1102','LEC0102');
INSERT INTO sections (course_code, term, meeting_time, room, section_code) VALUES ('MAT104',201709,'2008-11-09','MP1102','LEC0103');
INSERT INTO sections (course_code, term, meeting_time, room, section_code) VALUES ('MAT104',201709,'2008-11-09','MP1101','LEC0104');
INSERT INTO sections (course_code, term, meeting_time, room, section_code) VALUES ('MAT104',201801,'2008-11-09','MP1104','LEC0100');
INSERT INTO sections (course_code, term, meeting_time, room, section_code) VALUES ('MAT104',201801,'2008-11-09','MP1102','LEC0101');
INSERT INTO sections (course_code, term, meeting_time, room, section_code) VALUES ('MAT104',201801,'2008-11-09','MP1102','LEC0102');
INSERT INTO sections (course_code, term, meeting_time, room, section_code) VALUES ('MAT104',201801,'2008-11-09','MP1103','LEC0103');
INSERT INTO sections (course_code, term, meeting_time, room, section_code) VALUES ('MAT104',201801,'2008-11-09','MP1100','LEC0104');
INSERT INTO user_associations(user_id, course_code, section_id) VALUES ('admin1','MAT104',91);
INSERT INTO user_associations(user_id, course_code, section_id) VALUES ('ta1','MAT104',91);
INSERT INTO user_associations(user_id, course_code, section_id) VALUES ('prof4','MAT104',91);
INSERT INTO user_associations(user_id, course_code, section_id) VALUES ('admin1','MAT104',92);
INSERT INTO user_associations(user_id, course_code, section_id) VALUES ('ta0','MAT104',92);
INSERT INTO user_associations(user_id, course_code, section_id) VALUES ('prof0','MAT104',92);
INSERT INTO user_associations(user_id, course_code, section_id) VALUES ('admin1','MAT104',93);
INSERT INTO user_associations(user_id, course_code, section_id) VALUES ('ta17','MAT104',93);
INSERT INTO user_associations(user_id, course_code, section_id) VALUES ('prof2','MAT104',93);
INSERT INTO user_associations(user_id, course_code, section_id) VALUES ('admin1','MAT104',94);
INSERT INTO user_associations(user_id, course_code, section_id) VALUES ('ta2','MAT104',94);
INSERT INTO user_associations(user_id, course_code, section_id) VALUES ('prof4','MAT104',94);
INSERT INTO user_associations(user_id, course_code, section_id) VALUES ('admin1','MAT104',95);
INSERT INTO user_associations(user_id, course_code, section_id) VALUES ('ta2','MAT104',95);
INSERT INTO user_associations(user_id, course_code, section_id) VALUES ('prof0','MAT104',95);
INSERT INTO user_associations(user_id, course_code, section_id) VALUES ('admin1','MAT104',96);
INSERT INTO user_associations(user_id, course_code, section_id) VALUES ('ta6','MAT104',96);
INSERT INTO user_associations(user_id, course_code, section_id) VALUES ('prof0','MAT104',96);
INSERT INTO user_associations(user_id, course_code, section_id) VALUES ('admin1','MAT104',97);
INSERT INTO user_associations(user_id, course_code, section_id) VALUES ('ta15','MAT104',97);
INSERT INTO user_associations(user_id, course_code, section_id) VALUES ('prof3','MAT104',97);
INSERT INTO user_associations(user_id, course_code, section_id) VALUES ('admin1','MAT104',98);
INSERT INTO user_associations(user_id, course_code, section_id) VALUES ('ta6','MAT104',98);
INSERT INTO user_associations(user_id, course_code, section_id) VALUES ('prof0','MAT104',98);
INSERT INTO user_associations(user_id, course_code, section_id) VALUES ('admin1','MAT104',99);
INSERT INTO user_associations(user_id, course_code, section_id) VALUES ('ta18','MAT104',99);
INSERT INTO user_associations(user_id, course_code, section_id) VALUES ('prof3','MAT104',99);
INSERT INTO user_associations(user_id, course_code, section_id) VALUES ('admin1','MAT104',100);
INSERT INTO user_associations(user_id, course_code, section_id) VALUES ('ta4','MAT104',100);
INSERT INTO user_associations(user_id, course_code, section_id) VALUES ('prof4','MAT104',100);
INSERT INTO questions(answer_type,content) VALUES ('radiogroup', '{"choices": ["1", "2", "3", "4", "5"], "type": "radiogroup", "name": "effectiveness1", "title": "Do I create a good learning environment?"}');
INSERT INTO questions(answer_type,content) VALUES ('radiogroup', '{"choices": ["1", "2", "3", "4", "5"], "type": "radiogroup", "name": "effectiveness2", "title": "Overall, how would you rate my effectiveness as a TA?"}');
INSERT INTO questions(answer_type,content) VALUES ('radiogroup', '{"choices": ["1", "2", "3", "4", "5"], "type": "radiogroup", "name": "effectiveness3", "title": "What am I doing well?"}');
INSERT INTO questions(answer_type,content) VALUES ('radiogroup', '{"choices": ["1", "2", "3", "4", "5"], "type": "radiogroup", "name": "effectiveness4", "title": "What am I doing well?"}');
INSERT INTO questions(answer_type,content) VALUES ('radiogroup', '{"choices": ["1", "2", "3", "4", "5"], "type": "radiogroup", "name": "effectiveness5", "title": "What am I doing well?"}');
INSERT INTO questions(answer_type,content) VALUES ('radiogroup', '{"choices": ["1", "2", "3", "4", "5"], "type": "radiogroup", "name": "effectiveness6", "title": "Do I appear prepared for tutorial?"}');
INSERT INTO questions(answer_type,content) VALUES ('radiogroup', '{"choices": ["1", "2", "3", "4", "5"], "type": "radiogroup", "name": "effectiveness7", "title": "What am I doing well?"}');
INSERT INTO questions(answer_type,content) VALUES ('radiogroup', '{"choices": ["1", "2", "3", "4", "5"], "type": "radiogroup", "name": "effectiveness8", "title": "What am I doing well?"}');
INSERT INTO questions(answer_type,content) VALUES ('radiogroup', '{"choices": ["1", "2", "3", "4", "5"], "type": "radiogroup", "name": "effectiveness9", "title": "Do I create a good learning environment?"}');
INSERT INTO questions(answer_type,content) VALUES ('radiogroup', '{"choices": ["1", "2", "3", "4", "5"], "type": "radiogroup", "name": "effectiveness10", "title": "Overall, how would you rate my effectiveness as a TA?"}');
INSERT INTO questions(answer_type,content) VALUES ('text','{"type": "text", "name": "feedback1", "title": "How is my pacing when I explain material?"}');
INSERT INTO questions(answer_type,content) VALUES ('text','{"type": "text", "name": "feedback2", "title": "Do I appear prepared for tutorial?"}');
INSERT INTO questions(answer_type,content) VALUES ('text','{"type": "text", "name": "feedback3", "title": "What am I doing well?"}');
INSERT INTO questions(answer_type,content) VALUES ('text','{"type": "text", "name": "feedback4", "title": "Do I appear prepared for tutorial?"}');
INSERT INTO questions(answer_type,content) VALUES ('text','{"type": "text", "name": "feedback5", "title": "Do I create a good learning environment?"}');
INSERT INTO questions(answer_type,content) VALUES ('text','{"type": "text", "name": "feedback6", "title": "How is my pacing when I explain material?"}');
INSERT INTO questions(answer_type,content) VALUES ('text','{"type": "text", "name": "feedback7", "title": "Do I create a good learning environment?"}');
INSERT INTO questions(answer_type,content) VALUES ('text','{"type": "text", "name": "feedback8", "title": "Do I create a good learning environment?"}');
INSERT INTO questions(answer_type,content) VALUES ('text','{"type": "text", "name": "feedback9", "title": "How is my pacing when I explain material?"}');
INSERT INTO questions(answer_type,content) VALUES ('text','{"type": "text", "name": "feedback10", "title": "Do I create a good learning environment?"}');
INSERT INTO choices(choice1,choice2,choice3,choice4,choice5,choice6) VALUES (2,18,16,11,8,4);
INSERT INTO choices(choice1,choice2,choice3,choice4,choice5,choice6) VALUES (18,20,1,19,14,17);
INSERT INTO choices(choice1,choice2,choice3,choice4,choice5,choice6) VALUES (10,14,13,7,16,3);
INSERT INTO choices(choice1,choice2,choice3,choice4,choice5,choice6) VALUES (1,20,7,1,15,13);
INSERT INTO choices(choice1,choice2,choice3,choice4,choice5,choice6) VALUES (7,18,8,7,8,20);
INSERT INTO choices(choice1,choice2,choice3,choice4,choice5,choice6) VALUES (1,15,3,4,10,5);
INSERT INTO choices(choice1,choice2,choice3,choice4,choice5,choice6) VALUES (7,3,8,7,12,12);
INSERT INTO choices(choice1,choice2,choice3,choice4,choice5,choice6) VALUES (20,15,10,9,17,9);
INSERT INTO choices(choice1,choice2,choice3,choice4,choice5,choice6) VALUES (6,15,4,2,4,1);
INSERT INTO choices(choice1,choice2,choice3,choice4,choice5,choice6) VALUES (17,11,12,19,15,15);
INSERT INTO choices(choice1,choice2,choice3,choice4,choice5,choice6) VALUES (11,18,16,5,19,10);
INSERT INTO choices(choice1,choice2,choice3,choice4,choice5,choice6) VALUES (1,18,14,13,17,3);
INSERT INTO choices(choice1,choice2,choice3,choice4,choice5,choice6) VALUES (9,17,12,19,10,18);
INSERT INTO choices(choice1,choice2,choice3,choice4,choice5,choice6) VALUES (17,12,8,17,5,9);
INSERT INTO choices(choice1,choice2,choice3,choice4,choice5,choice6) VALUES (14,2,1,13,6,5);
INSERT INTO choices(choice1,choice2,choice3,choice4,choice5,choice6) VALUES (3,15,3,16,10,7);
INSERT INTO choices(choice1,choice2,choice3,choice4,choice5,choice6) VALUES (4,13,17,6,7,14);
INSERT INTO choices(choice1,choice2,choice3,choice4,choice5,choice6) VALUES (17,18,13,4,13,15);
INSERT INTO choices(choice1,choice2,choice3,choice4,choice5,choice6) VALUES (19,10,4,19,8,9);
INSERT INTO choices(choice1,choice2,choice3,choice4,choice5,choice6) VALUES (9,3,6,9,17,9);
INSERT INTO choices(choice1,choice2,choice3,choice4,choice5,choice6) VALUES (15,15,2,13,17,11);
INSERT INTO choices(choice1,choice2,choice3,choice4,choice5,choice6) VALUES (13,17,2,13,18,16);
INSERT INTO choices(choice1,choice2,choice3,choice4,choice5,choice6) VALUES (8,3,6,8,6,3);
INSERT INTO choices(choice1,choice2,choice3,choice4,choice5,choice6) VALUES (14,13,10,9,12,14);
INSERT INTO choices(choice1,choice2,choice3,choice4,choice5,choice6) VALUES (3,18,10,20,19,6);
INSERT INTO choices(choice1,choice2,choice3,choice4,choice5,choice6) VALUES (8,20,1,19,13,15);
INSERT INTO choices(choice1,choice2,choice3,choice4,choice5,choice6) VALUES (2,14,19,12,1,11);
INSERT INTO choices(choice1,choice2,choice3,choice4,choice5,choice6) VALUES (13,3,10,18,7,12);
INSERT INTO choices(choice1,choice2,choice3,choice4,choice5,choice6) VALUES (11,1,10,7,8,1);
INSERT INTO choices(choice1,choice2,choice3,choice4,choice5,choice6) VALUES (12,20,1,7,5,19);
INSERT INTO choices(choice1,choice2,choice3,choice4,choice5,choice6) VALUES (7,20,6,12,3,11);
INSERT INTO choices(choice1,choice2,choice3,choice4,choice5,choice6) VALUES (6,4,12,3,10,7);
INSERT INTO choices(choice1,choice2,choice3,choice4,choice5,choice6) VALUES (1,9,16,13,19,19);
INSERT INTO choices(choice1,choice2,choice3,choice4,choice5,choice6) VALUES (5,15,7,13,18,1);
INSERT INTO choices(choice1,choice2,choice3,choice4,choice5,choice6) VALUES (12,6,16,3,14,3);
INSERT INTO choices(choice1,choice2,choice3,choice4,choice5,choice6) VALUES (12,6,3,19,6,14);
INSERT INTO choices(choice1,choice2,choice3,choice4,choice5,choice6) VALUES (15,2,20,7,3,1);
INSERT INTO choices(choice1,choice2,choice3,choice4,choice5,choice6) VALUES (19,17,18,11,8,6);
INSERT INTO choices(choice1,choice2,choice3,choice4,choice5,choice6) VALUES (8,7,6,16,5,15);
INSERT INTO choices(choice1,choice2,choice3,choice4,choice5,choice6) VALUES (10,3,14,9,19,5);
INSERT INTO choices(choice1,choice2,choice3,choice4,choice5,choice6) VALUES (11,15,20,14,19,10);
INSERT INTO choices(choice1,choice2,choice3,choice4,choice5,choice6) VALUES (19,9,6,5,2,10);
INSERT INTO dept_survey_choices (choices_id, department_name, user_id) VALUES (1,'CSC','admin0');
INSERT INTO dept_survey_choices (choices_id, department_name, user_id) VALUES (2,'CSC','admin0');
INSERT INTO course_survey_choices (choices_id, course_code, user_id) VALUES (12,'CSC100','prof1');
INSERT INTO course_survey_choices (choices_id, course_code, user_id) VALUES (12,'CSC102','prof2');
INSERT INTO course_survey_choices (choices_id, course_code, user_id) VALUES (8,'CSC100','prof0');
INSERT INTO course_survey_choices (choices_id, course_code, user_id) VALUES (3,'CSC103','prof4');
INSERT INTO course_survey_choices (choices_id, course_code, user_id) VALUES (8,'CSC104','prof1');
INSERT INTO course_survey_choices (choices_id, course_code, user_id) VALUES (9,'CSC104','prof3');
INSERT INTO course_survey_choices (choices_id, course_code, user_id) VALUES (3,'CSC100','prof4');
INSERT INTO course_survey_choices (choices_id, course_code, user_id) VALUES (9,'CSC102','prof2');
INSERT INTO course_survey_choices (choices_id, course_code, user_id) VALUES (12,'CSC103','prof2');
INSERT INTO course_survey_choices (choices_id, course_code, user_id) VALUES (10,'CSC100','prof4');
INSERT INTO ta_survey_choices (choices_id, section_id, user_id) VALUES (36,30,'ta13');
INSERT INTO ta_survey_choices (choices_id, section_id, user_id) VALUES (21,38,'ta11');
INSERT INTO ta_survey_choices (choices_id, section_id, user_id) VALUES (19,15,'ta0');
INSERT INTO ta_survey_choices (choices_id, section_id, user_id) VALUES (32,46,'ta8');
INSERT INTO ta_survey_choices (choices_id, section_id, user_id) VALUES (41,18,'ta13');
INSERT INTO ta_survey_choices (choices_id, section_id, user_id) VALUES (22,23,'ta6');
INSERT INTO ta_survey_choices (choices_id, section_id, user_id) VALUES (32,33,'ta18');
INSERT INTO ta_survey_choices (choices_id, section_id, user_id) VALUES (32,49,'ta12');
INSERT INTO ta_survey_choices (choices_id, section_id, user_id) VALUES (19,26,'ta16');
INSERT INTO ta_survey_choices (choices_id, section_id, user_id) VALUES (21,32,'ta19');
INSERT INTO ta_survey_choices (choices_id, section_id, user_id) VALUES (33,50,'ta14');
INSERT INTO ta_survey_choices (choices_id, section_id, user_id) VALUES (26,45,'ta1');
INSERT INTO ta_survey_choices (choices_id, section_id, user_id) VALUES (36,40,'ta1');
INSERT INTO ta_survey_choices (choices_id, section_id, user_id) VALUES (34,44,'ta2');
INSERT INTO ta_survey_choices (choices_id, section_id, user_id) VALUES (39,10,'ta11');
INSERT INTO ta_survey_choices (choices_id, section_id, user_id) VALUES (24,47,'ta9');
INSERT INTO ta_survey_choices (choices_id, section_id, user_id) VALUES (21,5,'ta14');
INSERT INTO ta_survey_choices (choices_id, section_id, user_id) VALUES (36,13,'ta9');
INSERT INTO ta_survey_choices (choices_id, section_id, user_id) VALUES (18,26,'ta16');
INSERT INTO ta_survey_choices (choices_id, section_id, user_id) VALUES (35,32,'ta19');
INSERT INTO ta_survey_choices (choices_id, section_id, user_id) VALUES (29,14,'ta0');
INSERT INTO ta_survey_choices (choices_id, section_id, user_id) VALUES (18,46,'ta8');
INSERT INTO ta_survey_choices (choices_id, section_id, user_id) VALUES (16,31,'ta1');
INSERT INTO ta_survey_choices (choices_id, section_id, user_id) VALUES (26,6,'ta0');
INSERT INTO ta_survey_choices (choices_id, section_id, user_id) VALUES (38,15,'ta0');
INSERT INTO ta_survey_choices (choices_id, section_id, user_id) VALUES (24,32,'ta19');
INSERT INTO ta_survey_choices (choices_id, section_id, user_id) VALUES (24,26,'ta16');
INSERT INTO ta_survey_choices (choices_id, section_id, user_id) VALUES (20,2,'ta5');
INSERT INTO ta_survey_choices (choices_id, section_id, user_id) VALUES (34,33,'ta18');
INSERT INTO ta_survey_choices (choices_id, section_id, user_id) VALUES (15,43,'ta11');
INSERT INTO surveys(dept_survey_choice_id,course_survey_choice_id,ta_survey_choice_id,name,term,default_survey_open,default_survey_close) VALUES (1,NULL,NULL,'survey1',201709,'2008-11-09 00:00:00','2008-11-12 00:00:00');
INSERT INTO surveys(dept_survey_choice_id,course_survey_choice_id,ta_survey_choice_id,name,term,default_survey_open,default_survey_close) VALUES (1,NULL,NULL,'survey2',201709,'2008-11-09 00:00:00','2008-11-12 00:00:00');
INSERT INTO surveys(dept_survey_choice_id,course_survey_choice_id,ta_survey_choice_id,name,term,default_survey_open,default_survey_close) VALUES (1,NULL,22,'survey3',201709,'2008-11-09 00:00:00','2008-11-12 00:00:00');
INSERT INTO surveys(dept_survey_choice_id,course_survey_choice_id,ta_survey_choice_id,name,term,default_survey_open,default_survey_close) VALUES (NULL,NULL,NULL,'survey4',201709,'2008-11-09 00:00:00','2008-11-12 00:00:00');
INSERT INTO surveys(dept_survey_choice_id,course_survey_choice_id,ta_survey_choice_id,name,term,default_survey_open,default_survey_close) VALUES (2,8,29,'survey5',201709,'2008-11-09 00:00:00','2008-11-12 00:00:00');
INSERT INTO surveys(dept_survey_choice_id,course_survey_choice_id,ta_survey_choice_id,name,term,default_survey_open,default_survey_close) VALUES (1,NULL,NULL,'survey6',201709,'2008-11-09 00:00:00','2008-11-12 00:00:00');
INSERT INTO surveys(dept_survey_choice_id,course_survey_choice_id,ta_survey_choice_id,name,term,default_survey_open,default_survey_close) VALUES (2,6,NULL,'survey7',201709,'2008-11-09 00:00:00','2008-11-12 00:00:00');
INSERT INTO surveys(dept_survey_choice_id,course_survey_choice_id,ta_survey_choice_id,name,term,default_survey_open,default_survey_close) VALUES (1,NULL,NULL,'survey8',201709,'2008-11-09 00:00:00','2008-11-12 00:00:00');
INSERT INTO surveys(dept_survey_choice_id,course_survey_choice_id,ta_survey_choice_id,name,term,default_survey_open,default_survey_close) VALUES (2,3,NULL,'survey9',201709,'2008-11-09 00:00:00','2008-11-12 00:00:00');
INSERT INTO surveys(dept_survey_choice_id,course_survey_choice_id,ta_survey_choice_id,name,term,default_survey_open,default_survey_close) VALUES (NULL,9,NULL,'survey10',201709,'2008-11-09 00:00:00','2008-11-12 00:00:00');
INSERT INTO surveys(dept_survey_choice_id,course_survey_choice_id,ta_survey_choice_id,name,term,default_survey_open,default_survey_close) VALUES (NULL,9,NULL,'survey11',201709,'2008-11-09 00:00:00','2008-11-12 00:00:00');
INSERT INTO surveys(dept_survey_choice_id,course_survey_choice_id,ta_survey_choice_id,name,term,default_survey_open,default_survey_close) VALUES (2,NULL,8,'survey12',201709,'2008-11-09 00:00:00','2008-11-12 00:00:00');
INSERT INTO surveys(dept_survey_choice_id,course_survey_choice_id,ta_survey_choice_id,name,term,default_survey_open,default_survey_close) VALUES (NULL,NULL,NULL,'survey13',201709,'2008-11-09 00:00:00','2008-11-12 00:00:00');
INSERT INTO surveys(dept_survey_choice_id,course_survey_choice_id,ta_survey_choice_id,name,term,default_survey_open,default_survey_close) VALUES (1,1,NULL,'survey14',201709,'2008-11-09 00:00:00','2008-11-12 00:00:00');
INSERT INTO surveys(dept_survey_choice_id,course_survey_choice_id,ta_survey_choice_id,name,term,default_survey_open,default_survey_close) VALUES (NULL,NULL,NULL,'survey15',201709,'2008-11-09 00:00:00','2008-11-12 00:00:00');
INSERT INTO surveys(dept_survey_choice_id,course_survey_choice_id,ta_survey_choice_id,name,term,default_survey_open,default_survey_close) VALUES (NULL,NULL,6,'survey16',201709,'2008-11-09 00:00:00','2008-11-12 00:00:00');
INSERT INTO surveys(dept_survey_choice_id,course_survey_choice_id,ta_survey_choice_id,name,term,default_survey_open,default_survey_close) VALUES (2,4,13,'survey17',201709,'2008-11-09 00:00:00','2008-11-12 00:00:00');
INSERT INTO surveys(dept_survey_choice_id,course_survey_choice_id,ta_survey_choice_id,name,term,default_survey_open,default_survey_close) VALUES (1,6,18,'survey18',201709,'2008-11-09 00:00:00','2008-11-12 00:00:00');
INSERT INTO surveys(dept_survey_choice_id,course_survey_choice_id,ta_survey_choice_id,name,term,default_survey_open,default_survey_close) VALUES (NULL,6,24,'survey19',201709,'2008-11-09 00:00:00','2008-11-12 00:00:00');
INSERT INTO surveys(dept_survey_choice_id,course_survey_choice_id,ta_survey_choice_id,name,term,default_survey_open,default_survey_close) VALUES (1,NULL,16,'survey20',201709,'2008-11-09 00:00:00','2008-11-12 00:00:00');
INSERT INTO surveys(dept_survey_choice_id,course_survey_choice_id,ta_survey_choice_id,name,term,default_survey_open,default_survey_close) VALUES (1,NULL,3,'survey21',201709,'2008-11-09 00:00:00','2008-11-12 00:00:00');
INSERT INTO surveys(dept_survey_choice_id,course_survey_choice_id,ta_survey_choice_id,name,term,default_survey_open,default_survey_close) VALUES (NULL,NULL,12,'survey22',201709,'2008-11-09 00:00:00','2008-11-12 00:00:00');
INSERT INTO surveys(dept_survey_choice_id,course_survey_choice_id,ta_survey_choice_id,name,term,default_survey_open,default_survey_close) VALUES (NULL,NULL,27,'survey23',201709,'2008-11-09 00:00:00','2008-11-12 00:00:00');
INSERT INTO surveys(dept_survey_choice_id,course_survey_choice_id,ta_survey_choice_id,name,term,default_survey_open,default_survey_close) VALUES (2,4,NULL,'survey24',201709,'2008-11-09 00:00:00','2008-11-12 00:00:00');
INSERT INTO surveys(dept_survey_choice_id,course_survey_choice_id,ta_survey_choice_id,name,term,default_survey_open,default_survey_close) VALUES (2,NULL,NULL,'survey25',201709,'2008-11-09 00:00:00','2008-11-12 00:00:00');
INSERT INTO surveys(dept_survey_choice_id,course_survey_choice_id,ta_survey_choice_id,name,term,default_survey_open,default_survey_close) VALUES (2,2,NULL,'survey26',201709,'2008-11-09 00:00:00','2008-11-12 00:00:00');
INSERT INTO surveys(dept_survey_choice_id,course_survey_choice_id,ta_survey_choice_id,name,term,default_survey_open,default_survey_close) VALUES (2,10,3,'survey27',201709,'2008-11-09 00:00:00','2008-11-12 00:00:00');
INSERT INTO surveys(dept_survey_choice_id,course_survey_choice_id,ta_survey_choice_id,name,term,default_survey_open,default_survey_close) VALUES (1,6,NULL,'survey28',201709,'2008-11-09 00:00:00','2008-11-12 00:00:00');
INSERT INTO surveys(dept_survey_choice_id,course_survey_choice_id,ta_survey_choice_id,name,term,default_survey_open,default_survey_close) VALUES (2,8,NULL,'survey29',201709,'2008-11-09 00:00:00','2008-11-12 00:00:00');
INSERT INTO surveys(dept_survey_choice_id,course_survey_choice_id,ta_survey_choice_id,name,term,default_survey_open,default_survey_close) VALUES (2,8,14,'survey30',201709,'2008-11-09 00:00:00','2008-11-12 00:00:00');
INSERT INTO surveys(dept_survey_choice_id,course_survey_choice_id,ta_survey_choice_id,name,term,default_survey_open,default_survey_close) VALUES (1,NULL,NULL,'survey31',201709,'2008-11-09 00:00:00','2008-11-12 00:00:00');
INSERT INTO surveys(dept_survey_choice_id,course_survey_choice_id,ta_survey_choice_id,name,term,default_survey_open,default_survey_close) VALUES (2,NULL,25,'survey32',201709,'2008-11-09 00:00:00','2008-11-12 00:00:00');
INSERT INTO surveys(dept_survey_choice_id,course_survey_choice_id,ta_survey_choice_id,name,term,default_survey_open,default_survey_close) VALUES (1,NULL,8,'survey33',201709,'2008-11-09 00:00:00','2008-11-12 00:00:00');
INSERT INTO surveys(dept_survey_choice_id,course_survey_choice_id,ta_survey_choice_id,name,term,default_survey_open,default_survey_close) VALUES (NULL,NULL,NULL,'survey34',201709,'2008-11-09 00:00:00','2008-11-12 00:00:00');
INSERT INTO surveys(dept_survey_choice_id,course_survey_choice_id,ta_survey_choice_id,name,term,default_survey_open,default_survey_close) VALUES (1,NULL,15,'survey35',201709,'2008-11-09 00:00:00','2008-11-12 00:00:00');
INSERT INTO surveys(dept_survey_choice_id,course_survey_choice_id,ta_survey_choice_id,name,term,default_survey_open,default_survey_close) VALUES (NULL,6,NULL,'survey36',201709,'2008-11-09 00:00:00','2008-11-12 00:00:00');
INSERT INTO surveys(dept_survey_choice_id,course_survey_choice_id,ta_survey_choice_id,name,term,default_survey_open,default_survey_close) VALUES (NULL,3,26,'survey37',201709,'2008-11-09 00:00:00','2008-11-12 00:00:00');
INSERT INTO surveys(dept_survey_choice_id,course_survey_choice_id,ta_survey_choice_id,name,term,default_survey_open,default_survey_close) VALUES (NULL,1,15,'survey38',201709,'2008-11-09 00:00:00','2008-11-12 00:00:00');
INSERT INTO surveys(dept_survey_choice_id,course_survey_choice_id,ta_survey_choice_id,name,term,default_survey_open,default_survey_close) VALUES (NULL,9,10,'survey39',201709,'2008-11-09 00:00:00','2008-11-12 00:00:00');
INSERT INTO surveys(dept_survey_choice_id,course_survey_choice_id,ta_survey_choice_id,name,term,default_survey_open,default_survey_close) VALUES (NULL,NULL,29,'survey40',201709,'2008-11-09 00:00:00','2008-11-12 00:00:00');
INSERT INTO surveys(dept_survey_choice_id,course_survey_choice_id,ta_survey_choice_id,name,term,default_survey_open,default_survey_close) VALUES (NULL,4,NULL,'survey41',201709,'2008-11-09 00:00:00','2008-11-12 00:00:00');
INSERT INTO surveys(dept_survey_choice_id,course_survey_choice_id,ta_survey_choice_id,name,term,default_survey_open,default_survey_close) VALUES (NULL,NULL,18,'survey42',201709,'2008-11-09 00:00:00','2008-11-12 00:00:00');
INSERT INTO survey_instances(survey_id,choices_id,user_association_id,override_token,survey_open,survey_close) VALUES (13,13,29,'QBO4XH85OPSXDC06MC8I','2008-11-09 00:00:00','2008-11-12 00:00:00');
INSERT INTO survey_instances(survey_id,choices_id,user_association_id,override_token,survey_open,survey_close) VALUES (14,14,14,'RPNZY5DSB7TJ7DM25OVU','2008-11-09 00:00:00','2008-11-12 00:00:00');
INSERT INTO survey_instances(survey_id,choices_id,user_association_id,override_token,survey_open,survey_close) VALUES (15,15,98,'SECP2Q6093NCOD19DTYS','2008-11-09 00:00:00','2008-11-12 00:00:00');
INSERT INTO survey_instances(survey_id,choices_id,user_association_id,override_token,survey_open,survey_close) VALUES (16,16,131,'S96V8DQK83RN5B570EY4','2008-11-09 00:00:00','2008-11-12 00:00:00');
INSERT INTO survey_instances(survey_id,choices_id,user_association_id,override_token,survey_open,survey_close) VALUES (17,17,116,'MVSE88PXKAYQOB2C15UJ','2008-11-09 00:00:00','2008-11-12 00:00:00');
INSERT INTO survey_instances(survey_id,choices_id,user_association_id,override_token,survey_open,survey_close) VALUES (18,18,113,'293AJIP6IKUJVQ5HXXV3','2008-11-09 00:00:00','2008-11-12 00:00:00');
INSERT INTO survey_instances(survey_id,choices_id,user_association_id,override_token,survey_open,survey_close) VALUES (19,19,137,'Z06FADH3RQ5OTY27SFDM','2008-11-09 00:00:00','2008-11-12 00:00:00');
INSERT INTO survey_instances(survey_id,choices_id,user_association_id,override_token,survey_open,survey_close) VALUES (20,20,92,'ISTIUTDVMAGMBQFI81Z3','2008-11-09 00:00:00','2008-11-12 00:00:00');
INSERT INTO survey_instances(survey_id,choices_id,user_association_id,override_token,survey_open,survey_close) VALUES (21,21,137,'F6F2ZESGNTWF49ATN52Z','2008-11-09 00:00:00','2008-11-12 00:00:00');
INSERT INTO survey_instances(survey_id,choices_id,user_association_id,override_token,survey_open,survey_close) VALUES (22,22,95,'5PZJERDUVKNIOJ22FDNV','2008-11-09 00:00:00','2008-11-12 00:00:00');
INSERT INTO survey_instances(survey_id,choices_id,user_association_id,override_token,survey_open,survey_close) VALUES (23,23,26,'PFCKVGTG6NHBICAERMSD','2008-11-09 00:00:00','2008-11-12 00:00:00');
INSERT INTO survey_instances(survey_id,choices_id,user_association_id,override_token,survey_open,survey_close) VALUES (24,24,104,'G5CAKX2XBIBB2ZHQQ07O','2008-11-09 00:00:00','2008-11-12 00:00:00');
INSERT INTO survey_instances(survey_id,choices_id,user_association_id,override_token,survey_open,survey_close) VALUES (25,25,77,'QO73CRHIISERJTKC452M','2008-11-09 00:00:00','2008-11-12 00:00:00');
INSERT INTO survey_instances(survey_id,choices_id,user_association_id,override_token,survey_open,survey_close) VALUES (26,26,95,'CY04M2AXZYTDSA1R1WHB','2008-11-09 00:00:00','2008-11-12 00:00:00');
INSERT INTO survey_instances(survey_id,choices_id,user_association_id,override_token,survey_open,survey_close) VALUES (27,27,65,'RP0P9ABFYN51MCQYLY5Q','2008-11-09 00:00:00','2008-11-12 00:00:00');
INSERT INTO survey_instances(survey_id,choices_id,user_association_id,override_token,survey_open,survey_close) VALUES (28,28,110,'0PNQ5CGDF8TDHSWWC0DT','2008-11-09 00:00:00','2008-11-12 00:00:00');
INSERT INTO survey_instances(survey_id,choices_id,user_association_id,override_token,survey_open,survey_close) VALUES (29,29,107,'N8V3XVW5441CI1JOC6JY','2008-11-09 00:00:00','2008-11-12 00:00:00');
INSERT INTO survey_instances(survey_id,choices_id,user_association_id,override_token,survey_open,survey_close) VALUES (30,30,113,'3BAGRJL0GL4G8WYGTA0E','2008-11-09 00:00:00','2008-11-12 00:00:00');
INSERT INTO survey_instances(survey_id,choices_id,user_association_id,override_token,survey_open,survey_close) VALUES (31,31,2,'N4HEDX6ZTADGXHF61YQT','2008-11-09 00:00:00','2008-11-12 00:00:00');
INSERT INTO survey_instances(survey_id,choices_id,user_association_id,override_token,survey_open,survey_close) VALUES (32,32,44,'O61NQB00HPTMFEE6W0QT','2008-11-09 00:00:00','2008-11-12 00:00:00');
INSERT INTO survey_instances(survey_id,choices_id,user_association_id,override_token,survey_open,survey_close) VALUES (33,33,35,'NSPU457G0RN4N9E3EKZW','2008-11-09 00:00:00','2008-11-12 00:00:00');
INSERT INTO survey_instances(survey_id,choices_id,user_association_id,override_token,survey_open,survey_close) VALUES (34,34,65,'ECERX76AYBW4SUV290RC','2008-11-09 00:00:00','2008-11-12 00:00:00');
INSERT INTO survey_instances(survey_id,choices_id,user_association_id,override_token,survey_open,survey_close) VALUES (35,35,137,'VTT5AD2ZJIYY8B6QGTXL','2008-11-09 00:00:00','2008-11-12 00:00:00');
INSERT INTO survey_instances(survey_id,choices_id,user_association_id,override_token,survey_open,survey_close) VALUES (36,36,62,'QDBNAF23QH35BZB9SSJ4','2008-11-09 00:00:00','2008-11-12 00:00:00');
INSERT INTO survey_instances(survey_id,choices_id,user_association_id,override_token,survey_open,survey_close) VALUES (37,37,62,'8QLX0EVL53MGGM89RUE3','2008-11-09 00:00:00','2008-11-12 00:00:00');
INSERT INTO survey_instances(survey_id,choices_id,user_association_id,override_token,survey_open,survey_close) VALUES (38,38,41,'Q3FI1OLRWLBEX5ABVBX7','2008-11-09 00:00:00','2008-11-12 00:00:00');
INSERT INTO survey_instances(survey_id,choices_id,user_association_id,override_token,survey_open,survey_close) VALUES (39,39,14,'2QXNGP7SUZCMGJ7OW0GF','2008-11-09 00:00:00','2008-11-12 00:00:00');
INSERT INTO survey_instances(survey_id,choices_id,user_association_id,override_token,survey_open,survey_close) VALUES (40,40,47,'3D6CM7T16F1PCLQ6QDK4','2008-11-09 00:00:00','2008-11-12 00:00:00');
INSERT INTO survey_instances(survey_id,choices_id,user_association_id,override_token,survey_open,survey_close) VALUES (41,41,137,'0QVHVAD8NFWBIVRCG7J2','2008-11-09 00:00:00','2008-11-12 00:00:00');
INSERT INTO survey_instances(survey_id,choices_id,user_association_id,override_token,survey_open,survey_close) VALUES (42,42,86,'PAJ3HBYGPHQKQMKO1W5O','2008-11-09 00:00:00','2008-11-12 00:00:00');
INSERT INTO responses(survey_instance_id,question_id,answer,user_id) VALUES (1,1,'answer52','FPk5K9xpef');
INSERT INTO responses(survey_instance_id,question_id,answer,user_id) VALUES (1,2,'answer64','CZ3HgHK4sl');
INSERT INTO responses(survey_instance_id,question_id,answer,user_id) VALUES (1,3,'answer87','Gge43EpfTZ');
INSERT INTO responses(survey_instance_id,question_id,answer,user_id) VALUES (1,4,'answer52','fCtUAjOjBC');
INSERT INTO responses(survey_instance_id,question_id,answer,user_id) VALUES (1,5,'answer46','JXDnoRI2YQ');
INSERT INTO responses(survey_instance_id,question_id,answer,user_id) VALUES (1,6,'answer7','D8yWpRwK3b');
INSERT INTO responses(survey_instance_id,question_id,answer,user_id) VALUES (1,7,'answer61','h44J414iYR');
INSERT INTO responses(survey_instance_id,question_id,answer,user_id) VALUES (1,8,'answer76','CE1sjCoRQ0');
INSERT INTO responses(survey_instance_id,question_id,answer,user_id) VALUES (1,9,'answer61','3nAkVJWy3h');
INSERT INTO responses(survey_instance_id,question_id,answer,user_id) VALUES (1,10,'answer35','NDIUa6QA99');
INSERT INTO responses(survey_instance_id,question_id,answer,user_id) VALUES (1,11,'answer72','9mCDQNVHcM');
INSERT INTO responses(survey_instance_id,question_id,answer,user_id) VALUES (1,12,'answer88','QGPc27t1z8');
INSERT INTO responses(survey_instance_id,question_id,answer,user_id) VALUES (1,13,'answer78','VHKMhlYmrq');
INSERT INTO responses(survey_instance_id,question_id,answer,user_id) VALUES (1,14,'answer38','Exke1M2ugL');
INSERT INTO responses(survey_instance_id,question_id,answer,user_id) VALUES (1,15,'answer6','8AhZ56dzVT');
INSERT INTO responses(survey_instance_id,question_id,answer,user_id) VALUES (1,16,'answer0','m4WHyZWkBM');
INSERT INTO responses(survey_instance_id,question_id,answer,user_id) VALUES (1,17,'answer69','DA2QvpEjGf');
INSERT INTO responses(survey_instance_id,question_id,answer,user_id) VALUES (1,18,'answer35','Tnqjdzgw20');
INSERT INTO responses(survey_instance_id,question_id,answer,user_id) VALUES (1,19,'answer87','4owDDj3ZYQ');
INSERT INTO responses(survey_instance_id,question_id,answer,user_id) VALUES (1,20,'answer63','hnFJdvoEUN');
INSERT INTO responses(survey_instance_id,question_id,answer,user_id) VALUES (2,1,'answer83','2kIWn7Qswd');
INSERT INTO responses(survey_instance_id,question_id,answer,user_id) VALUES (2,2,'answer19','5ygP05B70C');
INSERT INTO responses(survey_instance_id,question_id,answer,user_id) VALUES (2,3,'answer58','u1iGAD3ATx');
INSERT INTO responses(survey_instance_id,question_id,answer,user_id) VALUES (2,4,'answer33','kPhjA4KEt0');
INSERT INTO responses(survey_instance_id,question_id,answer,user_id) VALUES (2,5,'answer26','LPcCcUjAs7');
INSERT INTO responses(survey_instance_id,question_id,answer,user_id) VALUES (2,6,'answer86','x0JmeDkFHm');
INSERT INTO responses(survey_instance_id,question_id,answer,user_id) VALUES (2,7,'answer60','faKz7R41C4');
INSERT INTO responses(survey_instance_id,question_id,answer,user_id) VALUES (2,8,'answer42','CMYGTFvFcX');
INSERT INTO responses(survey_instance_id,question_id,answer,user_id) VALUES (2,9,'answer94','YDhH5hC5HA');
INSERT INTO responses(survey_instance_id,question_id,answer,user_id) VALUES (2,10,'answer54','zuCSBFydQm');
INSERT INTO responses(survey_instance_id,question_id,answer,user_id) VALUES (2,11,'answer90','rGq9wvzWjK');
INSERT INTO responses(survey_instance_id,question_id,answer,user_id) VALUES (2,12,'answer10','lhbGo3Lg0J');
INSERT INTO responses(survey_instance_id,question_id,answer,user_id) VALUES (2,13,'answer54','IIxz6pZ7eg');
INSERT INTO responses(survey_instance_id,question_id,answer,user_id) VALUES (2,14,'answer57','EVtlygrE71');
INSERT INTO responses(survey_instance_id,question_id,answer,user_id) VALUES (2,15,'answer31','jIipBt5zNP');
INSERT INTO responses(survey_instance_id,question_id,answer,user_id) VALUES (2,16,'answer9','Yjy5GOeUza');
INSERT INTO responses(survey_instance_id,question_id,answer,user_id) VALUES (2,17,'answer87','HYNMajgmx5');
INSERT INTO responses(survey_instance_id,question_id,answer,user_id) VALUES (2,18,'answer98','ngmQZ6oVVQ');
INSERT INTO responses(survey_instance_id,question_id,answer,user_id) VALUES (2,19,'answer53','sCdAcjvm4P');
INSERT INTO responses(survey_instance_id,question_id,answer,user_id) VALUES (2,20,'answer2','pzwy9iSJZy');
INSERT INTO responses(survey_instance_id,question_id,answer,user_id) VALUES (3,1,'answer81','0I2dyx3BCr');
INSERT INTO responses(survey_instance_id,question_id,answer,user_id) VALUES (3,2,'answer93','QKepE8upxt');
INSERT INTO responses(survey_instance_id,question_id,answer,user_id) VALUES (3,3,'answer66','Jwh1ky2hrm');
INSERT INTO responses(survey_instance_id,question_id,answer,user_id) VALUES (3,4,'answer28','cKyjOrr1YG');
INSERT INTO responses(survey_instance_id,question_id,answer,user_id) VALUES (3,5,'answer81','KsnnOLpnM2');
INSERT INTO responses(survey_instance_id,question_id,answer,user_id) VALUES (3,6,'answer98','hnk5byXELH');
INSERT INTO responses(survey_instance_id,question_id,answer,user_id) VALUES (3,7,'answer29','QH3y7tyDhB');
INSERT INTO responses(survey_instance_id,question_id,answer,user_id) VALUES (3,8,'answer24','3swjd1Q4MO');
INSERT INTO responses(survey_instance_id,question_id,answer,user_id) VALUES (3,9,'answer61','LujoJVYbrB');
INSERT INTO responses(survey_instance_id,question_id,answer,user_id) VALUES (3,10,'answer4','MrIq73E7aj');
INSERT INTO responses(survey_instance_id,question_id,answer,user_id) VALUES (3,11,'answer54','7q1dQFwzNh');
INSERT INTO responses(survey_instance_id,question_id,answer,user_id) VALUES (3,12,'answer36','znH94hbpCZ');
INSERT INTO responses(survey_instance_id,question_id,answer,user_id) VALUES (3,13,'answer48','WK3EcwE1Ae');
INSERT INTO responses(survey_instance_id,question_id,answer,user_id) VALUES (3,14,'answer65','6TDJ2FGrQj');
INSERT INTO responses(survey_instance_id,question_id,answer,user_id) VALUES (3,15,'answer87','3ZblBFlQNB');
INSERT INTO responses(survey_instance_id,question_id,answer,user_id) VALUES (3,16,'answer70','LABjETpRIZ');
INSERT INTO responses(survey_instance_id,question_id,answer,user_id) VALUES (3,17,'answer56','iU77SjoYCi');
INSERT INTO responses(survey_instance_id,question_id,answer,user_id) VALUES (3,18,'answer36','kt1GArNW69');
INSERT INTO responses(survey_instance_id,question_id,answer,user_id) VALUES (3,19,'answer26','xHgZqsuEt8');
INSERT INTO responses(survey_instance_id,question_id,answer,user_id) VALUES (3,20,'answer84','vEwi4vwQsp');
INSERT INTO responses(survey_instance_id,question_id,answer,user_id) VALUES (4,1,'answer94','VEPpHAPD8v');
INSERT INTO responses(survey_instance_id,question_id,answer,user_id) VALUES (4,2,'answer87','v4FS8HGdCB');
INSERT INTO responses(survey_instance_id,question_id,answer,user_id) VALUES (4,3,'answer45','9ihfXh6n09');
INSERT INTO responses(survey_instance_id,question_id,answer,user_id) VALUES (4,4,'answer0','upfYfhRQyZ');
INSERT INTO responses(survey_instance_id,question_id,answer,user_id) VALUES (4,5,'answer27','LSEh5schyr');
INSERT INTO responses(survey_instance_id,question_id,answer,user_id) VALUES (4,6,'answer42','BPls2BMbkh');
INSERT INTO responses(survey_instance_id,question_id,answer,user_id) VALUES (4,7,'answer49','ds2TPaGobg');
INSERT INTO responses(survey_instance_id,question_id,answer,user_id) VALUES (4,8,'answer64','UViyiF7WDm');
INSERT INTO responses(survey_instance_id,question_id,answer,user_id) VALUES (4,9,'answer95','ZyaVtyGJ0P');
INSERT INTO responses(survey_instance_id,question_id,answer,user_id) VALUES (4,10,'answer21','Sz8IjfGU9b');
INSERT INTO responses(survey_instance_id,question_id,answer,user_id) VALUES (4,11,'answer18','XoRzFkmcuO');
INSERT INTO responses(survey_instance_id,question_id,answer,user_id) VALUES (4,12,'answer20','G14EEb6r23');
INSERT INTO responses(survey_instance_id,question_id,answer,user_id) VALUES (4,13,'answer95','1bAjctwrI1');
INSERT INTO responses(survey_instance_id,question_id,answer,user_id) VALUES (4,14,'answer22','EX7wMvIANY');
INSERT INTO responses(survey_instance_id,question_id,answer,user_id) VALUES (4,15,'answer79','boFjDlLKyq');
INSERT INTO responses(survey_instance_id,question_id,answer,user_id) VALUES (4,16,'answer30','bvxMMG4N8B');
INSERT INTO responses(survey_instance_id,question_id,answer,user_id) VALUES (4,17,'answer80','ozUUIXVvNr');
INSERT INTO responses(survey_instance_id,question_id,answer,user_id) VALUES (4,18,'answer84','OpUmP3r0gw');
INSERT INTO responses(survey_instance_id,question_id,answer,user_id) VALUES (4,19,'answer36','l7hhKWs1o1');
INSERT INTO responses(survey_instance_id,question_id,answer,user_id) VALUES (4,20,'answer41','w6BerOmEJZ');
INSERT INTO responses(survey_instance_id,question_id,answer,user_id) VALUES (5,1,'answer88','PFuAuYpSU1');
INSERT INTO responses(survey_instance_id,question_id,answer,user_id) VALUES (5,2,'answer48','Ipibx5F0hy');
INSERT INTO responses(survey_instance_id,question_id,answer,user_id) VALUES (5,3,'answer87','QK0jvR8ns3');
INSERT INTO responses(survey_instance_id,question_id,answer,user_id) VALUES (5,4,'answer43','wG9CZBeYH6');
INSERT INTO responses(survey_instance_id,question_id,answer,user_id) VALUES (5,5,'answer98','RS7TJmItuN');
INSERT INTO responses(survey_instance_id,question_id,answer,user_id) VALUES (5,6,'answer52','8xydEdJEPa');
INSERT INTO responses(survey_instance_id,question_id,answer,user_id) VALUES (5,7,'answer44','ZSs4pSd6D7');
INSERT INTO responses(survey_instance_id,question_id,answer,user_id) VALUES (5,8,'answer80','4IdmzqDnur');
INSERT INTO responses(survey_instance_id,question_id,answer,user_id) VALUES (5,9,'answer3','MqiWJqWFdZ');
INSERT INTO responses(survey_instance_id,question_id,answer,user_id) VALUES (5,10,'answer25','s840kgQrqy');
INSERT INTO responses(survey_instance_id,question_id,answer,user_id) VALUES (5,11,'answer14','N9IRFokOG2');
INSERT INTO responses(survey_instance_id,question_id,answer,user_id) VALUES (5,12,'answer74','fEsT5tmKZA');
INSERT INTO responses(survey_instance_id,question_id,answer,user_id) VALUES (5,13,'answer96','Xu7A31xD7k');
INSERT INTO responses(survey_instance_id,question_id,answer,user_id) VALUES (5,14,'answer29','g9mb5wUIFT');
INSERT INTO responses(survey_instance_id,question_id,answer,user_id) VALUES (5,15,'answer91','e4g5LfztYW');
INSERT INTO responses(survey_instance_id,question_id,answer,user_id) VALUES (5,16,'answer95','5ZO8LOUuOi');
INSERT INTO responses(survey_instance_id,question_id,answer,user_id) VALUES (5,17,'answer40','2CoB3fI9G9');
INSERT INTO responses(survey_instance_id,question_id,answer,user_id) VALUES (5,18,'answer63','hZEFv5sFeC');
INSERT INTO responses(survey_instance_id,question_id,answer,user_id) VALUES (5,19,'answer85','skkYXduGfv');
INSERT INTO responses(survey_instance_id,question_id,answer,user_id) VALUES (5,20,'answer42','GRtosMFsFy');
INSERT INTO responses(survey_instance_id,question_id,answer,user_id) VALUES (6,1,'answer81','taBdN573Oi');
INSERT INTO responses(survey_instance_id,question_id,answer,user_id) VALUES (6,2,'answer22','Fs7AfD4Lgy');
INSERT INTO responses(survey_instance_id,question_id,answer,user_id) VALUES (6,3,'answer46','sdUGnVpYMd');
INSERT INTO responses(survey_instance_id,question_id,answer,user_id) VALUES (6,4,'answer2','KKJxiG3duM');
INSERT INTO responses(survey_instance_id,question_id,answer,user_id) VALUES (6,5,'answer92','mTmwTy85oD');
INSERT INTO responses(survey_instance_id,question_id,answer,user_id) VALUES (6,6,'answer5','ET5cAfQNgJ');
INSERT INTO responses(survey_instance_id,question_id,answer,user_id) VALUES (6,7,'answer87','jb1Qccd5N2');
INSERT INTO responses(survey_instance_id,question_id,answer,user_id) VALUES (6,8,'answer74','0meAo1ZmPP');
INSERT INTO responses(survey_instance_id,question_id,answer,user_id) VALUES (6,9,'answer44','ZvbUrTHqKF');
INSERT INTO responses(survey_instance_id,question_id,answer,user_id) VALUES (6,10,'answer1','I5TKhofs4Q');
INSERT INTO responses(survey_instance_id,question_id,answer,user_id) VALUES (6,11,'answer91','lh8oIUjhzz');
INSERT INTO responses(survey_instance_id,question_id,answer,user_id) VALUES (6,12,'answer81','k6rP30DkBI');
INSERT INTO responses(survey_instance_id,question_id,answer,user_id) VALUES (6,13,'answer88','Ah4CyrapS1');
INSERT INTO responses(survey_instance_id,question_id,answer,user_id) VALUES (6,14,'answer39','EgkfIKvls7');
INSERT INTO responses(survey_instance_id,question_id,answer,user_id) VALUES (6,15,'answer53','VUuiWDOMlJ');
INSERT INTO responses(survey_instance_id,question_id,answer,user_id) VALUES (6,16,'answer62','ortCLYocN4');
INSERT INTO responses(survey_instance_id,question_id,answer,user_id) VALUES (6,17,'answer10','UAlV9VCoIX');
INSERT INTO responses(survey_instance_id,question_id,answer,user_id) VALUES (6,18,'answer39','HG7JpILprp');
INSERT INTO responses(survey_instance_id,question_id,answer,user_id) VALUES (6,19,'answer29','U6IdnC0cDl');
INSERT INTO responses(survey_instance_id,question_id,answer,user_id) VALUES (6,20,'answer66','EVEME30Tel');
INSERT INTO responses(survey_instance_id,question_id,answer,user_id) VALUES (7,1,'answer1','k9roPb9GwO');
INSERT INTO responses(survey_instance_id,question_id,answer,user_id) VALUES (7,2,'answer7','crzeEDu2lj');
INSERT INTO responses(survey_instance_id,question_id,answer,user_id) VALUES (7,3,'answer34','HkPtF0d2Hq');
INSERT INTO responses(survey_instance_id,question_id,answer,user_id) VALUES (7,4,'answer60','TcT759GbA8');
INSERT INTO responses(survey_instance_id,question_id,answer,user_id) VALUES (7,5,'answer87','ykZpByJEqE');
INSERT INTO responses(survey_instance_id,question_id,answer,user_id) VALUES (7,6,'answer3','AIG2Wewerk');
INSERT INTO responses(survey_instance_id,question_id,answer,user_id) VALUES (7,7,'answer93','YkAbYSFHXa');
INSERT INTO responses(survey_instance_id,question_id,answer,user_id) VALUES (7,8,'answer72','FBJ7ApQ8zC');
INSERT INTO responses(survey_instance_id,question_id,answer,user_id) VALUES (7,9,'answer90','4ZqMEp5KyU');
INSERT INTO responses(survey_instance_id,question_id,answer,user_id) VALUES (7,10,'answer45','Uh0Dyrim27');
INSERT INTO responses(survey_instance_id,question_id,answer,user_id) VALUES (7,11,'answer40','l2Gaab6W1c');
INSERT INTO responses(survey_instance_id,question_id,answer,user_id) VALUES (7,12,'answer19','NxqQTMNLiy');
INSERT INTO responses(survey_instance_id,question_id,answer,user_id) VALUES (7,13,'answer43','akzu84BT48');
INSERT INTO responses(survey_instance_id,question_id,answer,user_id) VALUES (7,14,'answer65','3gsxeZyPTS');
INSERT INTO responses(survey_instance_id,question_id,answer,user_id) VALUES (7,15,'answer87','eXMca2kOxY');
INSERT INTO responses(survey_instance_id,question_id,answer,user_id) VALUES (7,16,'answer82','RHF20AHubs');
INSERT INTO responses(survey_instance_id,question_id,answer,user_id) VALUES (7,17,'answer56','LYizQ7zfBS');
INSERT INTO responses(survey_instance_id,question_id,answer,user_id) VALUES (7,18,'answer64','EYoXCpkkvG');
INSERT INTO responses(survey_instance_id,question_id,answer,user_id) VALUES (7,19,'answer53','gKUMFq49U0');
INSERT INTO responses(survey_instance_id,question_id,answer,user_id) VALUES (7,20,'answer88','RmtCJ3HIrS');
INSERT INTO responses(survey_instance_id,question_id,answer,user_id) VALUES (8,1,'answer11','q1gU6EuXJT');
INSERT INTO responses(survey_instance_id,question_id,answer,user_id) VALUES (8,2,'answer60','EMzkscYWmf');
INSERT INTO responses(survey_instance_id,question_id,answer,user_id) VALUES (8,3,'answer0','VFkITBjl8P');
INSERT INTO responses(survey_instance_id,question_id,answer,user_id) VALUES (8,4,'answer91','p2KX2ZCvvn');
INSERT INTO responses(survey_instance_id,question_id,answer,user_id) VALUES (8,5,'answer76','TzcDPdSqpE');
INSERT INTO responses(survey_instance_id,question_id,answer,user_id) VALUES (8,6,'answer27','ERi4uYbeHc');
INSERT INTO responses(survey_instance_id,question_id,answer,user_id) VALUES (8,7,'answer30','rWzVAG66Nl');
INSERT INTO responses(survey_instance_id,question_id,answer,user_id) VALUES (8,8,'answer70','ytjknf7TCq');
INSERT INTO responses(survey_instance_id,question_id,answer,user_id) VALUES (8,9,'answer98','vIEdMCOCMw');
INSERT INTO responses(survey_instance_id,question_id,answer,user_id) VALUES (8,10,'answer72','g3DPuMumC8');
INSERT INTO responses(survey_instance_id,question_id,answer,user_id) VALUES (8,11,'answer13','2FWGMWKlmf');
INSERT INTO responses(survey_instance_id,question_id,answer,user_id) VALUES (8,12,'answer22','M3YRZz9n3Y');
INSERT INTO responses(survey_instance_id,question_id,answer,user_id) VALUES (8,13,'answer36','OnQvhstuAM');
INSERT INTO responses(survey_instance_id,question_id,answer,user_id) VALUES (8,14,'answer53','cziq3JyL9U');
INSERT INTO responses(survey_instance_id,question_id,answer,user_id) VALUES (8,15,'answer34','GZos0qeZDL');
INSERT INTO responses(survey_instance_id,question_id,answer,user_id) VALUES (8,16,'answer42','nROLwfBHTb');
INSERT INTO responses(survey_instance_id,question_id,answer,user_id) VALUES (8,17,'answer11','e56E8ymyjf');
INSERT INTO responses(survey_instance_id,question_id,answer,user_id) VALUES (8,18,'answer35','NR9stvQzuz');
INSERT INTO responses(survey_instance_id,question_id,answer,user_id) VALUES (8,19,'answer25','RtYIq87sht');
INSERT INTO responses(survey_instance_id,question_id,answer,user_id) VALUES (8,20,'answer39','eMLgkFAJ7h');
INSERT INTO responses(survey_instance_id,question_id,answer,user_id) VALUES (9,1,'answer33','z0c5V2Ok6m');
INSERT INTO responses(survey_instance_id,question_id,answer,user_id) VALUES (9,2,'answer55','qj8fMvilpt');
INSERT INTO responses(survey_instance_id,question_id,answer,user_id) VALUES (9,3,'answer82','ZQsLbLqzwC');
INSERT INTO responses(survey_instance_id,question_id,answer,user_id) VALUES (9,4,'answer22','rCamspGGzI');
INSERT INTO responses(survey_instance_id,question_id,answer,user_id) VALUES (9,5,'answer91','cKTmn2m3S8');
INSERT INTO responses(survey_instance_id,question_id,answer,user_id) VALUES (9,6,'answer8','xdEpBKn6Kp');
INSERT INTO responses(survey_instance_id,question_id,answer,user_id) VALUES (9,7,'answer76','DdsgVsfNEf');
INSERT INTO responses(survey_instance_id,question_id,answer,user_id) VALUES (9,8,'answer78','BVx1N7XE5i');
INSERT INTO responses(survey_instance_id,question_id,answer,user_id) VALUES (9,9,'answer49','3jqLrJktV3');
INSERT INTO responses(survey_instance_id,question_id,answer,user_id) VALUES (9,10,'answer47','OPWa36YVC1');
INSERT INTO responses(survey_instance_id,question_id,answer,user_id) VALUES (9,11,'answer97','HxDAnZy9Ly');
INSERT INTO responses(survey_instance_id,question_id,answer,user_id) VALUES (9,12,'answer69','KVtQ4DXsxc');
INSERT INTO responses(survey_instance_id,question_id,answer,user_id) VALUES (9,13,'answer88','sJAexVT3W4');
INSERT INTO responses(survey_instance_id,question_id,answer,user_id) VALUES (9,14,'answer84','aTaTPWpx76');
INSERT INTO responses(survey_instance_id,question_id,answer,user_id) VALUES (9,15,'answer86','tqDs1CpVGy');
INSERT INTO responses(survey_instance_id,question_id,answer,user_id) VALUES (9,16,'answer16','bhuErMFgw3');
INSERT INTO responses(survey_instance_id,question_id,answer,user_id) VALUES (9,17,'answer63','LLblKDpKRs');
INSERT INTO responses(survey_instance_id,question_id,answer,user_id) VALUES (9,18,'answer14','NHLviLEKSO');
INSERT INTO responses(survey_instance_id,question_id,answer,user_id) VALUES (9,19,'answer59','iVUqYAukiv');
INSERT INTO responses(survey_instance_id,question_id,answer,user_id) VALUES (9,20,'answer35','lqCQ5NaO5Z');
INSERT INTO responses(survey_instance_id,question_id,answer,user_id) VALUES (10,1,'answer71','ADRjBmBREl');
INSERT INTO responses(survey_instance_id,question_id,answer,user_id) VALUES (10,2,'answer12','VXK5rZu1Wx');
INSERT INTO responses(survey_instance_id,question_id,answer,user_id) VALUES (10,3,'answer65','ItPW2IgqZm');
INSERT INTO responses(survey_instance_id,question_id,answer,user_id) VALUES (10,4,'answer23','ehh3j3Xfnf');
INSERT INTO responses(survey_instance_id,question_id,answer,user_id) VALUES (10,5,'answer24','ZQiO1tEG3l');
INSERT INTO responses(survey_instance_id,question_id,answer,user_id) VALUES (10,6,'answer86','B5nMvUxWtP');
INSERT INTO responses(survey_instance_id,question_id,answer,user_id) VALUES (10,7,'answer18','lkw1P2f4yU');
INSERT INTO responses(survey_instance_id,question_id,answer,user_id) VALUES (10,8,'answer89','O62MNbCeTo');
INSERT INTO responses(survey_instance_id,question_id,answer,user_id) VALUES (10,9,'answer27','mYv3afCr7T');
INSERT INTO responses(survey_instance_id,question_id,answer,user_id) VALUES (10,10,'answer31','5BtVCyw8zh');
INSERT INTO responses(survey_instance_id,question_id,answer,user_id) VALUES (10,11,'answer66','O8RcGJJtEL');
INSERT INTO responses(survey_instance_id,question_id,answer,user_id) VALUES (10,12,'answer7','AzEP4yGiGY');
INSERT INTO responses(survey_instance_id,question_id,answer,user_id) VALUES (10,13,'answer36','7Iw2cH8Wmu');
INSERT INTO responses(survey_instance_id,question_id,answer,user_id) VALUES (10,14,'answer42','dsNfpdQPMX');
INSERT INTO responses(survey_instance_id,question_id,answer,user_id) VALUES (10,15,'answer55','W9jjKEZrKr');
INSERT INTO responses(survey_instance_id,question_id,answer,user_id) VALUES (10,16,'answer2','Ef01FeGeu6');
INSERT INTO responses(survey_instance_id,question_id,answer,user_id) VALUES (10,17,'answer69','17FkYmsjlo');
INSERT INTO responses(survey_instance_id,question_id,answer,user_id) VALUES (10,18,'answer9','T8IH7GddFH');
INSERT INTO responses(survey_instance_id,question_id,answer,user_id) VALUES (10,19,'answer71','Prl4cE7OOF');
INSERT INTO responses(survey_instance_id,question_id,answer,user_id) VALUES (10,20,'answer53','OPGqZFFKXW');
INSERT INTO responses(survey_instance_id,question_id,answer,user_id) VALUES (11,1,'answer17','8rTws1JQXQ');
INSERT INTO responses(survey_instance_id,question_id,answer,user_id) VALUES (11,2,'answer67','PObPhpK0CJ');
INSERT INTO responses(survey_instance_id,question_id,answer,user_id) VALUES (11,3,'answer19','AzGPO8HduE');
INSERT INTO responses(survey_instance_id,question_id,answer,user_id) VALUES (11,4,'answer43','Thi0WNEFu8');
INSERT INTO responses(survey_instance_id,question_id,answer,user_id) VALUES (11,5,'answer98','I1vZmrhGHR');
INSERT INTO responses(survey_instance_id,question_id,answer,user_id) VALUES (11,6,'answer88','6UuzZyBhL4');
INSERT INTO responses(survey_instance_id,question_id,answer,user_id) VALUES (11,7,'answer62','FQTf5GgTyN');
INSERT INTO responses(survey_instance_id,question_id,answer,user_id) VALUES (11,8,'answer44','ZuUTbZhNmr');
INSERT INTO responses(survey_instance_id,question_id,answer,user_id) VALUES (11,9,'answer75','TAVJcqwomZ');
INSERT INTO responses(survey_instance_id,question_id,answer,user_id) VALUES (11,10,'answer92','uYIYKpVbPg');
INSERT INTO responses(survey_instance_id,question_id,answer,user_id) VALUES (11,11,'answer9','xbiduDSldM');
INSERT INTO responses(survey_instance_id,question_id,answer,user_id) VALUES (11,12,'answer19','VZljCjho81');
INSERT INTO responses(survey_instance_id,question_id,answer,user_id) VALUES (11,13,'answer6','sBeLHDRqx2');
INSERT INTO responses(survey_instance_id,question_id,answer,user_id) VALUES (11,14,'answer93','vINQZUnwY0');
INSERT INTO responses(survey_instance_id,question_id,answer,user_id) VALUES (11,15,'answer6','VH2bcKZzB0');
INSERT INTO responses(survey_instance_id,question_id,answer,user_id) VALUES (11,16,'answer78','fDQBMPFE4i');
INSERT INTO responses(survey_instance_id,question_id,answer,user_id) VALUES (11,17,'answer0','QwtMX3ZhGi');
INSERT INTO responses(survey_instance_id,question_id,answer,user_id) VALUES (11,18,'answer56','rQlPj9mbqm');
INSERT INTO responses(survey_instance_id,question_id,answer,user_id) VALUES (11,19,'answer54','sCu5tnwNJY');
INSERT INTO responses(survey_instance_id,question_id,answer,user_id) VALUES (11,20,'answer53','1vhctjzSsp');
INSERT INTO responses(survey_instance_id,question_id,answer,user_id) VALUES (12,1,'answer99','cF9d9Y9JGz');
INSERT INTO responses(survey_instance_id,question_id,answer,user_id) VALUES (12,2,'answer71','ultJAONf37');
INSERT INTO responses(survey_instance_id,question_id,answer,user_id) VALUES (12,3,'answer75','Kz0N0Chrab');
INSERT INTO responses(survey_instance_id,question_id,answer,user_id) VALUES (12,4,'answer96','ajpZQMQxEg');
INSERT INTO responses(survey_instance_id,question_id,answer,user_id) VALUES (12,5,'answer2','s69JHsHsnZ');
INSERT INTO responses(survey_instance_id,question_id,answer,user_id) VALUES (12,6,'answer71','wecyCwczyD');
INSERT INTO responses(survey_instance_id,question_id,answer,user_id) VALUES (12,7,'answer79','uNaEcXvmlT');
INSERT INTO responses(survey_instance_id,question_id,answer,user_id) VALUES (12,8,'answer76','dygERuzVNU');
INSERT INTO responses(survey_instance_id,question_id,answer,user_id) VALUES (12,9,'answer93','Qbty25Qe57');
INSERT INTO responses(survey_instance_id,question_id,answer,user_id) VALUES (12,10,'answer60','uctIUe59aU');
INSERT INTO responses(survey_instance_id,question_id,answer,user_id) VALUES (12,11,'answer5','pcnelAJEvs');
INSERT INTO responses(survey_instance_id,question_id,answer,user_id) VALUES (12,12,'answer51','7MzDJNfI3I');
INSERT INTO responses(survey_instance_id,question_id,answer,user_id) VALUES (12,13,'answer21','qjKjejoq3U');
INSERT INTO responses(survey_instance_id,question_id,answer,user_id) VALUES (12,14,'answer21','DYQtGd4unM');
INSERT INTO responses(survey_instance_id,question_id,answer,user_id) VALUES (12,15,'answer98','3CsNbop4zZ');
INSERT INTO responses(survey_instance_id,question_id,answer,user_id) VALUES (12,16,'answer52','e1nJgubt8K');
INSERT INTO responses(survey_instance_id,question_id,answer,user_id) VALUES (12,17,'answer2','tH4Qymj9Tj');
INSERT INTO responses(survey_instance_id,question_id,answer,user_id) VALUES (12,18,'answer27','jBCD22BMc6');
INSERT INTO responses(survey_instance_id,question_id,answer,user_id) VALUES (12,19,'answer13','SfHPfNFmfk');
INSERT INTO responses(survey_instance_id,question_id,answer,user_id) VALUES (12,20,'answer98','oVkKFWhMAz');
INSERT INTO responses(survey_instance_id,question_id,answer,user_id) VALUES (13,1,'answer36','zcscoODIX8');
INSERT INTO responses(survey_instance_id,question_id,answer,user_id) VALUES (13,2,'answer84','Tygo4dhKYe');
INSERT INTO responses(survey_instance_id,question_id,answer,user_id) VALUES (13,3,'answer78','fpkyjE644R');
INSERT INTO responses(survey_instance_id,question_id,answer,user_id) VALUES (13,4,'answer44','qmHK1sl2Vq');
INSERT INTO responses(survey_instance_id,question_id,answer,user_id) VALUES (13,5,'answer12','Gu0dKCoBDl');
INSERT INTO responses(survey_instance_id,question_id,answer,user_id) VALUES (13,6,'answer87','ZbXouMRxsb');
INSERT INTO responses(survey_instance_id,question_id,answer,user_id) VALUES (13,7,'answer61','brS0s9zOxW');
INSERT INTO responses(survey_instance_id,question_id,answer,user_id) VALUES (13,8,'answer27','aPGHSz1WL7');
INSERT INTO responses(survey_instance_id,question_id,answer,user_id) VALUES (13,9,'answer21','pJWN4wNVxL');
INSERT INTO responses(survey_instance_id,question_id,answer,user_id) VALUES (13,10,'answer80','DxdpuuRpqs');
INSERT INTO responses(survey_instance_id,question_id,answer,user_id) VALUES (13,11,'answer17','irS7GwKv8f');
INSERT INTO responses(survey_instance_id,question_id,answer,user_id) VALUES (13,12,'answer99','WtTDdW37By');
INSERT INTO responses(survey_instance_id,question_id,answer,user_id) VALUES (13,13,'answer99','fJ4kU2sXC5');
INSERT INTO responses(survey_instance_id,question_id,answer,user_id) VALUES (13,14,'answer89','gCKjKrtPCc');
INSERT INTO responses(survey_instance_id,question_id,answer,user_id) VALUES (13,15,'answer73','T7WF9Ost9z');
INSERT INTO responses(survey_instance_id,question_id,answer,user_id) VALUES (13,16,'answer38','Yl8ty8V1ZQ');
INSERT INTO responses(survey_instance_id,question_id,answer,user_id) VALUES (13,17,'answer51','VkhyHJvQNC');
INSERT INTO responses(survey_instance_id,question_id,answer,user_id) VALUES (13,18,'answer6','04FyebhtXQ');
INSERT INTO responses(survey_instance_id,question_id,answer,user_id) VALUES (13,19,'answer83','LgHy7fyiGD');
INSERT INTO responses(survey_instance_id,question_id,answer,user_id) VALUES (13,20,'answer22','313XfJjVAJ');
INSERT INTO responses(survey_instance_id,question_id,answer,user_id) VALUES (14,1,'answer65','Raz8u8IIrz');
INSERT INTO responses(survey_instance_id,question_id,answer,user_id) VALUES (14,2,'answer9','5O1hYGNUN2');
INSERT INTO responses(survey_instance_id,question_id,answer,user_id) VALUES (14,3,'answer23','lSOnVEAfQG');
INSERT INTO responses(survey_instance_id,question_id,answer,user_id) VALUES (14,4,'answer92','d80NU8xTb5');
INSERT INTO responses(survey_instance_id,question_id,answer,user_id) VALUES (14,5,'answer40','KZ1ByskXXc');
INSERT INTO responses(survey_instance_id,question_id,answer,user_id) VALUES (14,6,'answer77','UxqSeHxN1g');
INSERT INTO responses(survey_instance_id,question_id,answer,user_id) VALUES (14,7,'answer86','ScSTQSiL5T');
INSERT INTO responses(survey_instance_id,question_id,answer,user_id) VALUES (14,8,'answer53','yJHJKG05GY');
INSERT INTO responses(survey_instance_id,question_id,answer,user_id) VALUES (14,9,'answer99','5o2fkYwXdY');
INSERT INTO responses(survey_instance_id,question_id,answer,user_id) VALUES (14,10,'answer87','qpQAZE0ix6');
INSERT INTO responses(survey_instance_id,question_id,answer,user_id) VALUES (14,11,'answer19','Km3ja4N8J9');
INSERT INTO responses(survey_instance_id,question_id,answer,user_id) VALUES (14,12,'answer1','ZUTOvhh4Mh');
INSERT INTO responses(survey_instance_id,question_id,answer,user_id) VALUES (14,13,'answer89','jf7JKBeTzT');
INSERT INTO responses(survey_instance_id,question_id,answer,user_id) VALUES (14,14,'answer3','chrM9DMRVz');
INSERT INTO responses(survey_instance_id,question_id,answer,user_id) VALUES (14,15,'answer13','sqjBdRevmb');
INSERT INTO responses(survey_instance_id,question_id,answer,user_id) VALUES (14,16,'answer2','LS04RaZf6E');
INSERT INTO responses(survey_instance_id,question_id,answer,user_id) VALUES (14,17,'answer3','9PgzfI45cZ');
INSERT INTO responses(survey_instance_id,question_id,answer,user_id) VALUES (14,18,'answer38','CL1v6xaJJf');
INSERT INTO responses(survey_instance_id,question_id,answer,user_id) VALUES (14,19,'answer51','SyH558nP49');
INSERT INTO responses(survey_instance_id,question_id,answer,user_id) VALUES (14,20,'answer99','oMrOJgEG1E');
INSERT INTO responses(survey_instance_id,question_id,answer,user_id) VALUES (15,1,'answer25','zEpi8llhJo');
INSERT INTO responses(survey_instance_id,question_id,answer,user_id) VALUES (15,2,'answer82','CebQK1ebTS');
INSERT INTO responses(survey_instance_id,question_id,answer,user_id) VALUES (15,3,'answer41','Nhj1tYdiJo');
INSERT INTO responses(survey_instance_id,question_id,answer,user_id) VALUES (15,4,'answer52','cQBy5NiMee');
INSERT INTO responses(survey_instance_id,question_id,answer,user_id) VALUES (15,5,'answer74','rxKKh5dXQJ');
INSERT INTO responses(survey_instance_id,question_id,answer,user_id) VALUES (15,6,'answer55','JQv2ri1Lj2');
INSERT INTO responses(survey_instance_id,question_id,answer,user_id) VALUES (15,7,'answer83','IYT8JSd1MZ');
INSERT INTO responses(survey_instance_id,question_id,answer,user_id) VALUES (15,8,'answer57','uqrzBeMzbo');
INSERT INTO responses(survey_instance_id,question_id,answer,user_id) VALUES (15,9,'answer24','3uCxUIrNns');
INSERT INTO responses(survey_instance_id,question_id,answer,user_id) VALUES (15,10,'answer81','SuVd3yF3FU');
INSERT INTO responses(survey_instance_id,question_id,answer,user_id) VALUES (15,11,'answer28','ZxtKALxt89');
INSERT INTO responses(survey_instance_id,question_id,answer,user_id) VALUES (15,12,'answer80','VetMVAHa37');
INSERT INTO responses(survey_instance_id,question_id,answer,user_id) VALUES (15,13,'answer68','gUD15S0rhI');
INSERT INTO responses(survey_instance_id,question_id,answer,user_id) VALUES (15,14,'answer77','0vh861dv8K');
INSERT INTO responses(survey_instance_id,question_id,answer,user_id) VALUES (15,15,'answer77','cUHJcxUcAK');
INSERT INTO responses(survey_instance_id,question_id,answer,user_id) VALUES (15,16,'answer28','3IA7Eix7iL');
INSERT INTO responses(survey_instance_id,question_id,answer,user_id) VALUES (15,17,'answer7','6DnPysbK0F');
INSERT INTO responses(survey_instance_id,question_id,answer,user_id) VALUES (15,18,'answer82','ps3rtXvaKO');
INSERT INTO responses(survey_instance_id,question_id,answer,user_id) VALUES (15,19,'answer26','jcJinNN0qd');
INSERT INTO responses(survey_instance_id,question_id,answer,user_id) VALUES (15,20,'answer60','ZIPxLxVKD3');
INSERT INTO responses(survey_instance_id,question_id,answer,user_id) VALUES (16,1,'answer21','HbFbcITTiE');
INSERT INTO responses(survey_instance_id,question_id,answer,user_id) VALUES (16,2,'answer62','806ZOm9h7P');
INSERT INTO responses(survey_instance_id,question_id,answer,user_id) VALUES (16,3,'answer63','QMvYqV0VwY');
INSERT INTO responses(survey_instance_id,question_id,answer,user_id) VALUES (16,4,'answer0','VEc9iM1ywg');
INSERT INTO responses(survey_instance_id,question_id,answer,user_id) VALUES (16,5,'answer59','cfHx4S6una');
INSERT INTO responses(survey_instance_id,question_id,answer,user_id) VALUES (16,6,'answer59','f0vG4s2riJ');
INSERT INTO responses(survey_instance_id,question_id,answer,user_id) VALUES (16,7,'answer99','spHtYaysB8');
INSERT INTO responses(survey_instance_id,question_id,answer,user_id) VALUES (16,8,'answer52','xEfJox3f3U');
INSERT INTO responses(survey_instance_id,question_id,answer,user_id) VALUES (16,9,'answer77','hd9bY2MJu3');
INSERT INTO responses(survey_instance_id,question_id,answer,user_id) VALUES (16,10,'answer99','C929eK5qq3');
INSERT INTO responses(survey_instance_id,question_id,answer,user_id) VALUES (16,11,'answer99','bEpZTPmEWt');
INSERT INTO responses(survey_instance_id,question_id,answer,user_id) VALUES (16,12,'answer81','krTjpNeJ3w');
INSERT INTO responses(survey_instance_id,question_id,answer,user_id) VALUES (16,13,'answer33','81bILzVpUt');
INSERT INTO responses(survey_instance_id,question_id,answer,user_id) VALUES (16,14,'answer93','r84X9YSgLJ');
INSERT INTO responses(survey_instance_id,question_id,answer,user_id) VALUES (16,15,'answer88','DFET6mOTAd');
INSERT INTO responses(survey_instance_id,question_id,answer,user_id) VALUES (16,16,'answer86','BPA4gghJxe');
INSERT INTO responses(survey_instance_id,question_id,answer,user_id) VALUES (16,17,'answer39','izGZxx8WlT');
INSERT INTO responses(survey_instance_id,question_id,answer,user_id) VALUES (16,18,'answer92','N8YPPVbcHH');
INSERT INTO responses(survey_instance_id,question_id,answer,user_id) VALUES (16,19,'answer90','WbPqV6xZiW');
INSERT INTO responses(survey_instance_id,question_id,answer,user_id) VALUES (16,20,'answer28','EKnjTriNna');
INSERT INTO responses(survey_instance_id,question_id,answer,user_id) VALUES (17,1,'answer14','Ufo5N2pWxV');
INSERT INTO responses(survey_instance_id,question_id,answer,user_id) VALUES (17,2,'answer75','MEcSh3tLJJ');
INSERT INTO responses(survey_instance_id,question_id,answer,user_id) VALUES (17,3,'answer31','QKHrl4dmYZ');
INSERT INTO responses(survey_instance_id,question_id,answer,user_id) VALUES (17,4,'answer58','33qo4SLOzs');
INSERT INTO responses(survey_instance_id,question_id,answer,user_id) VALUES (17,5,'answer54','UbuOG787Kz');
INSERT INTO responses(survey_instance_id,question_id,answer,user_id) VALUES (17,6,'answer52','QeaPFhb6gt');
INSERT INTO responses(survey_instance_id,question_id,answer,user_id) VALUES (17,7,'answer92','DQbIL1pkqr');
INSERT INTO responses(survey_instance_id,question_id,answer,user_id) VALUES (17,8,'answer75','WAIfNK9RiH');
INSERT INTO responses(survey_instance_id,question_id,answer,user_id) VALUES (17,9,'answer24','0HDcIvkWDc');
INSERT INTO responses(survey_instance_id,question_id,answer,user_id) VALUES (17,10,'answer50','evfqSfXuW9');
INSERT INTO responses(survey_instance_id,question_id,answer,user_id) VALUES (17,11,'answer16','dB8kuOQ2SB');
INSERT INTO responses(survey_instance_id,question_id,answer,user_id) VALUES (17,12,'answer46','bdC2izZxyH');
INSERT INTO responses(survey_instance_id,question_id,answer,user_id) VALUES (17,13,'answer68','PI4cXSRQwr');
INSERT INTO responses(survey_instance_id,question_id,answer,user_id) VALUES (17,14,'answer6','Pej1CEdveJ');
INSERT INTO responses(survey_instance_id,question_id,answer,user_id) VALUES (17,15,'answer88','0ToHWCVOl0');
INSERT INTO responses(survey_instance_id,question_id,answer,user_id) VALUES (17,16,'answer42','kfwxFbMmrD');
INSERT INTO responses(survey_instance_id,question_id,answer,user_id) VALUES (17,17,'answer32','W80x7jPvAn');
INSERT INTO responses(survey_instance_id,question_id,answer,user_id) VALUES (17,18,'answer6','4nRZ5XuQVE');
INSERT INTO responses(survey_instance_id,question_id,answer,user_id) VALUES (17,19,'answer29','w37STOSH1i');
INSERT INTO responses(survey_instance_id,question_id,answer,user_id) VALUES (17,20,'answer93','3rUP3EIgV8');
INSERT INTO responses(survey_instance_id,question_id,answer,user_id) VALUES (18,1,'answer55','bSukhhaK8C');
INSERT INTO responses(survey_instance_id,question_id,answer,user_id) VALUES (18,2,'answer31','5bYey4GzAs');
INSERT INTO responses(survey_instance_id,question_id,answer,user_id) VALUES (18,3,'answer69','1a05nbpyLa');
INSERT INTO responses(survey_instance_id,question_id,answer,user_id) VALUES (18,4,'answer51','oG3QE8sIhf');
INSERT INTO responses(survey_instance_id,question_id,answer,user_id) VALUES (18,5,'answer65','2KL4fQdNEg');
INSERT INTO responses(survey_instance_id,question_id,answer,user_id) VALUES (18,6,'answer31','D1f0ncqQJH');
INSERT INTO responses(survey_instance_id,question_id,answer,user_id) VALUES (18,7,'answer43','ZpZUHoTOUZ');
INSERT INTO responses(survey_instance_id,question_id,answer,user_id) VALUES (18,8,'answer15','BL0VA8Ru31');
INSERT INTO responses(survey_instance_id,question_id,answer,user_id) VALUES (18,9,'answer19','zv6dF8YQL6');
INSERT INTO responses(survey_instance_id,question_id,answer,user_id) VALUES (18,10,'answer86','09hyrGeWZ3');
INSERT INTO responses(survey_instance_id,question_id,answer,user_id) VALUES (18,11,'answer16','EhR3kZoJTh');
INSERT INTO responses(survey_instance_id,question_id,answer,user_id) VALUES (18,12,'answer88','hdw8EIyxrX');
INSERT INTO responses(survey_instance_id,question_id,answer,user_id) VALUES (18,13,'answer62','6QsXm5eChF');
INSERT INTO responses(survey_instance_id,question_id,answer,user_id) VALUES (18,14,'answer34','V3NdYC2d4C');
INSERT INTO responses(survey_instance_id,question_id,answer,user_id) VALUES (18,15,'answer59','2ZbPrLHKUD');
INSERT INTO responses(survey_instance_id,question_id,answer,user_id) VALUES (18,16,'answer54','ZYY5j4da1d');
INSERT INTO responses(survey_instance_id,question_id,answer,user_id) VALUES (18,17,'answer89','aojPrFZV9w');
INSERT INTO responses(survey_instance_id,question_id,answer,user_id) VALUES (18,18,'answer0','GeeuZth89b');
INSERT INTO responses(survey_instance_id,question_id,answer,user_id) VALUES (18,19,'answer76','wSSLd8bWoh');
INSERT INTO responses(survey_instance_id,question_id,answer,user_id) VALUES (18,20,'answer35','PuPbJqBKlM');
INSERT INTO responses(survey_instance_id,question_id,answer,user_id) VALUES (19,1,'answer88','iqFgPtZSwE');
INSERT INTO responses(survey_instance_id,question_id,answer,user_id) VALUES (19,2,'answer44','UiSoFX5da4');
INSERT INTO responses(survey_instance_id,question_id,answer,user_id) VALUES (19,3,'answer31','qSTzVf8z81');
INSERT INTO responses(survey_instance_id,question_id,answer,user_id) VALUES (19,4,'answer51','anR3NVlcZN');
INSERT INTO responses(survey_instance_id,question_id,answer,user_id) VALUES (19,5,'answer33','CcDJ11b1Ej');
INSERT INTO responses(survey_instance_id,question_id,answer,user_id) VALUES (19,6,'answer43','6jo4FvQtwD');
INSERT INTO responses(survey_instance_id,question_id,answer,user_id) VALUES (19,7,'answer72','E0nosEcFvu');
INSERT INTO responses(survey_instance_id,question_id,answer,user_id) VALUES (19,8,'answer47','aBJYymPNGd');
INSERT INTO responses(survey_instance_id,question_id,answer,user_id) VALUES (19,9,'answer98','0iqWGRZMNH');
INSERT INTO responses(survey_instance_id,question_id,answer,user_id) VALUES (19,10,'answer36','bQWF5goJYK');
INSERT INTO responses(survey_instance_id,question_id,answer,user_id) VALUES (19,11,'answer49','taTq5EUBQA');
INSERT INTO responses(survey_instance_id,question_id,answer,user_id) VALUES (19,12,'answer7','fRiwjNY6Td');
INSERT INTO responses(survey_instance_id,question_id,answer,user_id) VALUES (19,13,'answer46','53gFl62fEn');
INSERT INTO responses(survey_instance_id,question_id,answer,user_id) VALUES (19,14,'answer77','3C3wUVpDv4');
INSERT INTO responses(survey_instance_id,question_id,answer,user_id) VALUES (19,15,'answer92','A1p6oYNBuK');
INSERT INTO responses(survey_instance_id,question_id,answer,user_id) VALUES (19,16,'answer98','q1NsVRoC2p');
INSERT INTO responses(survey_instance_id,question_id,answer,user_id) VALUES (19,17,'answer62','zoWQGsrfeQ');
INSERT INTO responses(survey_instance_id,question_id,answer,user_id) VALUES (19,18,'answer24','tSpROC3Buo');
INSERT INTO responses(survey_instance_id,question_id,answer,user_id) VALUES (19,19,'answer22','Q0E2l2WC4i');
INSERT INTO responses(survey_instance_id,question_id,answer,user_id) VALUES (19,20,'answer20','4pWNr8TOdX');
INSERT INTO responses(survey_instance_id,question_id,answer,user_id) VALUES (20,1,'answer81','JTFc0h2rDt');
INSERT INTO responses(survey_instance_id,question_id,answer,user_id) VALUES (20,2,'answer7','FYcdHvsT71');
INSERT INTO responses(survey_instance_id,question_id,answer,user_id) VALUES (20,3,'answer65','n2La3ZrOUt');
INSERT INTO responses(survey_instance_id,question_id,answer,user_id) VALUES (20,4,'answer50','ucT9ePM3Iv');
INSERT INTO responses(survey_instance_id,question_id,answer,user_id) VALUES (20,5,'answer13','CW9s1Fef9C');
INSERT INTO responses(survey_instance_id,question_id,answer,user_id) VALUES (20,6,'answer43','DxpSoWn9n1');
INSERT INTO responses(survey_instance_id,question_id,answer,user_id) VALUES (20,7,'answer3','4afWaqeXeu');
INSERT INTO responses(survey_instance_id,question_id,answer,user_id) VALUES (20,8,'answer64','FjkpgjvKIN');
INSERT INTO responses(survey_instance_id,question_id,answer,user_id) VALUES (20,9,'answer20','mqNMiVxk3N');
INSERT INTO responses(survey_instance_id,question_id,answer,user_id) VALUES (20,10,'answer80','npa9zpjuKP');
INSERT INTO responses(survey_instance_id,question_id,answer,user_id) VALUES (20,11,'answer10','oaw1CyZjnI');
INSERT INTO responses(survey_instance_id,question_id,answer,user_id) VALUES (20,12,'answer22','KDtoCjN8Oo');
INSERT INTO responses(survey_instance_id,question_id,answer,user_id) VALUES (20,13,'answer75','bq1Q30hEEv');
INSERT INTO responses(survey_instance_id,question_id,answer,user_id) VALUES (20,14,'answer42','34cy3yDnaJ');
INSERT INTO responses(survey_instance_id,question_id,answer,user_id) VALUES (20,15,'answer14','77IxoB8std');
INSERT INTO responses(survey_instance_id,question_id,answer,user_id) VALUES (20,16,'answer19','MAhpzpUrVL');
INSERT INTO responses(survey_instance_id,question_id,answer,user_id) VALUES (20,17,'answer15','wWFNdYTPCT');
INSERT INTO responses(survey_instance_id,question_id,answer,user_id) VALUES (20,18,'answer37','H6wuLqfvmC');
INSERT INTO responses(survey_instance_id,question_id,answer,user_id) VALUES (20,19,'answer24','T64RPB9MeG');
INSERT INTO responses(survey_instance_id,question_id,answer,user_id) VALUES (20,20,'answer47','BmULzZLXUn');
INSERT INTO responses(survey_instance_id,question_id,answer,user_id) VALUES (21,1,'answer95','x6jFjdJIGl');
INSERT INTO responses(survey_instance_id,question_id,answer,user_id) VALUES (21,2,'answer71','weuLZdrxEN');
INSERT INTO responses(survey_instance_id,question_id,answer,user_id) VALUES (21,3,'answer70','dEjaK9fq3n');
INSERT INTO responses(survey_instance_id,question_id,answer,user_id) VALUES (21,4,'answer32','wdTDJY1tx5');
INSERT INTO responses(survey_instance_id,question_id,answer,user_id) VALUES (21,5,'answer25','VEbKUmSyxI');
INSERT INTO responses(survey_instance_id,question_id,answer,user_id) VALUES (21,6,'answer18','beYkBBfMip');
INSERT INTO responses(survey_instance_id,question_id,answer,user_id) VALUES (21,7,'answer61','WJpw4COAuO');
INSERT INTO responses(survey_instance_id,question_id,answer,user_id) VALUES (21,8,'answer33','MOyajI6O5X');
INSERT INTO responses(survey_instance_id,question_id,answer,user_id) VALUES (21,9,'answer8','i4svwEYD9L');
INSERT INTO responses(survey_instance_id,question_id,answer,user_id) VALUES (21,10,'answer47','0OtNN31WTv');
INSERT INTO responses(survey_instance_id,question_id,answer,user_id) VALUES (21,11,'answer1','HC0cEV7o16');
INSERT INTO responses(survey_instance_id,question_id,answer,user_id) VALUES (21,12,'answer50','GJFyKyKSQo');
INSERT INTO responses(survey_instance_id,question_id,answer,user_id) VALUES (21,13,'answer45','cA4AWDy2ql');
INSERT INTO responses(survey_instance_id,question_id,answer,user_id) VALUES (21,14,'answer97','AOJnz72oq8');
INSERT INTO responses(survey_instance_id,question_id,answer,user_id) VALUES (21,15,'answer77','nIffX6yZce');
INSERT INTO responses(survey_instance_id,question_id,answer,user_id) VALUES (21,16,'answer23','x2RwG8PqnM');
INSERT INTO responses(survey_instance_id,question_id,answer,user_id) VALUES (21,17,'answer45','oeeGzfLwa8');
INSERT INTO responses(survey_instance_id,question_id,answer,user_id) VALUES (21,18,'answer7','mwe9usnpe3');
INSERT INTO responses(survey_instance_id,question_id,answer,user_id) VALUES (21,19,'answer54','jJuJPKYaCH');
INSERT INTO responses(survey_instance_id,question_id,answer,user_id) VALUES (21,20,'answer17','nf3Mgd3tDJ');
INSERT INTO responses(survey_instance_id,question_id,answer,user_id) VALUES (22,1,'answer76','8K4TXt0JiE');
INSERT INTO responses(survey_instance_id,question_id,answer,user_id) VALUES (22,2,'answer0','MuslTmTDdr');
INSERT INTO responses(survey_instance_id,question_id,answer,user_id) VALUES (22,3,'answer30','p27A8msRjI');
INSERT INTO responses(survey_instance_id,question_id,answer,user_id) VALUES (22,4,'answer56','kbVsiSA2WC');
INSERT INTO responses(survey_instance_id,question_id,answer,user_id) VALUES (22,5,'answer5','ZtSNfhfKeU');
INSERT INTO responses(survey_instance_id,question_id,answer,user_id) VALUES (22,6,'answer89','vqmdLeoc9N');
INSERT INTO responses(survey_instance_id,question_id,answer,user_id) VALUES (22,7,'answer15','y5B25Uwwgc');
INSERT INTO responses(survey_instance_id,question_id,answer,user_id) VALUES (22,8,'answer18','NsKgJVRMyu');
INSERT INTO responses(survey_instance_id,question_id,answer,user_id) VALUES (22,9,'answer31','kkhgd3ytWa');
INSERT INTO responses(survey_instance_id,question_id,answer,user_id) VALUES (22,10,'answer3','gPQmO3Qqxv');
INSERT INTO responses(survey_instance_id,question_id,answer,user_id) VALUES (22,11,'answer72','teDKJPOfm0');
INSERT INTO responses(survey_instance_id,question_id,answer,user_id) VALUES (22,12,'answer28','Hfu1wHApCs');
INSERT INTO responses(survey_instance_id,question_id,answer,user_id) VALUES (22,13,'answer47','RtVSpmUkFK');
INSERT INTO responses(survey_instance_id,question_id,answer,user_id) VALUES (22,14,'answer44','mFdADwsr2z');
INSERT INTO responses(survey_instance_id,question_id,answer,user_id) VALUES (22,15,'answer56','hhqzxTMrPQ');
INSERT INTO responses(survey_instance_id,question_id,answer,user_id) VALUES (22,16,'answer8','G4uwVKbF4E');
INSERT INTO responses(survey_instance_id,question_id,answer,user_id) VALUES (22,17,'answer23','pcsIf4Qt9r');
INSERT INTO responses(survey_instance_id,question_id,answer,user_id) VALUES (22,18,'answer95','DJZGZr97QI');
INSERT INTO responses(survey_instance_id,question_id,answer,user_id) VALUES (22,19,'answer10','7h8TNuJGHW');
INSERT INTO responses(survey_instance_id,question_id,answer,user_id) VALUES (22,20,'answer2','vR4Jlle6iR');
INSERT INTO responses(survey_instance_id,question_id,answer,user_id) VALUES (23,1,'answer54','2ZgCPzzTo9');
INSERT INTO responses(survey_instance_id,question_id,answer,user_id) VALUES (23,2,'answer94','mTBQVpqrNM');
INSERT INTO responses(survey_instance_id,question_id,answer,user_id) VALUES (23,3,'answer61','1dvlkXD0aB');
INSERT INTO responses(survey_instance_id,question_id,answer,user_id) VALUES (23,4,'answer35','O0aIGpMVjJ');
INSERT INTO responses(survey_instance_id,question_id,answer,user_id) VALUES (23,5,'answer58','ndgOZ0wdgC');
INSERT INTO responses(survey_instance_id,question_id,answer,user_id) VALUES (23,6,'answer15','toNZnN4l77');
INSERT INTO responses(survey_instance_id,question_id,answer,user_id) VALUES (23,7,'answer78','cg00q1L5aD');
INSERT INTO responses(survey_instance_id,question_id,answer,user_id) VALUES (23,8,'answer85','zGBfT81YKK');
INSERT INTO responses(survey_instance_id,question_id,answer,user_id) VALUES (23,9,'answer87','CUgrRXjTdU');
INSERT INTO responses(survey_instance_id,question_id,answer,user_id) VALUES (23,10,'answer15','oPmVHpN0Bi');
INSERT INTO responses(survey_instance_id,question_id,answer,user_id) VALUES (23,11,'answer52','DSjVoO0591');
INSERT INTO responses(survey_instance_id,question_id,answer,user_id) VALUES (23,12,'answer21','zEwadEh80y');
INSERT INTO responses(survey_instance_id,question_id,answer,user_id) VALUES (23,13,'answer71','CLQcpZ4sD1');
INSERT INTO responses(survey_instance_id,question_id,answer,user_id) VALUES (23,14,'answer73','TDMMWLAgog');
INSERT INTO responses(survey_instance_id,question_id,answer,user_id) VALUES (23,15,'answer35','EFBta1FriP');
INSERT INTO responses(survey_instance_id,question_id,answer,user_id) VALUES (23,16,'answer24','6BHiiMQKrR');
INSERT INTO responses(survey_instance_id,question_id,answer,user_id) VALUES (23,17,'answer85','vjCbpbhhIY');
INSERT INTO responses(survey_instance_id,question_id,answer,user_id) VALUES (23,18,'answer52','u6KzsOoFnX');
INSERT INTO responses(survey_instance_id,question_id,answer,user_id) VALUES (23,19,'answer18','VkceVIgkWJ');
INSERT INTO responses(survey_instance_id,question_id,answer,user_id) VALUES (23,20,'answer58','zRGa0WmJ2j');
INSERT INTO responses(survey_instance_id,question_id,answer,user_id) VALUES (24,1,'answer1','ZLkWVVZp0b');
INSERT INTO responses(survey_instance_id,question_id,answer,user_id) VALUES (24,2,'answer71','6wG1J2eBQx');
INSERT INTO responses(survey_instance_id,question_id,answer,user_id) VALUES (24,3,'answer30','oH7fYvDugf');
INSERT INTO responses(survey_instance_id,question_id,answer,user_id) VALUES (24,4,'answer35','WqXAz9SyZA');
INSERT INTO responses(survey_instance_id,question_id,answer,user_id) VALUES (24,5,'answer6','dUiL1HO2fl');
INSERT INTO responses(survey_instance_id,question_id,answer,user_id) VALUES (24,6,'answer98','3JW5bsDSul');
INSERT INTO responses(survey_instance_id,question_id,answer,user_id) VALUES (24,7,'answer2','HFt8g55r0B');
INSERT INTO responses(survey_instance_id,question_id,answer,user_id) VALUES (24,8,'answer57','EupYEZOtmI');
INSERT INTO responses(survey_instance_id,question_id,answer,user_id) VALUES (24,9,'answer51','ZUV8Agk3fi');
INSERT INTO responses(survey_instance_id,question_id,answer,user_id) VALUES (24,10,'answer17','GpfnBgpYf8');
INSERT INTO responses(survey_instance_id,question_id,answer,user_id) VALUES (24,11,'answer10','4tN0J79278');
INSERT INTO responses(survey_instance_id,question_id,answer,user_id) VALUES (24,12,'answer1','Y9mV7vwTuN');
INSERT INTO responses(survey_instance_id,question_id,answer,user_id) VALUES (24,13,'answer1','s8c2Tjgg63');
INSERT INTO responses(survey_instance_id,question_id,answer,user_id) VALUES (24,14,'answer50','egpqV1CDxn');
INSERT INTO responses(survey_instance_id,question_id,answer,user_id) VALUES (24,15,'answer76','cAJDu81sKr');
INSERT INTO responses(survey_instance_id,question_id,answer,user_id) VALUES (24,16,'answer80','KGwVdjAEpj');
INSERT INTO responses(survey_instance_id,question_id,answer,user_id) VALUES (24,17,'answer24','vhX37JLyX2');
INSERT INTO responses(survey_instance_id,question_id,answer,user_id) VALUES (24,18,'answer93','Z3jkLd8yCD');
INSERT INTO responses(survey_instance_id,question_id,answer,user_id) VALUES (24,19,'answer70','XhI9JPK9wu');
INSERT INTO responses(survey_instance_id,question_id,answer,user_id) VALUES (24,20,'answer47','seQlmdfJ6G');
INSERT INTO responses(survey_instance_id,question_id,answer,user_id) VALUES (25,1,'answer31','o9qRo33hxn');
INSERT INTO responses(survey_instance_id,question_id,answer,user_id) VALUES (25,2,'answer14','ov70dHcMrV');
INSERT INTO responses(survey_instance_id,question_id,answer,user_id) VALUES (25,3,'answer97','6Wyu5aD0GB');
INSERT INTO responses(survey_instance_id,question_id,answer,user_id) VALUES (25,4,'answer89','XSHH0EecTy');
INSERT INTO responses(survey_instance_id,question_id,answer,user_id) VALUES (25,5,'answer18','w4Scsw9LkJ');
INSERT INTO responses(survey_instance_id,question_id,answer,user_id) VALUES (25,6,'answer91','5IoNt4KY0B');
INSERT INTO responses(survey_instance_id,question_id,answer,user_id) VALUES (25,7,'answer63','rOPCdfeu00');
INSERT INTO responses(survey_instance_id,question_id,answer,user_id) VALUES (25,8,'answer50','qfWkFBO6Fp');
INSERT INTO responses(survey_instance_id,question_id,answer,user_id) VALUES (25,9,'answer36','5RpVf4dxBH');
INSERT INTO responses(survey_instance_id,question_id,answer,user_id) VALUES (25,10,'answer33','rU7kDa64Rv');
INSERT INTO responses(survey_instance_id,question_id,answer,user_id) VALUES (25,11,'answer77','WNWsn4ZYDf');
INSERT INTO responses(survey_instance_id,question_id,answer,user_id) VALUES (25,12,'answer99','BbT8pNVfVl');
INSERT INTO responses(survey_instance_id,question_id,answer,user_id) VALUES (25,13,'answer71','KsP8qnr3PO');
INSERT INTO responses(survey_instance_id,question_id,answer,user_id) VALUES (25,14,'answer51','gnYop4jBKQ');
INSERT INTO responses(survey_instance_id,question_id,answer,user_id) VALUES (25,15,'answer32','vFE9YCktlu');
INSERT INTO responses(survey_instance_id,question_id,answer,user_id) VALUES (25,16,'answer62','52RgJoGiwy');
INSERT INTO responses(survey_instance_id,question_id,answer,user_id) VALUES (25,17,'answer35','KmFGYbHbMB');
INSERT INTO responses(survey_instance_id,question_id,answer,user_id) VALUES (25,18,'answer71','6pTdmsOSll');
INSERT INTO responses(survey_instance_id,question_id,answer,user_id) VALUES (25,19,'answer82','4tw17fW5LC');
INSERT INTO responses(survey_instance_id,question_id,answer,user_id) VALUES (25,20,'answer97','lQ5MvUJIZQ');
INSERT INTO responses(survey_instance_id,question_id,answer,user_id) VALUES (26,1,'answer9','9X5QW4BMGK');
INSERT INTO responses(survey_instance_id,question_id,answer,user_id) VALUES (26,2,'answer93','WYWXXp6xBr');
INSERT INTO responses(survey_instance_id,question_id,answer,user_id) VALUES (26,3,'answer40','234HtGHalt');
INSERT INTO responses(survey_instance_id,question_id,answer,user_id) VALUES (26,4,'answer49','pjRul0Ci2k');
INSERT INTO responses(survey_instance_id,question_id,answer,user_id) VALUES (26,5,'answer40','ohcCgDiFYx');
INSERT INTO responses(survey_instance_id,question_id,answer,user_id) VALUES (26,6,'answer18','i8tNUHQS9J');
INSERT INTO responses(survey_instance_id,question_id,answer,user_id) VALUES (26,7,'answer60','zKqvSdfncS');
INSERT INTO responses(survey_instance_id,question_id,answer,user_id) VALUES (26,8,'answer52','0ATwSQeuLs');
INSERT INTO responses(survey_instance_id,question_id,answer,user_id) VALUES (26,9,'answer46','KrruEA0ARx');
INSERT INTO responses(survey_instance_id,question_id,answer,user_id) VALUES (26,10,'answer98','Pz30JmDxvJ');
INSERT INTO responses(survey_instance_id,question_id,answer,user_id) VALUES (26,11,'answer11','fVftlPv1uB');
INSERT INTO responses(survey_instance_id,question_id,answer,user_id) VALUES (26,12,'answer69','4aufzNxGRG');
INSERT INTO responses(survey_instance_id,question_id,answer,user_id) VALUES (26,13,'answer25','dX8krg4C8D');
INSERT INTO responses(survey_instance_id,question_id,answer,user_id) VALUES (26,14,'answer15','5bpMq6wYFq');
INSERT INTO responses(survey_instance_id,question_id,answer,user_id) VALUES (26,15,'answer31','oVwcXdBBLp');
INSERT INTO responses(survey_instance_id,question_id,answer,user_id) VALUES (26,16,'answer17','89WspyQ6Zi');
INSERT INTO responses(survey_instance_id,question_id,answer,user_id) VALUES (26,17,'answer28','K3X6Ebfoin');
INSERT INTO responses(survey_instance_id,question_id,answer,user_id) VALUES (26,18,'answer65','P4lRjuqjSF');
INSERT INTO responses(survey_instance_id,question_id,answer,user_id) VALUES (26,19,'answer78','pHI7zSVJxj');
INSERT INTO responses(survey_instance_id,question_id,answer,user_id) VALUES (26,20,'answer76','u6lJMftJW0');
INSERT INTO responses(survey_instance_id,question_id,answer,user_id) VALUES (27,1,'answer94','GyiTWIM3HC');
INSERT INTO responses(survey_instance_id,question_id,answer,user_id) VALUES (27,2,'answer86','fojiC5Ctmy');
INSERT INTO responses(survey_instance_id,question_id,answer,user_id) VALUES (27,3,'answer49','HLMyBbGxpX');
INSERT INTO responses(survey_instance_id,question_id,answer,user_id) VALUES (27,4,'answer90','u1DHR0YNG4');
INSERT INTO responses(survey_instance_id,question_id,answer,user_id) VALUES (27,5,'answer2','DlszNPPyS3');
INSERT INTO responses(survey_instance_id,question_id,answer,user_id) VALUES (27,6,'answer8','xqDqdhCann');
INSERT INTO responses(survey_instance_id,question_id,answer,user_id) VALUES (27,7,'answer27','QNhUpaVnec');
INSERT INTO responses(survey_instance_id,question_id,answer,user_id) VALUES (27,8,'answer53','hgWOduaNar');
INSERT INTO responses(survey_instance_id,question_id,answer,user_id) VALUES (27,9,'answer22','GvGhwv5eOb');
INSERT INTO responses(survey_instance_id,question_id,answer,user_id) VALUES (27,10,'answer51','Es3nS9sCVf');
INSERT INTO responses(survey_instance_id,question_id,answer,user_id) VALUES (27,11,'answer15','DAsCyTvUDU');
INSERT INTO responses(survey_instance_id,question_id,answer,user_id) VALUES (27,12,'answer95','lgOd262GXC');
INSERT INTO responses(survey_instance_id,question_id,answer,user_id) VALUES (27,13,'answer9','DuyMt3c3xN');
INSERT INTO responses(survey_instance_id,question_id,answer,user_id) VALUES (27,14,'answer8','CP0jAJtNiQ');
INSERT INTO responses(survey_instance_id,question_id,answer,user_id) VALUES (27,15,'answer0','bz8cLr1D0d');
INSERT INTO responses(survey_instance_id,question_id,answer,user_id) VALUES (27,16,'answer77','XjhcN4xpjE');
INSERT INTO responses(survey_instance_id,question_id,answer,user_id) VALUES (27,17,'answer34','XGTwnjAQwW');
INSERT INTO responses(survey_instance_id,question_id,answer,user_id) VALUES (27,18,'answer14','blrAfvX83r');
INSERT INTO responses(survey_instance_id,question_id,answer,user_id) VALUES (27,19,'answer63','lbo65oeeju');
INSERT INTO responses(survey_instance_id,question_id,answer,user_id) VALUES (27,20,'answer4','gznl45et0W');
INSERT INTO responses(survey_instance_id,question_id,answer,user_id) VALUES (28,1,'answer8','myl27WgseO');
INSERT INTO responses(survey_instance_id,question_id,answer,user_id) VALUES (28,2,'answer13','24wjYWJ8mB');
INSERT INTO responses(survey_instance_id,question_id,answer,user_id) VALUES (28,3,'answer47','Tl3N7n3Xrw');
INSERT INTO responses(survey_instance_id,question_id,answer,user_id) VALUES (28,4,'answer20','zmcb3a99l9');
INSERT INTO responses(survey_instance_id,question_id,answer,user_id) VALUES (28,5,'answer79','5tR9SyoDLs');
INSERT INTO responses(survey_instance_id,question_id,answer,user_id) VALUES (28,6,'answer67','HzL3TRHEnx');
INSERT INTO responses(survey_instance_id,question_id,answer,user_id) VALUES (28,7,'answer94','RM7kgg2CKy');
INSERT INTO responses(survey_instance_id,question_id,answer,user_id) VALUES (28,8,'answer56','Ss9WIGu4cS');
INSERT INTO responses(survey_instance_id,question_id,answer,user_id) VALUES (28,9,'answer6','zLFM6ymi1E');
INSERT INTO responses(survey_instance_id,question_id,answer,user_id) VALUES (28,10,'answer35','U78bFR4EkN');
INSERT INTO responses(survey_instance_id,question_id,answer,user_id) VALUES (28,11,'answer88','OgSQBygH4A');
INSERT INTO responses(survey_instance_id,question_id,answer,user_id) VALUES (28,12,'answer21','ErLl5mHC4g');
INSERT INTO responses(survey_instance_id,question_id,answer,user_id) VALUES (28,13,'answer96','nQyLQPdSn8');
INSERT INTO responses(survey_instance_id,question_id,answer,user_id) VALUES (28,14,'answer18','BtaOkvqGdF');
INSERT INTO responses(survey_instance_id,question_id,answer,user_id) VALUES (28,15,'answer81','URbal5rSNm');
INSERT INTO responses(survey_instance_id,question_id,answer,user_id) VALUES (28,16,'answer61','0TKBt68O8m');
INSERT INTO responses(survey_instance_id,question_id,answer,user_id) VALUES (28,17,'answer44','P8qRqTpKiv');
INSERT INTO responses(survey_instance_id,question_id,answer,user_id) VALUES (28,18,'answer11','8i5VPacO2s');
INSERT INTO responses(survey_instance_id,question_id,answer,user_id) VALUES (28,19,'answer46','w7w6hVQzk5');
INSERT INTO responses(survey_instance_id,question_id,answer,user_id) VALUES (28,20,'answer25','ubknj4yGia');
INSERT INTO responses(survey_instance_id,question_id,answer,user_id) VALUES (29,1,'answer54','J37hP6WwD4');
INSERT INTO responses(survey_instance_id,question_id,answer,user_id) VALUES (29,2,'answer87','43i0MZ8JWC');
INSERT INTO responses(survey_instance_id,question_id,answer,user_id) VALUES (29,3,'answer90','1eGZ74Cm2s');
INSERT INTO responses(survey_instance_id,question_id,answer,user_id) VALUES (29,4,'answer42','JCgGiqWmMP');
INSERT INTO responses(survey_instance_id,question_id,answer,user_id) VALUES (29,5,'answer32','GjDpBOctWJ');
INSERT INTO responses(survey_instance_id,question_id,answer,user_id) VALUES (29,6,'answer36','CmKYLPnNqQ');
INSERT INTO responses(survey_instance_id,question_id,answer,user_id) VALUES (29,7,'answer89','yxXGlNhIW7');
INSERT INTO responses(survey_instance_id,question_id,answer,user_id) VALUES (29,8,'answer2','t9w6WAkoam');
INSERT INTO responses(survey_instance_id,question_id,answer,user_id) VALUES (29,9,'answer6','zDW8qnIClR');
INSERT INTO responses(survey_instance_id,question_id,answer,user_id) VALUES (29,10,'answer40','08G90xtemp');
INSERT INTO responses(survey_instance_id,question_id,answer,user_id) VALUES (29,11,'answer18','g1oiNXvhRN');
INSERT INTO responses(survey_instance_id,question_id,answer,user_id) VALUES (29,12,'answer13','lFtVgqoi52');
INSERT INTO responses(survey_instance_id,question_id,answer,user_id) VALUES (29,13,'answer84','Rn8dbkfdDq');
INSERT INTO responses(survey_instance_id,question_id,answer,user_id) VALUES (29,14,'answer26','QkXfTTusG0');
INSERT INTO responses(survey_instance_id,question_id,answer,user_id) VALUES (29,15,'answer47','QvBqvVyg51');
INSERT INTO responses(survey_instance_id,question_id,answer,user_id) VALUES (29,16,'answer60','quYqcJzlxl');
INSERT INTO responses(survey_instance_id,question_id,answer,user_id) VALUES (29,17,'answer77','kELghOoI4d');
INSERT INTO responses(survey_instance_id,question_id,answer,user_id) VALUES (29,18,'answer74','3euLPOvO8c');
INSERT INTO responses(survey_instance_id,question_id,answer,user_id) VALUES (29,19,'answer2','cxH6RKntL1');
INSERT INTO responses(survey_instance_id,question_id,answer,user_id) VALUES (29,20,'answer14','sK4e0a7Q9P');
INSERT INTO responses(survey_instance_id,question_id,answer,user_id) VALUES (30,1,'answer47','NHH0hTZtgO');
INSERT INTO responses(survey_instance_id,question_id,answer,user_id) VALUES (30,2,'answer70','jmzmOKBU6t');
INSERT INTO responses(survey_instance_id,question_id,answer,user_id) VALUES (30,3,'answer21','SaNmauQvPq');
INSERT INTO responses(survey_instance_id,question_id,answer,user_id) VALUES (30,4,'answer72','qgwKR1B3WJ');
INSERT INTO responses(survey_instance_id,question_id,answer,user_id) VALUES (30,5,'answer61','vTTZqGXyjK');
INSERT INTO responses(survey_instance_id,question_id,answer,user_id) VALUES (30,6,'answer96','4TBUlm4jxd');
INSERT INTO responses(survey_instance_id,question_id,answer,user_id) VALUES (30,7,'answer42','zEIghoAX4l');
INSERT INTO responses(survey_instance_id,question_id,answer,user_id) VALUES (30,8,'answer13','fsLSijVoSn');
INSERT INTO responses(survey_instance_id,question_id,answer,user_id) VALUES (30,9,'answer28','08PwEknvj0');
INSERT INTO responses(survey_instance_id,question_id,answer,user_id) VALUES (30,10,'answer26','yolxo1fJoZ');
INSERT INTO responses(survey_instance_id,question_id,answer,user_id) VALUES (30,11,'answer21','GwaRFBmQD4');
INSERT INTO responses(survey_instance_id,question_id,answer,user_id) VALUES (30,12,'answer11','JgjvPEvnkR');
INSERT INTO responses(survey_instance_id,question_id,answer,user_id) VALUES (30,13,'answer13','qqTISsLbBE');
INSERT INTO responses(survey_instance_id,question_id,answer,user_id) VALUES (30,14,'answer70','VAmRdCWEPW');
INSERT INTO responses(survey_instance_id,question_id,answer,user_id) VALUES (30,15,'answer81','abbN3ZV2yO');
INSERT INTO responses(survey_instance_id,question_id,answer,user_id) VALUES (30,16,'answer48','O8PCXmgtL9');
INSERT INTO responses(survey_instance_id,question_id,answer,user_id) VALUES (30,17,'answer16','Umt7VQe2hY');
INSERT INTO responses(survey_instance_id,question_id,answer,user_id) VALUES (30,18,'answer0','Rwxcomyuf5');
INSERT INTO responses(survey_instance_id,question_id,answer,user_id) VALUES (30,19,'answer23','5IR465ffM7');
INSERT INTO responses(survey_instance_id,question_id,answer,user_id) VALUES (30,20,'answer49','M7Qwbpetjj');
